[0.061s] DEBUG:colcon:Command line arguments: ['/usr/bin/colcon', 'build']
[0.061s] DEBUG:colcon:Parsed command line arguments: Namespace(log_base=None, log_level=None, verb_name='build', build_base='build', install_base='install', merge_install=False, symlink_install=False, test_result_base=None, continue_on_error=False, executor='parallel', parallel_workers=20, event_handlers=None, ignore_user_meta=False, metas=['./colcon.meta'], base_paths=['.'], packages_ignore=None, packages_ignore_regex=None, paths=None, packages_up_to=None, packages_up_to_regex=None, packages_above=None, packages_above_and_dependencies=None, packages_above_depth=None, packages_select_by_dep=None, packages_skip_by_dep=None, packages_skip_up_to=None, packages_select_build_failed=False, packages_skip_build_finished=False, packages_select_test_failures=False, packages_skip_test_passed=False, packages_select=None, packages_skip=None, packages_select_regex=None, packages_skip_regex=None, packages_start=None, packages_end=None, allow_overriding=[], cmake_args=None, cmake_target=None, cmake_target_skip_unavailable=False, cmake_clean_cache=False, cmake_clean_first=False, cmake_force_configure=False, ament_cmake_args=None, catkin_cmake_args=None, catkin_skip_building_tests=False, verb_parser=<colcon_defaults.argument_parser.defaults.DefaultArgumentsDecorator object at 0x76d8a5169b70>, verb_extension=<colcon_core.verb.build.BuildVerb object at 0x76d8a51695a0>, main=<bound method BuildVerb.main of <colcon_core.verb.build.BuildVerb object at 0x76d8a51695a0>>)
[0.164s] Level 1:colcon.colcon_core.package_discovery:discover_packages(colcon_meta) check parameters
[0.164s] Level 1:colcon.colcon_core.package_discovery:discover_packages(recursive) check parameters
[0.164s] Level 1:colcon.colcon_core.package_discovery:discover_packages(ignore) check parameters
[0.164s] Level 1:colcon.colcon_core.package_discovery:discover_packages(path) check parameters
[0.164s] Level 1:colcon.colcon_core.package_discovery:discover_packages(colcon_meta) discover
[0.164s] Level 1:colcon.colcon_core.package_discovery:discover_packages(recursive) discover
[0.164s] INFO:colcon.colcon_core.package_discovery:Crawling recursively for packages in '/home/angelina/EAT40005-Project/ros2_ws'
[0.164s] Level 1:colcon.colcon_core.package_identification:_identify(.) by extensions ['ignore', 'ignore_ament_install']
[0.164s] Level 1:colcon.colcon_core.package_identification:_identify(.) by extension 'ignore'
[0.164s] Level 1:colcon.colcon_core.package_identification:_identify(.) by extension 'ignore_ament_install'
[0.164s] Level 1:colcon.colcon_core.package_identification:_identify(.) by extensions ['colcon_pkg']
[0.164s] Level 1:colcon.colcon_core.package_identification:_identify(.) by extension 'colcon_pkg'
[0.164s] Level 1:colcon.colcon_core.package_identification:_identify(.) by extensions ['colcon_meta']
[0.164s] Level 1:colcon.colcon_core.package_identification:_identify(.) by extension 'colcon_meta'
[0.164s] Level 1:colcon.colcon_core.package_identification:_identify(.) by extensions ['ros']
[0.164s] Level 1:colcon.colcon_core.package_identification:_identify(.) by extension 'ros'
[0.173s] Level 1:colcon.colcon_core.package_identification:_identify(.) by extensions ['cmake', 'python']
[0.173s] Level 1:colcon.colcon_core.package_identification:_identify(.) by extension 'cmake'
[0.173s] Level 1:colcon.colcon_core.package_identification:_identify(.) by extension 'python'
[0.173s] Level 1:colcon.colcon_core.package_identification:_identify(.) by extensions ['python_setup_py']
[0.173s] Level 1:colcon.colcon_core.package_identification:_identify(.) by extension 'python_setup_py'
[0.174s] Level 1:colcon.colcon_core.package_identification:_identify(build) by extensions ['ignore', 'ignore_ament_install']
[0.174s] Level 1:colcon.colcon_core.package_identification:_identify(build) by extension 'ignore'
[0.174s] Level 1:colcon.colcon_core.package_identification:_identify(build) ignored
[0.174s] Level 1:colcon.colcon_core.package_identification:_identify(install) by extensions ['ignore', 'ignore_ament_install']
[0.174s] Level 1:colcon.colcon_core.package_identification:_identify(install) by extension 'ignore'
[0.174s] Level 1:colcon.colcon_core.package_identification:_identify(install) ignored
[0.174s] Level 1:colcon.colcon_core.package_identification:_identify(log) by extensions ['ignore', 'ignore_ament_install']
[0.174s] Level 1:colcon.colcon_core.package_identification:_identify(log) by extension 'ignore'
[0.174s] Level 1:colcon.colcon_core.package_identification:_identify(log) ignored
[0.174s] Level 1:colcon.colcon_core.package_identification:_identify(src) by extensions ['ignore', 'ignore_ament_install']
[0.174s] Level 1:colcon.colcon_core.package_identification:_identify(src) by extension 'ignore'
[0.174s] Level 1:colcon.colcon_core.package_identification:_identify(src) by extension 'ignore_ament_install'
[0.174s] Level 1:colcon.colcon_core.package_identification:_identify(src) by extensions ['colcon_pkg']
[0.174s] Level 1:colcon.colcon_core.package_identification:_identify(src) by extension 'colcon_pkg'
[0.174s] Level 1:colcon.colcon_core.package_identification:_identify(src) by extensions ['colcon_meta']
[0.174s] Level 1:colcon.colcon_core.package_identification:_identify(src) by extension 'colcon_meta'
[0.174s] Level 1:colcon.colcon_core.package_identification:_identify(src) by extensions ['ros']
[0.174s] Level 1:colcon.colcon_core.package_identification:_identify(src) by extension 'ros'
[0.175s] Level 1:colcon.colcon_core.package_identification:_identify(src) by extensions ['cmake', 'python']
[0.175s] Level 1:colcon.colcon_core.package_identification:_identify(src) by extension 'cmake'
[0.175s] Level 1:colcon.colcon_core.package_identification:_identify(src) by extension 'python'
[0.175s] Level 1:colcon.colcon_core.package_identification:_identify(src) by extensions ['python_setup_py']
[0.175s] Level 1:colcon.colcon_core.package_identification:_identify(src) by extension 'python_setup_py'
[0.175s] Level 1:colcon.colcon_core.package_identification:_identify(src/cam_lidar_tools) by extensions ['ignore', 'ignore_ament_install']
[0.175s] Level 1:colcon.colcon_core.package_identification:_identify(src/cam_lidar_tools) by extension 'ignore'
[0.175s] Level 1:colcon.colcon_core.package_identification:_identify(src/cam_lidar_tools) by extension 'ignore_ament_install'
[0.175s] Level 1:colcon.colcon_core.package_identification:_identify(src/cam_lidar_tools) by extensions ['colcon_pkg']
[0.175s] Level 1:colcon.colcon_core.package_identification:_identify(src/cam_lidar_tools) by extension 'colcon_pkg'
[0.175s] Level 1:colcon.colcon_core.package_identification:_identify(src/cam_lidar_tools) by extensions ['colcon_meta']
[0.175s] Level 1:colcon.colcon_core.package_identification:_identify(src/cam_lidar_tools) by extension 'colcon_meta'
[0.175s] Level 1:colcon.colcon_core.package_identification:_identify(src/cam_lidar_tools) by extensions ['ros']
[0.175s] Level 1:colcon.colcon_core.package_identification:_identify(src/cam_lidar_tools) by extension 'ros'
[0.175s] Level 1:colcon.colcon_core.package_identification:_identify(src/cam_lidar_tools) by extensions ['cmake', 'python']
[0.175s] Level 1:colcon.colcon_core.package_identification:_identify(src/cam_lidar_tools) by extension 'cmake'
[0.175s] Level 1:colcon.colcon_core.package_identification:_identify(src/cam_lidar_tools) by extension 'python'
[0.175s] Level 1:colcon.colcon_core.package_identification:_identify(src/cam_lidar_tools) by extensions ['python_setup_py']
[0.175s] Level 1:colcon.colcon_core.package_identification:_identify(src/cam_lidar_tools) by extension 'python_setup_py'
[0.175s] Level 1:colcon.colcon_core.package_identification:_identify(src/cam_lidar_tools/Docs) by extensions ['ignore', 'ignore_ament_install']
[0.175s] Level 1:colcon.colcon_core.package_identification:_identify(src/cam_lidar_tools/Docs) by extension 'ignore'
[0.175s] Level 1:colcon.colcon_core.package_identification:_identify(src/cam_lidar_tools/Docs) by extension 'ignore_ament_install'
[0.175s] Level 1:colcon.colcon_core.package_identification:_identify(src/cam_lidar_tools/Docs) by extensions ['colcon_pkg']
[0.175s] Level 1:colcon.colcon_core.package_identification:_identify(src/cam_lidar_tools/Docs) by extension 'colcon_pkg'
[0.175s] Level 1:colcon.colcon_core.package_identification:_identify(src/cam_lidar_tools/Docs) by extensions ['colcon_meta']
[0.175s] Level 1:colcon.colcon_core.package_identification:_identify(src/cam_lidar_tools/Docs) by extension 'colcon_meta'
[0.175s] Level 1:colcon.colcon_core.package_identification:_identify(src/cam_lidar_tools/Docs) by extensions ['ros']
[0.175s] Level 1:colcon.colcon_core.package_identification:_identify(src/cam_lidar_tools/Docs) by extension 'ros'
[0.175s] Level 1:colcon.colcon_core.package_identification:_identify(src/cam_lidar_tools/Docs) by extensions ['cmake', 'python']
[0.175s] Level 1:colcon.colcon_core.package_identification:_identify(src/cam_lidar_tools/Docs) by extension 'cmake'
[0.175s] Level 1:colcon.colcon_core.package_identification:_identify(src/cam_lidar_tools/Docs) by extension 'python'
[0.175s] Level 1:colcon.colcon_core.package_identification:_identify(src/cam_lidar_tools/Docs) by extensions ['python_setup_py']
[0.175s] Level 1:colcon.colcon_core.package_identification:_identify(src/cam_lidar_tools/Docs) by extension 'python_setup_py'
[0.175s] Level 1:colcon.colcon_core.package_identification:_identify(src/cam_lidar_tools/Docs/Archive) by extensions ['ignore', 'ignore_ament_install']
[0.175s] Level 1:colcon.colcon_core.package_identification:_identify(src/cam_lidar_tools/Docs/Archive) by extension 'ignore'
[0.175s] Level 1:colcon.colcon_core.package_identification:_identify(src/cam_lidar_tools/Docs/Archive) by extension 'ignore_ament_install'
[0.175s] Level 1:colcon.colcon_core.package_identification:_identify(src/cam_lidar_tools/Docs/Archive) by extensions ['colcon_pkg']
[0.175s] Level 1:colcon.colcon_core.package_identification:_identify(src/cam_lidar_tools/Docs/Archive) by extension 'colcon_pkg'
[0.175s] Level 1:colcon.colcon_core.package_identification:_identify(src/cam_lidar_tools/Docs/Archive) by extensions ['colcon_meta']
[0.175s] Level 1:colcon.colcon_core.package_identification:_identify(src/cam_lidar_tools/Docs/Archive) by extension 'colcon_meta'
[0.175s] Level 1:colcon.colcon_core.package_identification:_identify(src/cam_lidar_tools/Docs/Archive) by extensions ['ros']
[0.175s] Level 1:colcon.colcon_core.package_identification:_identify(src/cam_lidar_tools/Docs/Archive) by extension 'ros'
[0.175s] Level 1:colcon.colcon_core.package_identification:_identify(src/cam_lidar_tools/Docs/Archive) by extensions ['cmake', 'python']
[0.175s] Level 1:colcon.colcon_core.package_identification:_identify(src/cam_lidar_tools/Docs/Archive) by extension 'cmake'
[0.175s] Level 1:colcon.colcon_core.package_identification:_identify(src/cam_lidar_tools/Docs/Archive) by extension 'python'
[0.176s] Level 1:colcon.colcon_core.package_identification:_identify(src/cam_lidar_tools/Docs/Archive) by extensions ['python_setup_py']
[0.176s] Level 1:colcon.colcon_core.package_identification:_identify(src/cam_lidar_tools/Docs/Archive) by extension 'python_setup_py'
[0.176s] Level 1:colcon.colcon_core.package_identification:_identify(src/cam_lidar_tools/Docs/readme_images) by extensions ['ignore', 'ignore_ament_install']
[0.176s] Level 1:colcon.colcon_core.package_identification:_identify(src/cam_lidar_tools/Docs/readme_images) by extension 'ignore'
[0.176s] Level 1:colcon.colcon_core.package_identification:_identify(src/cam_lidar_tools/Docs/readme_images) by extension 'ignore_ament_install'
[0.176s] Level 1:colcon.colcon_core.package_identification:_identify(src/cam_lidar_tools/Docs/readme_images) by extensions ['colcon_pkg']
[0.176s] Level 1:colcon.colcon_core.package_identification:_identify(src/cam_lidar_tools/Docs/readme_images) by extension 'colcon_pkg'
[0.176s] Level 1:colcon.colcon_core.package_identification:_identify(src/cam_lidar_tools/Docs/readme_images) by extensions ['colcon_meta']
[0.176s] Level 1:colcon.colcon_core.package_identification:_identify(src/cam_lidar_tools/Docs/readme_images) by extension 'colcon_meta'
[0.176s] Level 1:colcon.colcon_core.package_identification:_identify(src/cam_lidar_tools/Docs/readme_images) by extensions ['ros']
[0.176s] Level 1:colcon.colcon_core.package_identification:_identify(src/cam_lidar_tools/Docs/readme_images) by extension 'ros'
[0.176s] Level 1:colcon.colcon_core.package_identification:_identify(src/cam_lidar_tools/Docs/readme_images) by extensions ['cmake', 'python']
[0.176s] Level 1:colcon.colcon_core.package_identification:_identify(src/cam_lidar_tools/Docs/readme_images) by extension 'cmake'
[0.176s] Level 1:colcon.colcon_core.package_identification:_identify(src/cam_lidar_tools/Docs/readme_images) by extension 'python'
[0.176s] Level 1:colcon.colcon_core.package_identification:_identify(src/cam_lidar_tools/Docs/readme_images) by extensions ['python_setup_py']
[0.176s] Level 1:colcon.colcon_core.package_identification:_identify(src/cam_lidar_tools/Docs/readme_images) by extension 'python_setup_py'
[0.176s] Level 1:colcon.colcon_core.package_identification:_identify(src/cam_lidar_tools/Metrics) by extensions ['ignore', 'ignore_ament_install']
[0.176s] Level 1:colcon.colcon_core.package_identification:_identify(src/cam_lidar_tools/Metrics) by extension 'ignore'
[0.176s] Level 1:colcon.colcon_core.package_identification:_identify(src/cam_lidar_tools/Metrics) by extension 'ignore_ament_install'
[0.176s] Level 1:colcon.colcon_core.package_identification:_identify(src/cam_lidar_tools/Metrics) by extensions ['colcon_pkg']
[0.176s] Level 1:colcon.colcon_core.package_identification:_identify(src/cam_lidar_tools/Metrics) by extension 'colcon_pkg'
[0.176s] Level 1:colcon.colcon_core.package_identification:_identify(src/cam_lidar_tools/Metrics) by extensions ['colcon_meta']
[0.176s] Level 1:colcon.colcon_core.package_identification:_identify(src/cam_lidar_tools/Metrics) by extension 'colcon_meta'
[0.176s] Level 1:colcon.colcon_core.package_identification:_identify(src/cam_lidar_tools/Metrics) by extensions ['ros']
[0.176s] Level 1:colcon.colcon_core.package_identification:_identify(src/cam_lidar_tools/Metrics) by extension 'ros'
[0.176s] Level 1:colcon.colcon_core.package_identification:_identify(src/cam_lidar_tools/Metrics) by extensions ['cmake', 'python']
[0.176s] Level 1:colcon.colcon_core.package_identification:_identify(src/cam_lidar_tools/Metrics) by extension 'cmake'
[0.176s] Level 1:colcon.colcon_core.package_identification:_identify(src/cam_lidar_tools/Metrics) by extension 'python'
[0.176s] Level 1:colcon.colcon_core.package_identification:_identify(src/cam_lidar_tools/Metrics) by extensions ['python_setup_py']
[0.176s] Level 1:colcon.colcon_core.package_identification:_identify(src/cam_lidar_tools/Metrics) by extension 'python_setup_py'
[0.176s] Level 1:colcon.colcon_core.package_identification:_identify(src/cam_lidar_tools/Metrics/2D_HOTA) by extensions ['ignore', 'ignore_ament_install']
[0.176s] Level 1:colcon.colcon_core.package_identification:_identify(src/cam_lidar_tools/Metrics/2D_HOTA) by extension 'ignore'
[0.176s] Level 1:colcon.colcon_core.package_identification:_identify(src/cam_lidar_tools/Metrics/2D_HOTA) by extension 'ignore_ament_install'
[0.176s] Level 1:colcon.colcon_core.package_identification:_identify(src/cam_lidar_tools/Metrics/2D_HOTA) by extensions ['colcon_pkg']
[0.176s] Level 1:colcon.colcon_core.package_identification:_identify(src/cam_lidar_tools/Metrics/2D_HOTA) by extension 'colcon_pkg'
[0.176s] Level 1:colcon.colcon_core.package_identification:_identify(src/cam_lidar_tools/Metrics/2D_HOTA) by extensions ['colcon_meta']
[0.176s] Level 1:colcon.colcon_core.package_identification:_identify(src/cam_lidar_tools/Metrics/2D_HOTA) by extension 'colcon_meta'
[0.176s] Level 1:colcon.colcon_core.package_identification:_identify(src/cam_lidar_tools/Metrics/2D_HOTA) by extensions ['ros']
[0.176s] Level 1:colcon.colcon_core.package_identification:_identify(src/cam_lidar_tools/Metrics/2D_HOTA) by extension 'ros'
[0.176s] Level 1:colcon.colcon_core.package_identification:_identify(src/cam_lidar_tools/Metrics/2D_HOTA) by extensions ['cmake', 'python']
[0.176s] Level 1:colcon.colcon_core.package_identification:_identify(src/cam_lidar_tools/Metrics/2D_HOTA) by extension 'cmake'
[0.176s] Level 1:colcon.colcon_core.package_identification:_identify(src/cam_lidar_tools/Metrics/2D_HOTA) by extension 'python'
[0.176s] Level 1:colcon.colcon_core.package_identification:_identify(src/cam_lidar_tools/Metrics/2D_HOTA) by extensions ['python_setup_py']
[0.176s] Level 1:colcon.colcon_core.package_identification:_identify(src/cam_lidar_tools/Metrics/2D_HOTA) by extension 'python_setup_py'
[0.176s] Level 1:colcon.colcon_core.package_identification:_identify(src/cam_lidar_tools/Metrics/2D_HOTA/hota) by extensions ['ignore', 'ignore_ament_install']
[0.176s] Level 1:colcon.colcon_core.package_identification:_identify(src/cam_lidar_tools/Metrics/2D_HOTA/hota) by extension 'ignore'
[0.176s] Level 1:colcon.colcon_core.package_identification:_identify(src/cam_lidar_tools/Metrics/2D_HOTA/hota) by extension 'ignore_ament_install'
[0.176s] Level 1:colcon.colcon_core.package_identification:_identify(src/cam_lidar_tools/Metrics/2D_HOTA/hota) by extensions ['colcon_pkg']
[0.177s] Level 1:colcon.colcon_core.package_identification:_identify(src/cam_lidar_tools/Metrics/2D_HOTA/hota) by extension 'colcon_pkg'
[0.177s] Level 1:colcon.colcon_core.package_identification:_identify(src/cam_lidar_tools/Metrics/2D_HOTA/hota) by extensions ['colcon_meta']
[0.177s] Level 1:colcon.colcon_core.package_identification:_identify(src/cam_lidar_tools/Metrics/2D_HOTA/hota) by extension 'colcon_meta'
[0.177s] Level 1:colcon.colcon_core.package_identification:_identify(src/cam_lidar_tools/Metrics/2D_HOTA/hota) by extensions ['ros']
[0.177s] Level 1:colcon.colcon_core.package_identification:_identify(src/cam_lidar_tools/Metrics/2D_HOTA/hota) by extension 'ros'
[0.177s] Level 1:colcon.colcon_core.package_identification:_identify(src/cam_lidar_tools/Metrics/2D_HOTA/hota) by extensions ['cmake', 'python']
[0.177s] Level 1:colcon.colcon_core.package_identification:_identify(src/cam_lidar_tools/Metrics/2D_HOTA/hota) by extension 'cmake'
[0.177s] Level 1:colcon.colcon_core.package_identification:_identify(src/cam_lidar_tools/Metrics/2D_HOTA/hota) by extension 'python'
[0.177s] Level 1:colcon.colcon_core.package_identification:_identify(src/cam_lidar_tools/Metrics/2D_HOTA/hota) by extensions ['python_setup_py']
[0.177s] Level 1:colcon.colcon_core.package_identification:_identify(src/cam_lidar_tools/Metrics/2D_HOTA/hota) by extension 'python_setup_py'
[0.177s] Level 1:colcon.colcon_core.package_identification:_identify(src/cam_lidar_tools/Metrics/2D_HOTA/hota/gt) by extensions ['ignore', 'ignore_ament_install']
[0.177s] Level 1:colcon.colcon_core.package_identification:_identify(src/cam_lidar_tools/Metrics/2D_HOTA/hota/gt) by extension 'ignore'
[0.177s] Level 1:colcon.colcon_core.package_identification:_identify(src/cam_lidar_tools/Metrics/2D_HOTA/hota/gt) by extension 'ignore_ament_install'
[0.177s] Level 1:colcon.colcon_core.package_identification:_identify(src/cam_lidar_tools/Metrics/2D_HOTA/hota/gt) by extensions ['colcon_pkg']
[0.177s] Level 1:colcon.colcon_core.package_identification:_identify(src/cam_lidar_tools/Metrics/2D_HOTA/hota/gt) by extension 'colcon_pkg'
[0.177s] Level 1:colcon.colcon_core.package_identification:_identify(src/cam_lidar_tools/Metrics/2D_HOTA/hota/gt) by extensions ['colcon_meta']
[0.177s] Level 1:colcon.colcon_core.package_identification:_identify(src/cam_lidar_tools/Metrics/2D_HOTA/hota/gt) by extension 'colcon_meta'
[0.177s] Level 1:colcon.colcon_core.package_identification:_identify(src/cam_lidar_tools/Metrics/2D_HOTA/hota/gt) by extensions ['ros']
[0.177s] Level 1:colcon.colcon_core.package_identification:_identify(src/cam_lidar_tools/Metrics/2D_HOTA/hota/gt) by extension 'ros'
[0.177s] Level 1:colcon.colcon_core.package_identification:_identify(src/cam_lidar_tools/Metrics/2D_HOTA/hota/gt) by extensions ['cmake', 'python']
[0.177s] Level 1:colcon.colcon_core.package_identification:_identify(src/cam_lidar_tools/Metrics/2D_HOTA/hota/gt) by extension 'cmake'
[0.177s] Level 1:colcon.colcon_core.package_identification:_identify(src/cam_lidar_tools/Metrics/2D_HOTA/hota/gt) by extension 'python'
[0.177s] Level 1:colcon.colcon_core.package_identification:_identify(src/cam_lidar_tools/Metrics/2D_HOTA/hota/gt) by extensions ['python_setup_py']
[0.177s] Level 1:colcon.colcon_core.package_identification:_identify(src/cam_lidar_tools/Metrics/2D_HOTA/hota/gt) by extension 'python_setup_py'
[0.177s] Level 1:colcon.colcon_core.package_identification:_identify(src/cam_lidar_tools/Metrics/2D_HOTA/hota/gt/mot_challenge) by extensions ['ignore', 'ignore_ament_install']
[0.177s] Level 1:colcon.colcon_core.package_identification:_identify(src/cam_lidar_tools/Metrics/2D_HOTA/hota/gt/mot_challenge) by extension 'ignore'
[0.177s] Level 1:colcon.colcon_core.package_identification:_identify(src/cam_lidar_tools/Metrics/2D_HOTA/hota/gt/mot_challenge) by extension 'ignore_ament_install'
[0.177s] Level 1:colcon.colcon_core.package_identification:_identify(src/cam_lidar_tools/Metrics/2D_HOTA/hota/gt/mot_challenge) by extensions ['colcon_pkg']
[0.177s] Level 1:colcon.colcon_core.package_identification:_identify(src/cam_lidar_tools/Metrics/2D_HOTA/hota/gt/mot_challenge) by extension 'colcon_pkg'
[0.177s] Level 1:colcon.colcon_core.package_identification:_identify(src/cam_lidar_tools/Metrics/2D_HOTA/hota/gt/mot_challenge) by extensions ['colcon_meta']
[0.177s] Level 1:colcon.colcon_core.package_identification:_identify(src/cam_lidar_tools/Metrics/2D_HOTA/hota/gt/mot_challenge) by extension 'colcon_meta'
[0.177s] Level 1:colcon.colcon_core.package_identification:_identify(src/cam_lidar_tools/Metrics/2D_HOTA/hota/gt/mot_challenge) by extensions ['ros']
[0.177s] Level 1:colcon.colcon_core.package_identification:_identify(src/cam_lidar_tools/Metrics/2D_HOTA/hota/gt/mot_challenge) by extension 'ros'
[0.177s] Level 1:colcon.colcon_core.package_identification:_identify(src/cam_lidar_tools/Metrics/2D_HOTA/hota/gt/mot_challenge) by extensions ['cmake', 'python']
[0.177s] Level 1:colcon.colcon_core.package_identification:_identify(src/cam_lidar_tools/Metrics/2D_HOTA/hota/gt/mot_challenge) by extension 'cmake'
[0.177s] Level 1:colcon.colcon_core.package_identification:_identify(src/cam_lidar_tools/Metrics/2D_HOTA/hota/gt/mot_challenge) by extension 'python'
[0.177s] Level 1:colcon.colcon_core.package_identification:_identify(src/cam_lidar_tools/Metrics/2D_HOTA/hota/gt/mot_challenge) by extensions ['python_setup_py']
[0.177s] Level 1:colcon.colcon_core.package_identification:_identify(src/cam_lidar_tools/Metrics/2D_HOTA/hota/gt/mot_challenge) by extension 'python_setup_py'
[0.177s] Level 1:colcon.colcon_core.package_identification:_identify(src/cam_lidar_tools/Metrics/2D_HOTA/hota/gt/mot_challenge/MOT20-train) by extensions ['ignore', 'ignore_ament_install']
[0.177s] Level 1:colcon.colcon_core.package_identification:_identify(src/cam_lidar_tools/Metrics/2D_HOTA/hota/gt/mot_challenge/MOT20-train) by extension 'ignore'
[0.177s] Level 1:colcon.colcon_core.package_identification:_identify(src/cam_lidar_tools/Metrics/2D_HOTA/hota/gt/mot_challenge/MOT20-train) by extension 'ignore_ament_install'
[0.177s] Level 1:colcon.colcon_core.package_identification:_identify(src/cam_lidar_tools/Metrics/2D_HOTA/hota/gt/mot_challenge/MOT20-train) by extensions ['colcon_pkg']
[0.177s] Level 1:colcon.colcon_core.package_identification:_identify(src/cam_lidar_tools/Metrics/2D_HOTA/hota/gt/mot_challenge/MOT20-train) by extension 'colcon_pkg'
[0.177s] Level 1:colcon.colcon_core.package_identification:_identify(src/cam_lidar_tools/Metrics/2D_HOTA/hota/gt/mot_challenge/MOT20-train) by extensions ['colcon_meta']
[0.177s] Level 1:colcon.colcon_core.package_identification:_identify(src/cam_lidar_tools/Metrics/2D_HOTA/hota/gt/mot_challenge/MOT20-train) by extension 'colcon_meta'
[0.177s] Level 1:colcon.colcon_core.package_identification:_identify(src/cam_lidar_tools/Metrics/2D_HOTA/hota/gt/mot_challenge/MOT20-train) by extensions ['ros']
[0.177s] Level 1:colcon.colcon_core.package_identification:_identify(src/cam_lidar_tools/Metrics/2D_HOTA/hota/gt/mot_challenge/MOT20-train) by extension 'ros'
[0.177s] Level 1:colcon.colcon_core.package_identification:_identify(src/cam_lidar_tools/Metrics/2D_HOTA/hota/gt/mot_challenge/MOT20-train) by extensions ['cmake', 'python']
[0.177s] Level 1:colcon.colcon_core.package_identification:_identify(src/cam_lidar_tools/Metrics/2D_HOTA/hota/gt/mot_challenge/MOT20-train) by extension 'cmake'
[0.177s] Level 1:colcon.colcon_core.package_identification:_identify(src/cam_lidar_tools/Metrics/2D_HOTA/hota/gt/mot_challenge/MOT20-train) by extension 'python'
[0.178s] Level 1:colcon.colcon_core.package_identification:_identify(src/cam_lidar_tools/Metrics/2D_HOTA/hota/gt/mot_challenge/MOT20-train) by extensions ['python_setup_py']
[0.178s] Level 1:colcon.colcon_core.package_identification:_identify(src/cam_lidar_tools/Metrics/2D_HOTA/hota/gt/mot_challenge/MOT20-train) by extension 'python_setup_py'
[0.178s] Level 1:colcon.colcon_core.package_identification:_identify(src/cam_lidar_tools/Metrics/2D_HOTA/hota/gt/mot_challenge/MOT20-train/MOT20-01) by extensions ['ignore', 'ignore_ament_install']
[0.178s] Level 1:colcon.colcon_core.package_identification:_identify(src/cam_lidar_tools/Metrics/2D_HOTA/hota/gt/mot_challenge/MOT20-train/MOT20-01) by extension 'ignore'
[0.178s] Level 1:colcon.colcon_core.package_identification:_identify(src/cam_lidar_tools/Metrics/2D_HOTA/hota/gt/mot_challenge/MOT20-train/MOT20-01) by extension 'ignore_ament_install'
[0.178s] Level 1:colcon.colcon_core.package_identification:_identify(src/cam_lidar_tools/Metrics/2D_HOTA/hota/gt/mot_challenge/MOT20-train/MOT20-01) by extensions ['colcon_pkg']
[0.178s] Level 1:colcon.colcon_core.package_identification:_identify(src/cam_lidar_tools/Metrics/2D_HOTA/hota/gt/mot_challenge/MOT20-train/MOT20-01) by extension 'colcon_pkg'
[0.178s] Level 1:colcon.colcon_core.package_identification:_identify(src/cam_lidar_tools/Metrics/2D_HOTA/hota/gt/mot_challenge/MOT20-train/MOT20-01) by extensions ['colcon_meta']
[0.178s] Level 1:colcon.colcon_core.package_identification:_identify(src/cam_lidar_tools/Metrics/2D_HOTA/hota/gt/mot_challenge/MOT20-train/MOT20-01) by extension 'colcon_meta'
[0.178s] Level 1:colcon.colcon_core.package_identification:_identify(src/cam_lidar_tools/Metrics/2D_HOTA/hota/gt/mot_challenge/MOT20-train/MOT20-01) by extensions ['ros']
[0.178s] Level 1:colcon.colcon_core.package_identification:_identify(src/cam_lidar_tools/Metrics/2D_HOTA/hota/gt/mot_challenge/MOT20-train/MOT20-01) by extension 'ros'
[0.178s] Level 1:colcon.colcon_core.package_identification:_identify(src/cam_lidar_tools/Metrics/2D_HOTA/hota/gt/mot_challenge/MOT20-train/MOT20-01) by extensions ['cmake', 'python']
[0.178s] Level 1:colcon.colcon_core.package_identification:_identify(src/cam_lidar_tools/Metrics/2D_HOTA/hota/gt/mot_challenge/MOT20-train/MOT20-01) by extension 'cmake'
[0.178s] Level 1:colcon.colcon_core.package_identification:_identify(src/cam_lidar_tools/Metrics/2D_HOTA/hota/gt/mot_challenge/MOT20-train/MOT20-01) by extension 'python'
[0.178s] Level 1:colcon.colcon_core.package_identification:_identify(src/cam_lidar_tools/Metrics/2D_HOTA/hota/gt/mot_challenge/MOT20-train/MOT20-01) by extensions ['python_setup_py']
[0.178s] Level 1:colcon.colcon_core.package_identification:_identify(src/cam_lidar_tools/Metrics/2D_HOTA/hota/gt/mot_challenge/MOT20-train/MOT20-01) by extension 'python_setup_py'
[0.178s] Level 1:colcon.colcon_core.package_identification:_identify(src/cam_lidar_tools/Metrics/2D_HOTA/hota/gt/mot_challenge/MOT20-train/MOT20-01/gt) by extensions ['ignore', 'ignore_ament_install']
[0.178s] Level 1:colcon.colcon_core.package_identification:_identify(src/cam_lidar_tools/Metrics/2D_HOTA/hota/gt/mot_challenge/MOT20-train/MOT20-01/gt) by extension 'ignore'
[0.178s] Level 1:colcon.colcon_core.package_identification:_identify(src/cam_lidar_tools/Metrics/2D_HOTA/hota/gt/mot_challenge/MOT20-train/MOT20-01/gt) by extension 'ignore_ament_install'
[0.178s] Level 1:colcon.colcon_core.package_identification:_identify(src/cam_lidar_tools/Metrics/2D_HOTA/hota/gt/mot_challenge/MOT20-train/MOT20-01/gt) by extensions ['colcon_pkg']
[0.178s] Level 1:colcon.colcon_core.package_identification:_identify(src/cam_lidar_tools/Metrics/2D_HOTA/hota/gt/mot_challenge/MOT20-train/MOT20-01/gt) by extension 'colcon_pkg'
[0.178s] Level 1:colcon.colcon_core.package_identification:_identify(src/cam_lidar_tools/Metrics/2D_HOTA/hota/gt/mot_challenge/MOT20-train/MOT20-01/gt) by extensions ['colcon_meta']
[0.178s] Level 1:colcon.colcon_core.package_identification:_identify(src/cam_lidar_tools/Metrics/2D_HOTA/hota/gt/mot_challenge/MOT20-train/MOT20-01/gt) by extension 'colcon_meta'
[0.178s] Level 1:colcon.colcon_core.package_identification:_identify(src/cam_lidar_tools/Metrics/2D_HOTA/hota/gt/mot_challenge/MOT20-train/MOT20-01/gt) by extensions ['ros']
[0.178s] Level 1:colcon.colcon_core.package_identification:_identify(src/cam_lidar_tools/Metrics/2D_HOTA/hota/gt/mot_challenge/MOT20-train/MOT20-01/gt) by extension 'ros'
[0.178s] Level 1:colcon.colcon_core.package_identification:_identify(src/cam_lidar_tools/Metrics/2D_HOTA/hota/gt/mot_challenge/MOT20-train/MOT20-01/gt) by extensions ['cmake', 'python']
[0.178s] Level 1:colcon.colcon_core.package_identification:_identify(src/cam_lidar_tools/Metrics/2D_HOTA/hota/gt/mot_challenge/MOT20-train/MOT20-01/gt) by extension 'cmake'
[0.178s] Level 1:colcon.colcon_core.package_identification:_identify(src/cam_lidar_tools/Metrics/2D_HOTA/hota/gt/mot_challenge/MOT20-train/MOT20-01/gt) by extension 'python'
[0.178s] Level 1:colcon.colcon_core.package_identification:_identify(src/cam_lidar_tools/Metrics/2D_HOTA/hota/gt/mot_challenge/MOT20-train/MOT20-01/gt) by extensions ['python_setup_py']
[0.178s] Level 1:colcon.colcon_core.package_identification:_identify(src/cam_lidar_tools/Metrics/2D_HOTA/hota/gt/mot_challenge/MOT20-train/MOT20-01/gt) by extension 'python_setup_py'
[0.178s] Level 1:colcon.colcon_core.package_identification:_identify(src/cam_lidar_tools/Metrics/2D_HOTA/hota/gt/mot_challenge/seqmaps) by extensions ['ignore', 'ignore_ament_install']
[0.178s] Level 1:colcon.colcon_core.package_identification:_identify(src/cam_lidar_tools/Metrics/2D_HOTA/hota/gt/mot_challenge/seqmaps) by extension 'ignore'
[0.178s] Level 1:colcon.colcon_core.package_identification:_identify(src/cam_lidar_tools/Metrics/2D_HOTA/hota/gt/mot_challenge/seqmaps) by extension 'ignore_ament_install'
[0.178s] Level 1:colcon.colcon_core.package_identification:_identify(src/cam_lidar_tools/Metrics/2D_HOTA/hota/gt/mot_challenge/seqmaps) by extensions ['colcon_pkg']
[0.178s] Level 1:colcon.colcon_core.package_identification:_identify(src/cam_lidar_tools/Metrics/2D_HOTA/hota/gt/mot_challenge/seqmaps) by extension 'colcon_pkg'
[0.178s] Level 1:colcon.colcon_core.package_identification:_identify(src/cam_lidar_tools/Metrics/2D_HOTA/hota/gt/mot_challenge/seqmaps) by extensions ['colcon_meta']
[0.178s] Level 1:colcon.colcon_core.package_identification:_identify(src/cam_lidar_tools/Metrics/2D_HOTA/hota/gt/mot_challenge/seqmaps) by extension 'colcon_meta'
[0.178s] Level 1:colcon.colcon_core.package_identification:_identify(src/cam_lidar_tools/Metrics/2D_HOTA/hota/gt/mot_challenge/seqmaps) by extensions ['ros']
[0.178s] Level 1:colcon.colcon_core.package_identification:_identify(src/cam_lidar_tools/Metrics/2D_HOTA/hota/gt/mot_challenge/seqmaps) by extension 'ros'
[0.179s] Level 1:colcon.colcon_core.package_identification:_identify(src/cam_lidar_tools/Metrics/2D_HOTA/hota/gt/mot_challenge/seqmaps) by extensions ['cmake', 'python']
[0.179s] Level 1:colcon.colcon_core.package_identification:_identify(src/cam_lidar_tools/Metrics/2D_HOTA/hota/gt/mot_challenge/seqmaps) by extension 'cmake'
[0.179s] Level 1:colcon.colcon_core.package_identification:_identify(src/cam_lidar_tools/Metrics/2D_HOTA/hota/gt/mot_challenge/seqmaps) by extension 'python'
[0.179s] Level 1:colcon.colcon_core.package_identification:_identify(src/cam_lidar_tools/Metrics/2D_HOTA/hota/gt/mot_challenge/seqmaps) by extensions ['python_setup_py']
[0.179s] Level 1:colcon.colcon_core.package_identification:_identify(src/cam_lidar_tools/Metrics/2D_HOTA/hota/gt/mot_challenge/seqmaps) by extension 'python_setup_py'
[0.179s] Level 1:colcon.colcon_core.package_identification:_identify(src/cam_lidar_tools/Metrics/2D_HOTA/hota/trackers) by extensions ['ignore', 'ignore_ament_install']
[0.179s] Level 1:colcon.colcon_core.package_identification:_identify(src/cam_lidar_tools/Metrics/2D_HOTA/hota/trackers) by extension 'ignore'
[0.179s] Level 1:colcon.colcon_core.package_identification:_identify(src/cam_lidar_tools/Metrics/2D_HOTA/hota/trackers) by extension 'ignore_ament_install'
[0.179s] Level 1:colcon.colcon_core.package_identification:_identify(src/cam_lidar_tools/Metrics/2D_HOTA/hota/trackers) by extensions ['colcon_pkg']
[0.179s] Level 1:colcon.colcon_core.package_identification:_identify(src/cam_lidar_tools/Metrics/2D_HOTA/hota/trackers) by extension 'colcon_pkg'
[0.179s] Level 1:colcon.colcon_core.package_identification:_identify(src/cam_lidar_tools/Metrics/2D_HOTA/hota/trackers) by extensions ['colcon_meta']
[0.179s] Level 1:colcon.colcon_core.package_identification:_identify(src/cam_lidar_tools/Metrics/2D_HOTA/hota/trackers) by extension 'colcon_meta'
[0.179s] Level 1:colcon.colcon_core.package_identification:_identify(src/cam_lidar_tools/Metrics/2D_HOTA/hota/trackers) by extensions ['ros']
[0.179s] Level 1:colcon.colcon_core.package_identification:_identify(src/cam_lidar_tools/Metrics/2D_HOTA/hota/trackers) by extension 'ros'
[0.179s] Level 1:colcon.colcon_core.package_identification:_identify(src/cam_lidar_tools/Metrics/2D_HOTA/hota/trackers) by extensions ['cmake', 'python']
[0.179s] Level 1:colcon.colcon_core.package_identification:_identify(src/cam_lidar_tools/Metrics/2D_HOTA/hota/trackers) by extension 'cmake'
[0.179s] Level 1:colcon.colcon_core.package_identification:_identify(src/cam_lidar_tools/Metrics/2D_HOTA/hota/trackers) by extension 'python'
[0.179s] Level 1:colcon.colcon_core.package_identification:_identify(src/cam_lidar_tools/Metrics/2D_HOTA/hota/trackers) by extensions ['python_setup_py']
[0.179s] Level 1:colcon.colcon_core.package_identification:_identify(src/cam_lidar_tools/Metrics/2D_HOTA/hota/trackers) by extension 'python_setup_py'
[0.179s] Level 1:colcon.colcon_core.package_identification:_identify(src/cam_lidar_tools/Metrics/2D_HOTA/hota/trackers/mot_challenge) by extensions ['ignore', 'ignore_ament_install']
[0.179s] Level 1:colcon.colcon_core.package_identification:_identify(src/cam_lidar_tools/Metrics/2D_HOTA/hota/trackers/mot_challenge) by extension 'ignore'
[0.179s] Level 1:colcon.colcon_core.package_identification:_identify(src/cam_lidar_tools/Metrics/2D_HOTA/hota/trackers/mot_challenge) by extension 'ignore_ament_install'
[0.179s] Level 1:colcon.colcon_core.package_identification:_identify(src/cam_lidar_tools/Metrics/2D_HOTA/hota/trackers/mot_challenge) by extensions ['colcon_pkg']
[0.179s] Level 1:colcon.colcon_core.package_identification:_identify(src/cam_lidar_tools/Metrics/2D_HOTA/hota/trackers/mot_challenge) by extension 'colcon_pkg'
[0.179s] Level 1:colcon.colcon_core.package_identification:_identify(src/cam_lidar_tools/Metrics/2D_HOTA/hota/trackers/mot_challenge) by extensions ['colcon_meta']
[0.179s] Level 1:colcon.colcon_core.package_identification:_identify(src/cam_lidar_tools/Metrics/2D_HOTA/hota/trackers/mot_challenge) by extension 'colcon_meta'
[0.179s] Level 1:colcon.colcon_core.package_identification:_identify(src/cam_lidar_tools/Metrics/2D_HOTA/hota/trackers/mot_challenge) by extensions ['ros']
[0.179s] Level 1:colcon.colcon_core.package_identification:_identify(src/cam_lidar_tools/Metrics/2D_HOTA/hota/trackers/mot_challenge) by extension 'ros'
[0.180s] Level 1:colcon.colcon_core.package_identification:_identify(src/cam_lidar_tools/Metrics/2D_HOTA/hota/trackers/mot_challenge) by extensions ['cmake', 'python']
[0.180s] Level 1:colcon.colcon_core.package_identification:_identify(src/cam_lidar_tools/Metrics/2D_HOTA/hota/trackers/mot_challenge) by extension 'cmake'
[0.180s] Level 1:colcon.colcon_core.package_identification:_identify(src/cam_lidar_tools/Metrics/2D_HOTA/hota/trackers/mot_challenge) by extension 'python'
[0.180s] Level 1:colcon.colcon_core.package_identification:_identify(src/cam_lidar_tools/Metrics/2D_HOTA/hota/trackers/mot_challenge) by extensions ['python_setup_py']
[0.180s] Level 1:colcon.colcon_core.package_identification:_identify(src/cam_lidar_tools/Metrics/2D_HOTA/hota/trackers/mot_challenge) by extension 'python_setup_py'
[0.180s] Level 1:colcon.colcon_core.package_identification:_identify(src/cam_lidar_tools/Metrics/2D_HOTA/hota/trackers/mot_challenge/MOT20-train) by extensions ['ignore', 'ignore_ament_install']
[0.180s] Level 1:colcon.colcon_core.package_identification:_identify(src/cam_lidar_tools/Metrics/2D_HOTA/hota/trackers/mot_challenge/MOT20-train) by extension 'ignore'
[0.180s] Level 1:colcon.colcon_core.package_identification:_identify(src/cam_lidar_tools/Metrics/2D_HOTA/hota/trackers/mot_challenge/MOT20-train) by extension 'ignore_ament_install'
[0.180s] Level 1:colcon.colcon_core.package_identification:_identify(src/cam_lidar_tools/Metrics/2D_HOTA/hota/trackers/mot_challenge/MOT20-train) by extensions ['colcon_pkg']
[0.180s] Level 1:colcon.colcon_core.package_identification:_identify(src/cam_lidar_tools/Metrics/2D_HOTA/hota/trackers/mot_challenge/MOT20-train) by extension 'colcon_pkg'
[0.180s] Level 1:colcon.colcon_core.package_identification:_identify(src/cam_lidar_tools/Metrics/2D_HOTA/hota/trackers/mot_challenge/MOT20-train) by extensions ['colcon_meta']
[0.180s] Level 1:colcon.colcon_core.package_identification:_identify(src/cam_lidar_tools/Metrics/2D_HOTA/hota/trackers/mot_challenge/MOT20-train) by extension 'colcon_meta'
[0.180s] Level 1:colcon.colcon_core.package_identification:_identify(src/cam_lidar_tools/Metrics/2D_HOTA/hota/trackers/mot_challenge/MOT20-train) by extensions ['ros']
[0.180s] Level 1:colcon.colcon_core.package_identification:_identify(src/cam_lidar_tools/Metrics/2D_HOTA/hota/trackers/mot_challenge/MOT20-train) by extension 'ros'
[0.180s] Level 1:colcon.colcon_core.package_identification:_identify(src/cam_lidar_tools/Metrics/2D_HOTA/hota/trackers/mot_challenge/MOT20-train) by extensions ['cmake', 'python']
[0.180s] Level 1:colcon.colcon_core.package_identification:_identify(src/cam_lidar_tools/Metrics/2D_HOTA/hota/trackers/mot_challenge/MOT20-train) by extension 'cmake'
[0.180s] Level 1:colcon.colcon_core.package_identification:_identify(src/cam_lidar_tools/Metrics/2D_HOTA/hota/trackers/mot_challenge/MOT20-train) by extension 'python'
[0.180s] Level 1:colcon.colcon_core.package_identification:_identify(src/cam_lidar_tools/Metrics/2D_HOTA/hota/trackers/mot_challenge/MOT20-train) by extensions ['python_setup_py']
[0.180s] Level 1:colcon.colcon_core.package_identification:_identify(src/cam_lidar_tools/Metrics/2D_HOTA/hota/trackers/mot_challenge/MOT20-train) by extension 'python_setup_py'
[0.180s] Level 1:colcon.colcon_core.package_identification:_identify(src/cam_lidar_tools/Metrics/2D_HOTA/hota/trackers/mot_challenge/MOT20-train/fusion2d_yolov5m_ocsort_lidar) by extensions ['ignore', 'ignore_ament_install']
[0.180s] Level 1:colcon.colcon_core.package_identification:_identify(src/cam_lidar_tools/Metrics/2D_HOTA/hota/trackers/mot_challenge/MOT20-train/fusion2d_yolov5m_ocsort_lidar) by extension 'ignore'
[0.181s] Level 1:colcon.colcon_core.package_identification:_identify(src/cam_lidar_tools/Metrics/2D_HOTA/hota/trackers/mot_challenge/MOT20-train/fusion2d_yolov5m_ocsort_lidar) by extension 'ignore_ament_install'
[0.181s] Level 1:colcon.colcon_core.package_identification:_identify(src/cam_lidar_tools/Metrics/2D_HOTA/hota/trackers/mot_challenge/MOT20-train/fusion2d_yolov5m_ocsort_lidar) by extensions ['colcon_pkg']
[0.181s] Level 1:colcon.colcon_core.package_identification:_identify(src/cam_lidar_tools/Metrics/2D_HOTA/hota/trackers/mot_challenge/MOT20-train/fusion2d_yolov5m_ocsort_lidar) by extension 'colcon_pkg'
[0.181s] Level 1:colcon.colcon_core.package_identification:_identify(src/cam_lidar_tools/Metrics/2D_HOTA/hota/trackers/mot_challenge/MOT20-train/fusion2d_yolov5m_ocsort_lidar) by extensions ['colcon_meta']
[0.181s] Level 1:colcon.colcon_core.package_identification:_identify(src/cam_lidar_tools/Metrics/2D_HOTA/hota/trackers/mot_challenge/MOT20-train/fusion2d_yolov5m_ocsort_lidar) by extension 'colcon_meta'
[0.181s] Level 1:colcon.colcon_core.package_identification:_identify(src/cam_lidar_tools/Metrics/2D_HOTA/hota/trackers/mot_challenge/MOT20-train/fusion2d_yolov5m_ocsort_lidar) by extensions ['ros']
[0.181s] Level 1:colcon.colcon_core.package_identification:_identify(src/cam_lidar_tools/Metrics/2D_HOTA/hota/trackers/mot_challenge/MOT20-train/fusion2d_yolov5m_ocsort_lidar) by extension 'ros'
[0.181s] Level 1:colcon.colcon_core.package_identification:_identify(src/cam_lidar_tools/Metrics/2D_HOTA/hota/trackers/mot_challenge/MOT20-train/fusion2d_yolov5m_ocsort_lidar) by extensions ['cmake', 'python']
[0.181s] Level 1:colcon.colcon_core.package_identification:_identify(src/cam_lidar_tools/Metrics/2D_HOTA/hota/trackers/mot_challenge/MOT20-train/fusion2d_yolov5m_ocsort_lidar) by extension 'cmake'
[0.181s] Level 1:colcon.colcon_core.package_identification:_identify(src/cam_lidar_tools/Metrics/2D_HOTA/hota/trackers/mot_challenge/MOT20-train/fusion2d_yolov5m_ocsort_lidar) by extension 'python'
[0.181s] Level 1:colcon.colcon_core.package_identification:_identify(src/cam_lidar_tools/Metrics/2D_HOTA/hota/trackers/mot_challenge/MOT20-train/fusion2d_yolov5m_ocsort_lidar) by extensions ['python_setup_py']
[0.181s] Level 1:colcon.colcon_core.package_identification:_identify(src/cam_lidar_tools/Metrics/2D_HOTA/hota/trackers/mot_challenge/MOT20-train/fusion2d_yolov5m_ocsort_lidar) by extension 'python_setup_py'
[0.181s] Level 1:colcon.colcon_core.package_identification:_identify(src/cam_lidar_tools/Metrics/2D_HOTA/hota/trackers/mot_challenge/MOT20-train/fusion2d_yolov5m_ocsort_lidar/data) by extensions ['ignore', 'ignore_ament_install']
[0.181s] Level 1:colcon.colcon_core.package_identification:_identify(src/cam_lidar_tools/Metrics/2D_HOTA/hota/trackers/mot_challenge/MOT20-train/fusion2d_yolov5m_ocsort_lidar/data) by extension 'ignore'
[0.181s] Level 1:colcon.colcon_core.package_identification:_identify(src/cam_lidar_tools/Metrics/2D_HOTA/hota/trackers/mot_challenge/MOT20-train/fusion2d_yolov5m_ocsort_lidar/data) by extension 'ignore_ament_install'
[0.181s] Level 1:colcon.colcon_core.package_identification:_identify(src/cam_lidar_tools/Metrics/2D_HOTA/hota/trackers/mot_challenge/MOT20-train/fusion2d_yolov5m_ocsort_lidar/data) by extensions ['colcon_pkg']
[0.181s] Level 1:colcon.colcon_core.package_identification:_identify(src/cam_lidar_tools/Metrics/2D_HOTA/hota/trackers/mot_challenge/MOT20-train/fusion2d_yolov5m_ocsort_lidar/data) by extension 'colcon_pkg'
[0.181s] Level 1:colcon.colcon_core.package_identification:_identify(src/cam_lidar_tools/Metrics/2D_HOTA/hota/trackers/mot_challenge/MOT20-train/fusion2d_yolov5m_ocsort_lidar/data) by extensions ['colcon_meta']
[0.181s] Level 1:colcon.colcon_core.package_identification:_identify(src/cam_lidar_tools/Metrics/2D_HOTA/hota/trackers/mot_challenge/MOT20-train/fusion2d_yolov5m_ocsort_lidar/data) by extension 'colcon_meta'
[0.181s] Level 1:colcon.colcon_core.package_identification:_identify(src/cam_lidar_tools/Metrics/2D_HOTA/hota/trackers/mot_challenge/MOT20-train/fusion2d_yolov5m_ocsort_lidar/data) by extensions ['ros']
[0.182s] Level 1:colcon.colcon_core.package_identification:_identify(src/cam_lidar_tools/Metrics/2D_HOTA/hota/trackers/mot_challenge/MOT20-train/fusion2d_yolov5m_ocsort_lidar/data) by extension 'ros'
[0.182s] Level 1:colcon.colcon_core.package_identification:_identify(src/cam_lidar_tools/Metrics/2D_HOTA/hota/trackers/mot_challenge/MOT20-train/fusion2d_yolov5m_ocsort_lidar/data) by extensions ['cmake', 'python']
[0.182s] Level 1:colcon.colcon_core.package_identification:_identify(src/cam_lidar_tools/Metrics/2D_HOTA/hota/trackers/mot_challenge/MOT20-train/fusion2d_yolov5m_ocsort_lidar/data) by extension 'cmake'
[0.182s] Level 1:colcon.colcon_core.package_identification:_identify(src/cam_lidar_tools/Metrics/2D_HOTA/hota/trackers/mot_challenge/MOT20-train/fusion2d_yolov5m_ocsort_lidar/data) by extension 'python'
[0.182s] Level 1:colcon.colcon_core.package_identification:_identify(src/cam_lidar_tools/Metrics/2D_HOTA/hota/trackers/mot_challenge/MOT20-train/fusion2d_yolov5m_ocsort_lidar/data) by extensions ['python_setup_py']
[0.182s] Level 1:colcon.colcon_core.package_identification:_identify(src/cam_lidar_tools/Metrics/2D_HOTA/hota/trackers/mot_challenge/MOT20-train/fusion2d_yolov5m_ocsort_lidar/data) by extension 'python_setup_py'
[0.182s] Level 1:colcon.colcon_core.package_identification:_identify(src/cam_lidar_tools/Metrics/2D_HOTA/hota/trackers/mot_challenge/MOT20-train/fusion2d_yolov5n_ocsort_lidar) by extensions ['ignore', 'ignore_ament_install']
[0.182s] Level 1:colcon.colcon_core.package_identification:_identify(src/cam_lidar_tools/Metrics/2D_HOTA/hota/trackers/mot_challenge/MOT20-train/fusion2d_yolov5n_ocsort_lidar) by extension 'ignore'
[0.182s] Level 1:colcon.colcon_core.package_identification:_identify(src/cam_lidar_tools/Metrics/2D_HOTA/hota/trackers/mot_challenge/MOT20-train/fusion2d_yolov5n_ocsort_lidar) by extension 'ignore_ament_install'
[0.182s] Level 1:colcon.colcon_core.package_identification:_identify(src/cam_lidar_tools/Metrics/2D_HOTA/hota/trackers/mot_challenge/MOT20-train/fusion2d_yolov5n_ocsort_lidar) by extensions ['colcon_pkg']
[0.182s] Level 1:colcon.colcon_core.package_identification:_identify(src/cam_lidar_tools/Metrics/2D_HOTA/hota/trackers/mot_challenge/MOT20-train/fusion2d_yolov5n_ocsort_lidar) by extension 'colcon_pkg'
[0.182s] Level 1:colcon.colcon_core.package_identification:_identify(src/cam_lidar_tools/Metrics/2D_HOTA/hota/trackers/mot_challenge/MOT20-train/fusion2d_yolov5n_ocsort_lidar) by extensions ['colcon_meta']
[0.182s] Level 1:colcon.colcon_core.package_identification:_identify(src/cam_lidar_tools/Metrics/2D_HOTA/hota/trackers/mot_challenge/MOT20-train/fusion2d_yolov5n_ocsort_lidar) by extension 'colcon_meta'
[0.182s] Level 1:colcon.colcon_core.package_identification:_identify(src/cam_lidar_tools/Metrics/2D_HOTA/hota/trackers/mot_challenge/MOT20-train/fusion2d_yolov5n_ocsort_lidar) by extensions ['ros']
[0.182s] Level 1:colcon.colcon_core.package_identification:_identify(src/cam_lidar_tools/Metrics/2D_HOTA/hota/trackers/mot_challenge/MOT20-train/fusion2d_yolov5n_ocsort_lidar) by extension 'ros'
[0.182s] Level 1:colcon.colcon_core.package_identification:_identify(src/cam_lidar_tools/Metrics/2D_HOTA/hota/trackers/mot_challenge/MOT20-train/fusion2d_yolov5n_ocsort_lidar) by extensions ['cmake', 'python']
[0.182s] Level 1:colcon.colcon_core.package_identification:_identify(src/cam_lidar_tools/Metrics/2D_HOTA/hota/trackers/mot_challenge/MOT20-train/fusion2d_yolov5n_ocsort_lidar) by extension 'cmake'
[0.182s] Level 1:colcon.colcon_core.package_identification:_identify(src/cam_lidar_tools/Metrics/2D_HOTA/hota/trackers/mot_challenge/MOT20-train/fusion2d_yolov5n_ocsort_lidar) by extension 'python'
[0.182s] Level 1:colcon.colcon_core.package_identification:_identify(src/cam_lidar_tools/Metrics/2D_HOTA/hota/trackers/mot_challenge/MOT20-train/fusion2d_yolov5n_ocsort_lidar) by extensions ['python_setup_py']
[0.182s] Level 1:colcon.colcon_core.package_identification:_identify(src/cam_lidar_tools/Metrics/2D_HOTA/hota/trackers/mot_challenge/MOT20-train/fusion2d_yolov5n_ocsort_lidar) by extension 'python_setup_py'
[0.182s] Level 1:colcon.colcon_core.package_identification:_identify(src/cam_lidar_tools/Metrics/2D_HOTA/hota/trackers/mot_challenge/MOT20-train/fusion2d_yolov5n_ocsort_lidar/data) by extensions ['ignore', 'ignore_ament_install']
[0.182s] Level 1:colcon.colcon_core.package_identification:_identify(src/cam_lidar_tools/Metrics/2D_HOTA/hota/trackers/mot_challenge/MOT20-train/fusion2d_yolov5n_ocsort_lidar/data) by extension 'ignore'
[0.182s] Level 1:colcon.colcon_core.package_identification:_identify(src/cam_lidar_tools/Metrics/2D_HOTA/hota/trackers/mot_challenge/MOT20-train/fusion2d_yolov5n_ocsort_lidar/data) by extension 'ignore_ament_install'
[0.182s] Level 1:colcon.colcon_core.package_identification:_identify(src/cam_lidar_tools/Metrics/2D_HOTA/hota/trackers/mot_challenge/MOT20-train/fusion2d_yolov5n_ocsort_lidar/data) by extensions ['colcon_pkg']
[0.182s] Level 1:colcon.colcon_core.package_identification:_identify(src/cam_lidar_tools/Metrics/2D_HOTA/hota/trackers/mot_challenge/MOT20-train/fusion2d_yolov5n_ocsort_lidar/data) by extension 'colcon_pkg'
[0.182s] Level 1:colcon.colcon_core.package_identification:_identify(src/cam_lidar_tools/Metrics/2D_HOTA/hota/trackers/mot_challenge/MOT20-train/fusion2d_yolov5n_ocsort_lidar/data) by extensions ['colcon_meta']
[0.183s] Level 1:colcon.colcon_core.package_identification:_identify(src/cam_lidar_tools/Metrics/2D_HOTA/hota/trackers/mot_challenge/MOT20-train/fusion2d_yolov5n_ocsort_lidar/data) by extension 'colcon_meta'
[0.183s] Level 1:colcon.colcon_core.package_identification:_identify(src/cam_lidar_tools/Metrics/2D_HOTA/hota/trackers/mot_challenge/MOT20-train/fusion2d_yolov5n_ocsort_lidar/data) by extensions ['ros']
[0.183s] Level 1:colcon.colcon_core.package_identification:_identify(src/cam_lidar_tools/Metrics/2D_HOTA/hota/trackers/mot_challenge/MOT20-train/fusion2d_yolov5n_ocsort_lidar/data) by extension 'ros'
[0.183s] Level 1:colcon.colcon_core.package_identification:_identify(src/cam_lidar_tools/Metrics/2D_HOTA/hota/trackers/mot_challenge/MOT20-train/fusion2d_yolov5n_ocsort_lidar/data) by extensions ['cmake', 'python']
[0.183s] Level 1:colcon.colcon_core.package_identification:_identify(src/cam_lidar_tools/Metrics/2D_HOTA/hota/trackers/mot_challenge/MOT20-train/fusion2d_yolov5n_ocsort_lidar/data) by extension 'cmake'
[0.183s] Level 1:colcon.colcon_core.package_identification:_identify(src/cam_lidar_tools/Metrics/2D_HOTA/hota/trackers/mot_challenge/MOT20-train/fusion2d_yolov5n_ocsort_lidar/data) by extension 'python'
[0.183s] Level 1:colcon.colcon_core.package_identification:_identify(src/cam_lidar_tools/Metrics/2D_HOTA/hota/trackers/mot_challenge/MOT20-train/fusion2d_yolov5n_ocsort_lidar/data) by extensions ['python_setup_py']
[0.183s] Level 1:colcon.colcon_core.package_identification:_identify(src/cam_lidar_tools/Metrics/2D_HOTA/hota/trackers/mot_challenge/MOT20-train/fusion2d_yolov5n_ocsort_lidar/data) by extension 'python_setup_py'
[0.183s] Level 1:colcon.colcon_core.package_identification:_identify(src/cam_lidar_tools/Metrics/2D_mAP) by extensions ['ignore', 'ignore_ament_install']
[0.183s] Level 1:colcon.colcon_core.package_identification:_identify(src/cam_lidar_tools/Metrics/2D_mAP) by extension 'ignore'
[0.183s] Level 1:colcon.colcon_core.package_identification:_identify(src/cam_lidar_tools/Metrics/2D_mAP) by extension 'ignore_ament_install'
[0.183s] Level 1:colcon.colcon_core.package_identification:_identify(src/cam_lidar_tools/Metrics/2D_mAP) by extensions ['colcon_pkg']
[0.183s] Level 1:colcon.colcon_core.package_identification:_identify(src/cam_lidar_tools/Metrics/2D_mAP) by extension 'colcon_pkg'
[0.183s] Level 1:colcon.colcon_core.package_identification:_identify(src/cam_lidar_tools/Metrics/2D_mAP) by extensions ['colcon_meta']
[0.183s] Level 1:colcon.colcon_core.package_identification:_identify(src/cam_lidar_tools/Metrics/2D_mAP) by extension 'colcon_meta'
[0.183s] Level 1:colcon.colcon_core.package_identification:_identify(src/cam_lidar_tools/Metrics/2D_mAP) by extensions ['ros']
[0.183s] Level 1:colcon.colcon_core.package_identification:_identify(src/cam_lidar_tools/Metrics/2D_mAP) by extension 'ros'
[0.183s] Level 1:colcon.colcon_core.package_identification:_identify(src/cam_lidar_tools/Metrics/2D_mAP) by extensions ['cmake', 'python']
[0.183s] Level 1:colcon.colcon_core.package_identification:_identify(src/cam_lidar_tools/Metrics/2D_mAP) by extension 'cmake'
[0.183s] Level 1:colcon.colcon_core.package_identification:_identify(src/cam_lidar_tools/Metrics/2D_mAP) by extension 'python'
[0.183s] Level 1:colcon.colcon_core.package_identification:_identify(src/cam_lidar_tools/Metrics/2D_mAP) by extensions ['python_setup_py']
[0.183s] Level 1:colcon.colcon_core.package_identification:_identify(src/cam_lidar_tools/Metrics/2D_mAP) by extension 'python_setup_py'
[0.183s] Level 1:colcon.colcon_core.package_identification:_identify(src/cam_lidar_tools/Metrics/3D_F1) by extensions ['ignore', 'ignore_ament_install']
[0.183s] Level 1:colcon.colcon_core.package_identification:_identify(src/cam_lidar_tools/Metrics/3D_F1) by extension 'ignore'
[0.183s] Level 1:colcon.colcon_core.package_identification:_identify(src/cam_lidar_tools/Metrics/3D_F1) by extension 'ignore_ament_install'
[0.183s] Level 1:colcon.colcon_core.package_identification:_identify(src/cam_lidar_tools/Metrics/3D_F1) by extensions ['colcon_pkg']
[0.183s] Level 1:colcon.colcon_core.package_identification:_identify(src/cam_lidar_tools/Metrics/3D_F1) by extension 'colcon_pkg'
[0.183s] Level 1:colcon.colcon_core.package_identification:_identify(src/cam_lidar_tools/Metrics/3D_F1) by extensions ['colcon_meta']
[0.183s] Level 1:colcon.colcon_core.package_identification:_identify(src/cam_lidar_tools/Metrics/3D_F1) by extension 'colcon_meta'
[0.183s] Level 1:colcon.colcon_core.package_identification:_identify(src/cam_lidar_tools/Metrics/3D_F1) by extensions ['ros']
[0.183s] Level 1:colcon.colcon_core.package_identification:_identify(src/cam_lidar_tools/Metrics/3D_F1) by extension 'ros'
[0.183s] Level 1:colcon.colcon_core.package_identification:_identify(src/cam_lidar_tools/Metrics/3D_F1) by extensions ['cmake', 'python']
[0.183s] Level 1:colcon.colcon_core.package_identification:_identify(src/cam_lidar_tools/Metrics/3D_F1) by extension 'cmake'
[0.183s] Level 1:colcon.colcon_core.package_identification:_identify(src/cam_lidar_tools/Metrics/3D_F1) by extension 'python'
[0.183s] Level 1:colcon.colcon_core.package_identification:_identify(src/cam_lidar_tools/Metrics/3D_F1) by extensions ['python_setup_py']
[0.183s] Level 1:colcon.colcon_core.package_identification:_identify(src/cam_lidar_tools/Metrics/3D_F1) by extension 'python_setup_py'
[0.183s] Level 1:colcon.colcon_core.package_identification:_identify(src/cam_lidar_tools/Metrics/Archive) by extensions ['ignore', 'ignore_ament_install']
[0.183s] Level 1:colcon.colcon_core.package_identification:_identify(src/cam_lidar_tools/Metrics/Archive) by extension 'ignore'
[0.183s] Level 1:colcon.colcon_core.package_identification:_identify(src/cam_lidar_tools/Metrics/Archive) by extension 'ignore_ament_install'
[0.184s] Level 1:colcon.colcon_core.package_identification:_identify(src/cam_lidar_tools/Metrics/Archive) by extensions ['colcon_pkg']
[0.184s] Level 1:colcon.colcon_core.package_identification:_identify(src/cam_lidar_tools/Metrics/Archive) by extension 'colcon_pkg'
[0.184s] Level 1:colcon.colcon_core.package_identification:_identify(src/cam_lidar_tools/Metrics/Archive) by extensions ['colcon_meta']
[0.184s] Level 1:colcon.colcon_core.package_identification:_identify(src/cam_lidar_tools/Metrics/Archive) by extension 'colcon_meta'
[0.184s] Level 1:colcon.colcon_core.package_identification:_identify(src/cam_lidar_tools/Metrics/Archive) by extensions ['ros']
[0.184s] Level 1:colcon.colcon_core.package_identification:_identify(src/cam_lidar_tools/Metrics/Archive) by extension 'ros'
[0.184s] Level 1:colcon.colcon_core.package_identification:_identify(src/cam_lidar_tools/Metrics/Archive) by extensions ['cmake', 'python']
[0.184s] Level 1:colcon.colcon_core.package_identification:_identify(src/cam_lidar_tools/Metrics/Archive) by extension 'cmake'
[0.184s] Level 1:colcon.colcon_core.package_identification:_identify(src/cam_lidar_tools/Metrics/Archive) by extension 'python'
[0.184s] Level 1:colcon.colcon_core.package_identification:_identify(src/cam_lidar_tools/Metrics/Archive) by extensions ['python_setup_py']
[0.184s] Level 1:colcon.colcon_core.package_identification:_identify(src/cam_lidar_tools/Metrics/Archive) by extension 'python_setup_py'
[0.184s] Level 1:colcon.colcon_core.package_identification:_identify(src/cam_lidar_tools/cam_lidar_bringup) by extensions ['ignore', 'ignore_ament_install']
[0.184s] Level 1:colcon.colcon_core.package_identification:_identify(src/cam_lidar_tools/cam_lidar_bringup) by extension 'ignore'
[0.184s] Level 1:colcon.colcon_core.package_identification:_identify(src/cam_lidar_tools/cam_lidar_bringup) by extension 'ignore_ament_install'
[0.184s] Level 1:colcon.colcon_core.package_identification:_identify(src/cam_lidar_tools/cam_lidar_bringup) by extensions ['colcon_pkg']
[0.184s] Level 1:colcon.colcon_core.package_identification:_identify(src/cam_lidar_tools/cam_lidar_bringup) by extension 'colcon_pkg'
[0.184s] Level 1:colcon.colcon_core.package_identification:_identify(src/cam_lidar_tools/cam_lidar_bringup) by extensions ['colcon_meta']
[0.184s] Level 1:colcon.colcon_core.package_identification:_identify(src/cam_lidar_tools/cam_lidar_bringup) by extension 'colcon_meta'
[0.184s] Level 1:colcon.colcon_core.package_identification:_identify(src/cam_lidar_tools/cam_lidar_bringup) by extensions ['ros']
[0.184s] Level 1:colcon.colcon_core.package_identification:_identify(src/cam_lidar_tools/cam_lidar_bringup) by extension 'ros'
[0.185s] DEBUG:colcon.colcon_core.package_identification:Package 'src/cam_lidar_tools/cam_lidar_bringup' with type 'ros.ament_cmake' and name 'cam_lidar_bringup'
[0.185s] Level 1:colcon.colcon_core.package_identification:_identify(src/cam_lidar_tools/camera) by extensions ['ignore', 'ignore_ament_install']
[0.185s] Level 1:colcon.colcon_core.package_identification:_identify(src/cam_lidar_tools/camera) by extension 'ignore'
[0.185s] Level 1:colcon.colcon_core.package_identification:_identify(src/cam_lidar_tools/camera) by extension 'ignore_ament_install'
[0.186s] Level 1:colcon.colcon_core.package_identification:_identify(src/cam_lidar_tools/camera) by extensions ['colcon_pkg']
[0.186s] Level 1:colcon.colcon_core.package_identification:_identify(src/cam_lidar_tools/camera) by extension 'colcon_pkg'
[0.186s] Level 1:colcon.colcon_core.package_identification:_identify(src/cam_lidar_tools/camera) by extensions ['colcon_meta']
[0.186s] Level 1:colcon.colcon_core.package_identification:_identify(src/cam_lidar_tools/camera) by extension 'colcon_meta'
[0.186s] Level 1:colcon.colcon_core.package_identification:_identify(src/cam_lidar_tools/camera) by extensions ['ros']
[0.186s] Level 1:colcon.colcon_core.package_identification:_identify(src/cam_lidar_tools/camera) by extension 'ros'
[0.186s] Level 1:colcon.colcon_core.package_identification:_identify(src/cam_lidar_tools/camera) by extensions ['cmake', 'python']
[0.186s] Level 1:colcon.colcon_core.package_identification:_identify(src/cam_lidar_tools/camera) by extension 'cmake'
[0.186s] Level 1:colcon.colcon_core.package_identification:_identify(src/cam_lidar_tools/camera) by extension 'python'
[0.186s] Level 1:colcon.colcon_core.package_identification:_identify(src/cam_lidar_tools/camera) by extensions ['python_setup_py']
[0.186s] Level 1:colcon.colcon_core.package_identification:_identify(src/cam_lidar_tools/camera) by extension 'python_setup_py'
[0.186s] Level 1:colcon.colcon_core.package_identification:_identify(src/cam_lidar_tools/camera/camera_det2d) by extensions ['ignore', 'ignore_ament_install']
[0.186s] Level 1:colcon.colcon_core.package_identification:_identify(src/cam_lidar_tools/camera/camera_det2d) by extension 'ignore'
[0.186s] Level 1:colcon.colcon_core.package_identification:_identify(src/cam_lidar_tools/camera/camera_det2d) by extension 'ignore_ament_install'
[0.186s] Level 1:colcon.colcon_core.package_identification:_identify(src/cam_lidar_tools/camera/camera_det2d) by extensions ['colcon_pkg']
[0.186s] Level 1:colcon.colcon_core.package_identification:_identify(src/cam_lidar_tools/camera/camera_det2d) by extension 'colcon_pkg'
[0.186s] Level 1:colcon.colcon_core.package_identification:_identify(src/cam_lidar_tools/camera/camera_det2d) by extensions ['colcon_meta']
[0.186s] Level 1:colcon.colcon_core.package_identification:_identify(src/cam_lidar_tools/camera/camera_det2d) by extension 'colcon_meta'
[0.186s] Level 1:colcon.colcon_core.package_identification:_identify(src/cam_lidar_tools/camera/camera_det2d) by extensions ['ros']
[0.186s] Level 1:colcon.colcon_core.package_identification:_identify(src/cam_lidar_tools/camera/camera_det2d) by extension 'ros'
[0.186s] DEBUG:colcon.colcon_core.package_identification:Package 'src/cam_lidar_tools/camera/camera_det2d' with type 'ros.ament_python' and name 'camera_det2d'
[0.186s] Level 1:colcon.colcon_core.package_identification:_identify(src/cam_lidar_tools/camera/camera_det3d) by extensions ['ignore', 'ignore_ament_install']
[0.186s] Level 1:colcon.colcon_core.package_identification:_identify(src/cam_lidar_tools/camera/camera_det3d) by extension 'ignore'
[0.186s] Level 1:colcon.colcon_core.package_identification:_identify(src/cam_lidar_tools/camera/camera_det3d) by extension 'ignore_ament_install'
[0.187s] Level 1:colcon.colcon_core.package_identification:_identify(src/cam_lidar_tools/camera/camera_det3d) by extensions ['colcon_pkg']
[0.187s] Level 1:colcon.colcon_core.package_identification:_identify(src/cam_lidar_tools/camera/camera_det3d) by extension 'colcon_pkg'
[0.187s] Level 1:colcon.colcon_core.package_identification:_identify(src/cam_lidar_tools/camera/camera_det3d) by extensions ['colcon_meta']
[0.187s] Level 1:colcon.colcon_core.package_identification:_identify(src/cam_lidar_tools/camera/camera_det3d) by extension 'colcon_meta'
[0.187s] Level 1:colcon.colcon_core.package_identification:_identify(src/cam_lidar_tools/camera/camera_det3d) by extensions ['ros']
[0.187s] Level 1:colcon.colcon_core.package_identification:_identify(src/cam_lidar_tools/camera/camera_det3d) by extension 'ros'
[0.187s] DEBUG:colcon.colcon_core.package_identification:Package 'src/cam_lidar_tools/camera/camera_det3d' with type 'ros.ament_python' and name 'camera_det3d'
[0.187s] Level 1:colcon.colcon_core.package_identification:_identify(src/cam_lidar_tools/data_tools) by extensions ['ignore', 'ignore_ament_install']
[0.187s] Level 1:colcon.colcon_core.package_identification:_identify(src/cam_lidar_tools/data_tools) by extension 'ignore'
[0.187s] Level 1:colcon.colcon_core.package_identification:_identify(src/cam_lidar_tools/data_tools) by extension 'ignore_ament_install'
[0.187s] Level 1:colcon.colcon_core.package_identification:_identify(src/cam_lidar_tools/data_tools) by extensions ['colcon_pkg']
[0.187s] Level 1:colcon.colcon_core.package_identification:_identify(src/cam_lidar_tools/data_tools) by extension 'colcon_pkg'
[0.187s] Level 1:colcon.colcon_core.package_identification:_identify(src/cam_lidar_tools/data_tools) by extensions ['colcon_meta']
[0.187s] Level 1:colcon.colcon_core.package_identification:_identify(src/cam_lidar_tools/data_tools) by extension 'colcon_meta'
[0.187s] Level 1:colcon.colcon_core.package_identification:_identify(src/cam_lidar_tools/data_tools) by extensions ['ros']
[0.187s] Level 1:colcon.colcon_core.package_identification:_identify(src/cam_lidar_tools/data_tools) by extension 'ros'
[0.188s] DEBUG:colcon.colcon_core.package_identification:Package 'src/cam_lidar_tools/data_tools' with type 'ros.ament_cmake' and name 'data_tools'
[0.188s] Level 1:colcon.colcon_core.package_identification:_identify(src/cam_lidar_tools/drivers) by extensions ['ignore', 'ignore_ament_install']
[0.188s] Level 1:colcon.colcon_core.package_identification:_identify(src/cam_lidar_tools/drivers) by extension 'ignore'
[0.188s] Level 1:colcon.colcon_core.package_identification:_identify(src/cam_lidar_tools/drivers) by extension 'ignore_ament_install'
[0.188s] Level 1:colcon.colcon_core.package_identification:_identify(src/cam_lidar_tools/drivers) by extensions ['colcon_pkg']
[0.188s] Level 1:colcon.colcon_core.package_identification:_identify(src/cam_lidar_tools/drivers) by extension 'colcon_pkg'
[0.188s] Level 1:colcon.colcon_core.package_identification:_identify(src/cam_lidar_tools/drivers) by extensions ['colcon_meta']
[0.188s] Level 1:colcon.colcon_core.package_identification:_identify(src/cam_lidar_tools/drivers) by extension 'colcon_meta'
[0.188s] Level 1:colcon.colcon_core.package_identification:_identify(src/cam_lidar_tools/drivers) by extensions ['ros']
[0.188s] Level 1:colcon.colcon_core.package_identification:_identify(src/cam_lidar_tools/drivers) by extension 'ros'
[0.188s] Level 1:colcon.colcon_core.package_identification:_identify(src/cam_lidar_tools/drivers) by extensions ['cmake', 'python']
[0.188s] Level 1:colcon.colcon_core.package_identification:_identify(src/cam_lidar_tools/drivers) by extension 'cmake'
[0.188s] Level 1:colcon.colcon_core.package_identification:_identify(src/cam_lidar_tools/drivers) by extension 'python'
[0.188s] Level 1:colcon.colcon_core.package_identification:_identify(src/cam_lidar_tools/drivers) by extensions ['python_setup_py']
[0.188s] Level 1:colcon.colcon_core.package_identification:_identify(src/cam_lidar_tools/drivers) by extension 'python_setup_py'
[0.188s] Level 1:colcon.colcon_core.package_identification:_identify(src/cam_lidar_tools/drivers/cam2image) by extensions ['ignore', 'ignore_ament_install']
[0.188s] Level 1:colcon.colcon_core.package_identification:_identify(src/cam_lidar_tools/drivers/cam2image) by extension 'ignore'
[0.188s] Level 1:colcon.colcon_core.package_identification:_identify(src/cam_lidar_tools/drivers/cam2image) by extension 'ignore_ament_install'
[0.188s] Level 1:colcon.colcon_core.package_identification:_identify(src/cam_lidar_tools/drivers/cam2image) by extensions ['colcon_pkg']
[0.188s] Level 1:colcon.colcon_core.package_identification:_identify(src/cam_lidar_tools/drivers/cam2image) by extension 'colcon_pkg'
[0.188s] Level 1:colcon.colcon_core.package_identification:_identify(src/cam_lidar_tools/drivers/cam2image) by extensions ['colcon_meta']
[0.188s] Level 1:colcon.colcon_core.package_identification:_identify(src/cam_lidar_tools/drivers/cam2image) by extension 'colcon_meta'
[0.188s] Level 1:colcon.colcon_core.package_identification:_identify(src/cam_lidar_tools/drivers/cam2image) by extensions ['ros']
[0.188s] Level 1:colcon.colcon_core.package_identification:_identify(src/cam_lidar_tools/drivers/cam2image) by extension 'ros'
[0.189s] DEBUG:colcon.colcon_core.package_identification:Package 'src/cam_lidar_tools/drivers/cam2image' with type 'ros.ament_cmake' and name 'cam2image'
[0.189s] Level 1:colcon.colcon_core.package_identification:_identify(src/cam_lidar_tools/fusion) by extensions ['ignore', 'ignore_ament_install']
[0.189s] Level 1:colcon.colcon_core.package_identification:_identify(src/cam_lidar_tools/fusion) by extension 'ignore'
[0.189s] Level 1:colcon.colcon_core.package_identification:_identify(src/cam_lidar_tools/fusion) by extension 'ignore_ament_install'
[0.189s] Level 1:colcon.colcon_core.package_identification:_identify(src/cam_lidar_tools/fusion) by extensions ['colcon_pkg']
[0.189s] Level 1:colcon.colcon_core.package_identification:_identify(src/cam_lidar_tools/fusion) by extension 'colcon_pkg'
[0.189s] Level 1:colcon.colcon_core.package_identification:_identify(src/cam_lidar_tools/fusion) by extensions ['colcon_meta']
[0.189s] Level 1:colcon.colcon_core.package_identification:_identify(src/cam_lidar_tools/fusion) by extension 'colcon_meta'
[0.189s] Level 1:colcon.colcon_core.package_identification:_identify(src/cam_lidar_tools/fusion) by extensions ['ros']
[0.189s] Level 1:colcon.colcon_core.package_identification:_identify(src/cam_lidar_tools/fusion) by extension 'ros'
[0.189s] Level 1:colcon.colcon_core.package_identification:_identify(src/cam_lidar_tools/fusion) by extensions ['cmake', 'python']
[0.189s] Level 1:colcon.colcon_core.package_identification:_identify(src/cam_lidar_tools/fusion) by extension 'cmake'
[0.189s] Level 1:colcon.colcon_core.package_identification:_identify(src/cam_lidar_tools/fusion) by extension 'python'
[0.189s] Level 1:colcon.colcon_core.package_identification:_identify(src/cam_lidar_tools/fusion) by extensions ['python_setup_py']
[0.189s] Level 1:colcon.colcon_core.package_identification:_identify(src/cam_lidar_tools/fusion) by extension 'python_setup_py'
[0.189s] Level 1:colcon.colcon_core.package_identification:_identify(src/cam_lidar_tools/fusion/fusion_2d) by extensions ['ignore', 'ignore_ament_install']
[0.189s] Level 1:colcon.colcon_core.package_identification:_identify(src/cam_lidar_tools/fusion/fusion_2d) by extension 'ignore'
[0.189s] Level 1:colcon.colcon_core.package_identification:_identify(src/cam_lidar_tools/fusion/fusion_2d) by extension 'ignore_ament_install'
[0.189s] Level 1:colcon.colcon_core.package_identification:_identify(src/cam_lidar_tools/fusion/fusion_2d) by extensions ['colcon_pkg']
[0.189s] Level 1:colcon.colcon_core.package_identification:_identify(src/cam_lidar_tools/fusion/fusion_2d) by extension 'colcon_pkg'
[0.189s] Level 1:colcon.colcon_core.package_identification:_identify(src/cam_lidar_tools/fusion/fusion_2d) by extensions ['colcon_meta']
[0.189s] Level 1:colcon.colcon_core.package_identification:_identify(src/cam_lidar_tools/fusion/fusion_2d) by extension 'colcon_meta'
[0.189s] Level 1:colcon.colcon_core.package_identification:_identify(src/cam_lidar_tools/fusion/fusion_2d) by extensions ['ros']
[0.189s] Level 1:colcon.colcon_core.package_identification:_identify(src/cam_lidar_tools/fusion/fusion_2d) by extension 'ros'
[0.190s] DEBUG:colcon.colcon_core.package_identification:Package 'src/cam_lidar_tools/fusion/fusion_2d' with type 'ros.ament_python' and name 'fusion_2d'
[0.190s] Level 1:colcon.colcon_core.package_identification:_identify(src/cam_lidar_tools/fusion/fusion_3d) by extensions ['ignore', 'ignore_ament_install']
[0.190s] Level 1:colcon.colcon_core.package_identification:_identify(src/cam_lidar_tools/fusion/fusion_3d) by extension 'ignore'
[0.190s] Level 1:colcon.colcon_core.package_identification:_identify(src/cam_lidar_tools/fusion/fusion_3d) by extension 'ignore_ament_install'
[0.190s] Level 1:colcon.colcon_core.package_identification:_identify(src/cam_lidar_tools/fusion/fusion_3d) by extensions ['colcon_pkg']
[0.190s] Level 1:colcon.colcon_core.package_identification:_identify(src/cam_lidar_tools/fusion/fusion_3d) by extension 'colcon_pkg'
[0.190s] Level 1:colcon.colcon_core.package_identification:_identify(src/cam_lidar_tools/fusion/fusion_3d) by extensions ['colcon_meta']
[0.190s] Level 1:colcon.colcon_core.package_identification:_identify(src/cam_lidar_tools/fusion/fusion_3d) by extension 'colcon_meta'
[0.190s] Level 1:colcon.colcon_core.package_identification:_identify(src/cam_lidar_tools/fusion/fusion_3d) by extensions ['ros']
[0.190s] Level 1:colcon.colcon_core.package_identification:_identify(src/cam_lidar_tools/fusion/fusion_3d) by extension 'ros'
[0.191s] DEBUG:colcon.colcon_core.package_identification:Package 'src/cam_lidar_tools/fusion/fusion_3d' with type 'ros.ament_python' and name 'fusion_3d'
[0.191s] Level 1:colcon.colcon_core.package_identification:_identify(src/cam_lidar_tools/lidar) by extensions ['ignore', 'ignore_ament_install']
[0.191s] Level 1:colcon.colcon_core.package_identification:_identify(src/cam_lidar_tools/lidar) by extension 'ignore'
[0.191s] Level 1:colcon.colcon_core.package_identification:_identify(src/cam_lidar_tools/lidar) by extension 'ignore_ament_install'
[0.191s] Level 1:colcon.colcon_core.package_identification:_identify(src/cam_lidar_tools/lidar) by extensions ['colcon_pkg']
[0.191s] Level 1:colcon.colcon_core.package_identification:_identify(src/cam_lidar_tools/lidar) by extension 'colcon_pkg'
[0.191s] Level 1:colcon.colcon_core.package_identification:_identify(src/cam_lidar_tools/lidar) by extensions ['colcon_meta']
[0.191s] Level 1:colcon.colcon_core.package_identification:_identify(src/cam_lidar_tools/lidar) by extension 'colcon_meta'
[0.191s] Level 1:colcon.colcon_core.package_identification:_identify(src/cam_lidar_tools/lidar) by extensions ['ros']
[0.191s] Level 1:colcon.colcon_core.package_identification:_identify(src/cam_lidar_tools/lidar) by extension 'ros'
[0.191s] Level 1:colcon.colcon_core.package_identification:_identify(src/cam_lidar_tools/lidar) by extensions ['cmake', 'python']
[0.191s] Level 1:colcon.colcon_core.package_identification:_identify(src/cam_lidar_tools/lidar) by extension 'cmake'
[0.191s] Level 1:colcon.colcon_core.package_identification:_identify(src/cam_lidar_tools/lidar) by extension 'python'
[0.191s] Level 1:colcon.colcon_core.package_identification:_identify(src/cam_lidar_tools/lidar) by extensions ['python_setup_py']
[0.191s] Level 1:colcon.colcon_core.package_identification:_identify(src/cam_lidar_tools/lidar) by extension 'python_setup_py'
[0.191s] Level 1:colcon.colcon_core.package_identification:_identify(src/cam_lidar_tools/lidar/learned_lidar_detector) by extensions ['ignore', 'ignore_ament_install']
[0.191s] Level 1:colcon.colcon_core.package_identification:_identify(src/cam_lidar_tools/lidar/learned_lidar_detector) by extension 'ignore'
[0.191s] Level 1:colcon.colcon_core.package_identification:_identify(src/cam_lidar_tools/lidar/learned_lidar_detector) by extension 'ignore_ament_install'
[0.191s] Level 1:colcon.colcon_core.package_identification:_identify(src/cam_lidar_tools/lidar/learned_lidar_detector) by extensions ['colcon_pkg']
[0.191s] Level 1:colcon.colcon_core.package_identification:_identify(src/cam_lidar_tools/lidar/learned_lidar_detector) by extension 'colcon_pkg'
[0.191s] Level 1:colcon.colcon_core.package_identification:_identify(src/cam_lidar_tools/lidar/learned_lidar_detector) by extensions ['colcon_meta']
[0.191s] Level 1:colcon.colcon_core.package_identification:_identify(src/cam_lidar_tools/lidar/learned_lidar_detector) by extension 'colcon_meta'
[0.191s] Level 1:colcon.colcon_core.package_identification:_identify(src/cam_lidar_tools/lidar/learned_lidar_detector) by extensions ['ros']
[0.191s] Level 1:colcon.colcon_core.package_identification:_identify(src/cam_lidar_tools/lidar/learned_lidar_detector) by extension 'ros'
[0.192s] DEBUG:colcon.colcon_core.package_identification:Package 'src/cam_lidar_tools/lidar/learned_lidar_detector' with type 'ros.ament_python' and name 'learned_lidar_detector'
[0.192s] Level 1:colcon.colcon_core.package_identification:_identify(src/cam_lidar_tools/lidar/lidar_obj_classifier) by extensions ['ignore', 'ignore_ament_install']
[0.192s] Level 1:colcon.colcon_core.package_identification:_identify(src/cam_lidar_tools/lidar/lidar_obj_classifier) by extension 'ignore'
[0.192s] Level 1:colcon.colcon_core.package_identification:_identify(src/cam_lidar_tools/lidar/lidar_obj_classifier) by extension 'ignore_ament_install'
[0.192s] Level 1:colcon.colcon_core.package_identification:_identify(src/cam_lidar_tools/lidar/lidar_obj_classifier) by extensions ['colcon_pkg']
[0.192s] Level 1:colcon.colcon_core.package_identification:_identify(src/cam_lidar_tools/lidar/lidar_obj_classifier) by extension 'colcon_pkg'
[0.192s] Level 1:colcon.colcon_core.package_identification:_identify(src/cam_lidar_tools/lidar/lidar_obj_classifier) by extensions ['colcon_meta']
[0.192s] Level 1:colcon.colcon_core.package_identification:_identify(src/cam_lidar_tools/lidar/lidar_obj_classifier) by extension 'colcon_meta'
[0.192s] Level 1:colcon.colcon_core.package_identification:_identify(src/cam_lidar_tools/lidar/lidar_obj_classifier) by extensions ['ros']
[0.192s] Level 1:colcon.colcon_core.package_identification:_identify(src/cam_lidar_tools/lidar/lidar_obj_classifier) by extension 'ros'
[0.193s] DEBUG:colcon.colcon_core.package_identification:Package 'src/cam_lidar_tools/lidar/lidar_obj_classifier' with type 'ros.ament_python' and name 'lidar_obj_classifier'
[0.193s] Level 1:colcon.colcon_core.package_identification:_identify(src/cam_lidar_tools/lidar/pipeline_interfaces) by extensions ['ignore', 'ignore_ament_install']
[0.193s] Level 1:colcon.colcon_core.package_identification:_identify(src/cam_lidar_tools/lidar/pipeline_interfaces) by extension 'ignore'
[0.193s] Level 1:colcon.colcon_core.package_identification:_identify(src/cam_lidar_tools/lidar/pipeline_interfaces) by extension 'ignore_ament_install'
[0.193s] Level 1:colcon.colcon_core.package_identification:_identify(src/cam_lidar_tools/lidar/pipeline_interfaces) by extensions ['colcon_pkg']
[0.193s] Level 1:colcon.colcon_core.package_identification:_identify(src/cam_lidar_tools/lidar/pipeline_interfaces) by extension 'colcon_pkg'
[0.193s] Level 1:colcon.colcon_core.package_identification:_identify(src/cam_lidar_tools/lidar/pipeline_interfaces) by extensions ['colcon_meta']
[0.193s] Level 1:colcon.colcon_core.package_identification:_identify(src/cam_lidar_tools/lidar/pipeline_interfaces) by extension 'colcon_meta'
[0.193s] Level 1:colcon.colcon_core.package_identification:_identify(src/cam_lidar_tools/lidar/pipeline_interfaces) by extensions ['ros']
[0.193s] Level 1:colcon.colcon_core.package_identification:_identify(src/cam_lidar_tools/lidar/pipeline_interfaces) by extension 'ros'
[0.193s] DEBUG:colcon.colcon_core.package_identification:Package 'src/cam_lidar_tools/lidar/pipeline_interfaces' with type 'ros.ament_cmake' and name 'pipeline_interfaces'
[0.193s] Level 1:colcon.colcon_core.package_identification:_identify(src/cam_lidar_tools/lidar/trad_lidar_detector) by extensions ['ignore', 'ignore_ament_install']
[0.193s] Level 1:colcon.colcon_core.package_identification:_identify(src/cam_lidar_tools/lidar/trad_lidar_detector) by extension 'ignore'
[0.194s] Level 1:colcon.colcon_core.package_identification:_identify(src/cam_lidar_tools/lidar/trad_lidar_detector) by extension 'ignore_ament_install'
[0.194s] Level 1:colcon.colcon_core.package_identification:_identify(src/cam_lidar_tools/lidar/trad_lidar_detector) by extensions ['colcon_pkg']
[0.194s] Level 1:colcon.colcon_core.package_identification:_identify(src/cam_lidar_tools/lidar/trad_lidar_detector) by extension 'colcon_pkg'
[0.194s] Level 1:colcon.colcon_core.package_identification:_identify(src/cam_lidar_tools/lidar/trad_lidar_detector) by extensions ['colcon_meta']
[0.194s] Level 1:colcon.colcon_core.package_identification:_identify(src/cam_lidar_tools/lidar/trad_lidar_detector) by extension 'colcon_meta'
[0.194s] Level 1:colcon.colcon_core.package_identification:_identify(src/cam_lidar_tools/lidar/trad_lidar_detector) by extensions ['ros']
[0.194s] Level 1:colcon.colcon_core.package_identification:_identify(src/cam_lidar_tools/lidar/trad_lidar_detector) by extension 'ros'
[0.194s] DEBUG:colcon.colcon_core.package_identification:Package 'src/cam_lidar_tools/lidar/trad_lidar_detector' with type 'ros.ament_cmake' and name 'trad_lidar_detector'
[0.194s] Level 1:colcon.colcon_core.package_identification:_identify(src/cam_lidar_tools/obj_tracker) by extensions ['ignore', 'ignore_ament_install']
[0.194s] Level 1:colcon.colcon_core.package_identification:_identify(src/cam_lidar_tools/obj_tracker) by extension 'ignore'
[0.194s] Level 1:colcon.colcon_core.package_identification:_identify(src/cam_lidar_tools/obj_tracker) by extension 'ignore_ament_install'
[0.195s] Level 1:colcon.colcon_core.package_identification:_identify(src/cam_lidar_tools/obj_tracker) by extensions ['colcon_pkg']
[0.195s] Level 1:colcon.colcon_core.package_identification:_identify(src/cam_lidar_tools/obj_tracker) by extension 'colcon_pkg'
[0.195s] Level 1:colcon.colcon_core.package_identification:_identify(src/cam_lidar_tools/obj_tracker) by extensions ['colcon_meta']
[0.195s] Level 1:colcon.colcon_core.package_identification:_identify(src/cam_lidar_tools/obj_tracker) by extension 'colcon_meta'
[0.195s] Level 1:colcon.colcon_core.package_identification:_identify(src/cam_lidar_tools/obj_tracker) by extensions ['ros']
[0.195s] Level 1:colcon.colcon_core.package_identification:_identify(src/cam_lidar_tools/obj_tracker) by extension 'ros'
[0.195s] DEBUG:colcon.colcon_core.package_identification:Package 'src/cam_lidar_tools/obj_tracker' with type 'ros.ament_python' and name 'obj_tracker'
[0.195s] Level 1:colcon.colcon_core.package_identification:_identify(src/lidar_socket_pub) by extensions ['ignore', 'ignore_ament_install']
[0.195s] Level 1:colcon.colcon_core.package_identification:_identify(src/lidar_socket_pub) by extension 'ignore'
[0.195s] Level 1:colcon.colcon_core.package_identification:_identify(src/lidar_socket_pub) by extension 'ignore_ament_install'
[0.195s] Level 1:colcon.colcon_core.package_identification:_identify(src/lidar_socket_pub) by extensions ['colcon_pkg']
[0.195s] Level 1:colcon.colcon_core.package_identification:_identify(src/lidar_socket_pub) by extension 'colcon_pkg'
[0.195s] Level 1:colcon.colcon_core.package_identification:_identify(src/lidar_socket_pub) by extensions ['colcon_meta']
[0.195s] Level 1:colcon.colcon_core.package_identification:_identify(src/lidar_socket_pub) by extension 'colcon_meta'
[0.195s] Level 1:colcon.colcon_core.package_identification:_identify(src/lidar_socket_pub) by extensions ['ros']
[0.195s] Level 1:colcon.colcon_core.package_identification:_identify(src/lidar_socket_pub) by extension 'ros'
[0.196s] DEBUG:colcon.colcon_core.package_identification:Package 'src/lidar_socket_pub' with type 'ros.ament_python' and name 'lidar_socket_pub'
[0.196s] Level 1:colcon.colcon_core.package_identification:_identify(src/map_to_odom_broadcaster) by extensions ['ignore', 'ignore_ament_install']
[0.196s] Level 1:colcon.colcon_core.package_identification:_identify(src/map_to_odom_broadcaster) by extension 'ignore'
[0.196s] Level 1:colcon.colcon_core.package_identification:_identify(src/map_to_odom_broadcaster) by extension 'ignore_ament_install'
[0.196s] Level 1:colcon.colcon_core.package_identification:_identify(src/map_to_odom_broadcaster) by extensions ['colcon_pkg']
[0.196s] Level 1:colcon.colcon_core.package_identification:_identify(src/map_to_odom_broadcaster) by extension 'colcon_pkg'
[0.196s] Level 1:colcon.colcon_core.package_identification:_identify(src/map_to_odom_broadcaster) by extensions ['colcon_meta']
[0.196s] Level 1:colcon.colcon_core.package_identification:_identify(src/map_to_odom_broadcaster) by extension 'colcon_meta'
[0.196s] Level 1:colcon.colcon_core.package_identification:_identify(src/map_to_odom_broadcaster) by extensions ['ros']
[0.196s] Level 1:colcon.colcon_core.package_identification:_identify(src/map_to_odom_broadcaster) by extension 'ros'
[0.196s] DEBUG:colcon.colcon_core.package_identification:Package 'src/map_to_odom_broadcaster' with type 'ros.ament_python' and name 'map_to_odom_broadcaster'
[0.196s] Level 1:colcon.colcon_core.package_identification:_identify(src/odom_receiver) by extensions ['ignore', 'ignore_ament_install']
[0.196s] Level 1:colcon.colcon_core.package_identification:_identify(src/odom_receiver) by extension 'ignore'
[0.196s] Level 1:colcon.colcon_core.package_identification:_identify(src/odom_receiver) by extension 'ignore_ament_install'
[0.197s] Level 1:colcon.colcon_core.package_identification:_identify(src/odom_receiver) by extensions ['colcon_pkg']
[0.197s] Level 1:colcon.colcon_core.package_identification:_identify(src/odom_receiver) by extension 'colcon_pkg'
[0.197s] Level 1:colcon.colcon_core.package_identification:_identify(src/odom_receiver) by extensions ['colcon_meta']
[0.197s] Level 1:colcon.colcon_core.package_identification:_identify(src/odom_receiver) by extension 'colcon_meta'
[0.197s] Level 1:colcon.colcon_core.package_identification:_identify(src/odom_receiver) by extensions ['ros']
[0.197s] Level 1:colcon.colcon_core.package_identification:_identify(src/odom_receiver) by extension 'ros'
[0.197s] DEBUG:colcon.colcon_core.package_identification:Package 'src/odom_receiver' with type 'ros.ament_python' and name 'odom_receiver'
[0.197s] Level 1:colcon.colcon_core.package_identification:_identify(src/odom_to_base_link_tf) by extensions ['ignore', 'ignore_ament_install']
[0.197s] Level 1:colcon.colcon_core.package_identification:_identify(src/odom_to_base_link_tf) by extension 'ignore'
[0.197s] Level 1:colcon.colcon_core.package_identification:_identify(src/odom_to_base_link_tf) by extension 'ignore_ament_install'
[0.197s] Level 1:colcon.colcon_core.package_identification:_identify(src/odom_to_base_link_tf) by extensions ['colcon_pkg']
[0.197s] Level 1:colcon.colcon_core.package_identification:_identify(src/odom_to_base_link_tf) by extension 'colcon_pkg'
[0.197s] Level 1:colcon.colcon_core.package_identification:_identify(src/odom_to_base_link_tf) by extensions ['colcon_meta']
[0.197s] Level 1:colcon.colcon_core.package_identification:_identify(src/odom_to_base_link_tf) by extension 'colcon_meta'
[0.197s] Level 1:colcon.colcon_core.package_identification:_identify(src/odom_to_base_link_tf) by extensions ['ros']
[0.197s] Level 1:colcon.colcon_core.package_identification:_identify(src/odom_to_base_link_tf) by extension 'ros'
[0.198s] DEBUG:colcon.colcon_core.package_identification:Package 'src/odom_to_base_link_tf' with type 'ros.ament_python' and name 'odom_to_base_link_tf'
[0.198s] Level 1:colcon.colcon_core.package_identification:_identify(src/test_odom) by extensions ['ignore', 'ignore_ament_install']
[0.198s] Level 1:colcon.colcon_core.package_identification:_identify(src/test_odom) by extension 'ignore'
[0.198s] Level 1:colcon.colcon_core.package_identification:_identify(src/test_odom) by extension 'ignore_ament_install'
[0.198s] Level 1:colcon.colcon_core.package_identification:_identify(src/test_odom) by extensions ['colcon_pkg']
[0.198s] Level 1:colcon.colcon_core.package_identification:_identify(src/test_odom) by extension 'colcon_pkg'
[0.198s] Level 1:colcon.colcon_core.package_identification:_identify(src/test_odom) by extensions ['colcon_meta']
[0.198s] Level 1:colcon.colcon_core.package_identification:_identify(src/test_odom) by extension 'colcon_meta'
[0.198s] Level 1:colcon.colcon_core.package_identification:_identify(src/test_odom) by extensions ['ros']
[0.198s] Level 1:colcon.colcon_core.package_identification:_identify(src/test_odom) by extension 'ros'
[0.198s] Level 1:colcon.colcon_core.package_identification:_identify(src/test_odom) by extensions ['cmake', 'python']
[0.198s] Level 1:colcon.colcon_core.package_identification:_identify(src/test_odom) by extension 'cmake'
[0.198s] Level 1:colcon.colcon_core.package_identification:_identify(src/test_odom) by extension 'python'
[0.198s] Level 1:colcon.colcon_core.package_identification:_identify(src/test_odom) by extensions ['python_setup_py']
[0.198s] Level 1:colcon.colcon_core.package_identification:_identify(src/test_odom) by extension 'python_setup_py'
[0.198s] Level 1:colcon.colcon_core.package_discovery:discover_packages(recursive) using defaults
[0.198s] Level 1:colcon.colcon_core.package_discovery:discover_packages(ignore) discover
[0.198s] Level 1:colcon.colcon_core.package_discovery:discover_packages(ignore) using defaults
[0.198s] Level 1:colcon.colcon_core.package_discovery:discover_packages(path) discover
[0.198s] Level 1:colcon.colcon_core.package_discovery:discover_packages(path) using defaults
[0.219s] Level 1:colcon.colcon_core.package_discovery:discover_packages(prefix_path) check parameters
[0.219s] Level 1:colcon.colcon_core.package_discovery:discover_packages(prefix_path) discover
[0.221s] DEBUG:colcon.colcon_installed_package_information.package_discovery:Found 15 installed packages in /home/angelina/turtlebot3_ws/install
[0.222s] DEBUG:colcon.colcon_installed_package_information.package_discovery:Found 402 installed packages in /opt/ros/humble
[0.223s] Level 1:colcon.colcon_core.package_discovery:discover_packages(prefix_path) using defaults
[0.251s] Level 5:colcon.colcon_core.verb:set package 'cam2image' build argument 'cmake_args' from command line to 'None'
[0.251s] Level 5:colcon.colcon_core.verb:set package 'cam2image' build argument 'cmake_target' from command line to 'None'
[0.251s] Level 5:colcon.colcon_core.verb:set package 'cam2image' build argument 'cmake_target_skip_unavailable' from command line to 'False'
[0.251s] Level 5:colcon.colcon_core.verb:set package 'cam2image' build argument 'cmake_clean_cache' from command line to 'False'
[0.251s] Level 5:colcon.colcon_core.verb:set package 'cam2image' build argument 'cmake_clean_first' from command line to 'False'
[0.251s] Level 5:colcon.colcon_core.verb:set package 'cam2image' build argument 'cmake_force_configure' from command line to 'False'
[0.251s] Level 5:colcon.colcon_core.verb:set package 'cam2image' build argument 'ament_cmake_args' from command line to 'None'
[0.251s] Level 5:colcon.colcon_core.verb:set package 'cam2image' build argument 'catkin_cmake_args' from command line to 'None'
[0.251s] Level 5:colcon.colcon_core.verb:set package 'cam2image' build argument 'catkin_skip_building_tests' from command line to 'False'
[0.251s] DEBUG:colcon.colcon_core.verb:Building package 'cam2image' with the following arguments: {'ament_cmake_args': None, 'build_base': '/home/angelina/EAT40005-Project/ros2_ws/build/cam2image', 'catkin_cmake_args': None, 'catkin_skip_building_tests': False, 'cmake_args': None, 'cmake_clean_cache': False, 'cmake_clean_first': False, 'cmake_force_configure': False, 'cmake_target': None, 'cmake_target_skip_unavailable': False, 'install_base': '/home/angelina/EAT40005-Project/ros2_ws/install/cam2image', 'merge_install': False, 'path': '/home/angelina/EAT40005-Project/ros2_ws/src/cam_lidar_tools/drivers/cam2image', 'symlink_install': False, 'test_result_base': None}
[0.252s] Level 5:colcon.colcon_core.verb:set package 'cam_lidar_bringup' build argument 'cmake_args' from command line to 'None'
[0.252s] Level 5:colcon.colcon_core.verb:set package 'cam_lidar_bringup' build argument 'cmake_target' from command line to 'None'
[0.252s] Level 5:colcon.colcon_core.verb:set package 'cam_lidar_bringup' build argument 'cmake_target_skip_unavailable' from command line to 'False'
[0.252s] Level 5:colcon.colcon_core.verb:set package 'cam_lidar_bringup' build argument 'cmake_clean_cache' from command line to 'False'
[0.252s] Level 5:colcon.colcon_core.verb:set package 'cam_lidar_bringup' build argument 'cmake_clean_first' from command line to 'False'
[0.252s] Level 5:colcon.colcon_core.verb:set package 'cam_lidar_bringup' build argument 'cmake_force_configure' from command line to 'False'
[0.252s] Level 5:colcon.colcon_core.verb:set package 'cam_lidar_bringup' build argument 'ament_cmake_args' from command line to 'None'
[0.252s] Level 5:colcon.colcon_core.verb:set package 'cam_lidar_bringup' build argument 'catkin_cmake_args' from command line to 'None'
[0.252s] Level 5:colcon.colcon_core.verb:set package 'cam_lidar_bringup' build argument 'catkin_skip_building_tests' from command line to 'False'
[0.252s] DEBUG:colcon.colcon_core.verb:Building package 'cam_lidar_bringup' with the following arguments: {'ament_cmake_args': None, 'build_base': '/home/angelina/EAT40005-Project/ros2_ws/build/cam_lidar_bringup', 'catkin_cmake_args': None, 'catkin_skip_building_tests': False, 'cmake_args': None, 'cmake_clean_cache': False, 'cmake_clean_first': False, 'cmake_force_configure': False, 'cmake_target': None, 'cmake_target_skip_unavailable': False, 'install_base': '/home/angelina/EAT40005-Project/ros2_ws/install/cam_lidar_bringup', 'merge_install': False, 'path': '/home/angelina/EAT40005-Project/ros2_ws/src/cam_lidar_tools/cam_lidar_bringup', 'symlink_install': False, 'test_result_base': None}
[0.252s] Level 5:colcon.colcon_core.verb:set package 'camera_det2d' build argument 'cmake_args' from command line to 'None'
[0.252s] Level 5:colcon.colcon_core.verb:set package 'camera_det2d' build argument 'cmake_target' from command line to 'None'
[0.252s] Level 5:colcon.colcon_core.verb:set package 'camera_det2d' build argument 'cmake_target_skip_unavailable' from command line to 'False'
[0.252s] Level 5:colcon.colcon_core.verb:set package 'camera_det2d' build argument 'cmake_clean_cache' from command line to 'False'
[0.252s] Level 5:colcon.colcon_core.verb:set package 'camera_det2d' build argument 'cmake_clean_first' from command line to 'False'
[0.252s] Level 5:colcon.colcon_core.verb:set package 'camera_det2d' build argument 'cmake_force_configure' from command line to 'False'
[0.252s] Level 5:colcon.colcon_core.verb:set package 'camera_det2d' build argument 'ament_cmake_args' from command line to 'None'
[0.252s] Level 5:colcon.colcon_core.verb:set package 'camera_det2d' build argument 'catkin_cmake_args' from command line to 'None'
[0.252s] Level 5:colcon.colcon_core.verb:set package 'camera_det2d' build argument 'catkin_skip_building_tests' from command line to 'False'
[0.252s] DEBUG:colcon.colcon_core.verb:Building package 'camera_det2d' with the following arguments: {'ament_cmake_args': None, 'build_base': '/home/angelina/EAT40005-Project/ros2_ws/build/camera_det2d', 'catkin_cmake_args': None, 'catkin_skip_building_tests': False, 'cmake_args': None, 'cmake_clean_cache': False, 'cmake_clean_first': False, 'cmake_force_configure': False, 'cmake_target': None, 'cmake_target_skip_unavailable': False, 'install_base': '/home/angelina/EAT40005-Project/ros2_ws/install/camera_det2d', 'merge_install': False, 'path': '/home/angelina/EAT40005-Project/ros2_ws/src/cam_lidar_tools/camera/camera_det2d', 'symlink_install': False, 'test_result_base': None}
[0.252s] Level 5:colcon.colcon_core.verb:set package 'camera_det3d' build argument 'cmake_args' from command line to 'None'
[0.252s] Level 5:colcon.colcon_core.verb:set package 'camera_det3d' build argument 'cmake_target' from command line to 'None'
[0.252s] Level 5:colcon.colcon_core.verb:set package 'camera_det3d' build argument 'cmake_target_skip_unavailable' from command line to 'False'
[0.252s] Level 5:colcon.colcon_core.verb:set package 'camera_det3d' build argument 'cmake_clean_cache' from command line to 'False'
[0.252s] Level 5:colcon.colcon_core.verb:set package 'camera_det3d' build argument 'cmake_clean_first' from command line to 'False'
[0.252s] Level 5:colcon.colcon_core.verb:set package 'camera_det3d' build argument 'cmake_force_configure' from command line to 'False'
[0.252s] Level 5:colcon.colcon_core.verb:set package 'camera_det3d' build argument 'ament_cmake_args' from command line to 'None'
[0.252s] Level 5:colcon.colcon_core.verb:set package 'camera_det3d' build argument 'catkin_cmake_args' from command line to 'None'
[0.252s] Level 5:colcon.colcon_core.verb:set package 'camera_det3d' build argument 'catkin_skip_building_tests' from command line to 'False'
[0.252s] DEBUG:colcon.colcon_core.verb:Building package 'camera_det3d' with the following arguments: {'ament_cmake_args': None, 'build_base': '/home/angelina/EAT40005-Project/ros2_ws/build/camera_det3d', 'catkin_cmake_args': None, 'catkin_skip_building_tests': False, 'cmake_args': None, 'cmake_clean_cache': False, 'cmake_clean_first': False, 'cmake_force_configure': False, 'cmake_target': None, 'cmake_target_skip_unavailable': False, 'install_base': '/home/angelina/EAT40005-Project/ros2_ws/install/camera_det3d', 'merge_install': False, 'path': '/home/angelina/EAT40005-Project/ros2_ws/src/cam_lidar_tools/camera/camera_det3d', 'symlink_install': False, 'test_result_base': None}
[0.253s] Level 5:colcon.colcon_core.verb:set package 'data_tools' build argument 'cmake_args' from command line to 'None'
[0.253s] Level 5:colcon.colcon_core.verb:set package 'data_tools' build argument 'cmake_target' from command line to 'None'
[0.253s] Level 5:colcon.colcon_core.verb:set package 'data_tools' build argument 'cmake_target_skip_unavailable' from command line to 'False'
[0.253s] Level 5:colcon.colcon_core.verb:set package 'data_tools' build argument 'cmake_clean_cache' from command line to 'False'
[0.253s] Level 5:colcon.colcon_core.verb:set package 'data_tools' build argument 'cmake_clean_first' from command line to 'False'
[0.253s] Level 5:colcon.colcon_core.verb:set package 'data_tools' build argument 'cmake_force_configure' from command line to 'False'
[0.253s] Level 5:colcon.colcon_core.verb:set package 'data_tools' build argument 'ament_cmake_args' from command line to 'None'
[0.253s] Level 5:colcon.colcon_core.verb:set package 'data_tools' build argument 'catkin_cmake_args' from command line to 'None'
[0.253s] Level 5:colcon.colcon_core.verb:set package 'data_tools' build argument 'catkin_skip_building_tests' from command line to 'False'
[0.253s] DEBUG:colcon.colcon_core.verb:Building package 'data_tools' with the following arguments: {'ament_cmake_args': None, 'build_base': '/home/angelina/EAT40005-Project/ros2_ws/build/data_tools', 'catkin_cmake_args': None, 'catkin_skip_building_tests': False, 'cmake_args': None, 'cmake_clean_cache': False, 'cmake_clean_first': False, 'cmake_force_configure': False, 'cmake_target': None, 'cmake_target_skip_unavailable': False, 'install_base': '/home/angelina/EAT40005-Project/ros2_ws/install/data_tools', 'merge_install': False, 'path': '/home/angelina/EAT40005-Project/ros2_ws/src/cam_lidar_tools/data_tools', 'symlink_install': False, 'test_result_base': None}
[0.253s] Level 5:colcon.colcon_core.verb:set package 'fusion_2d' build argument 'cmake_args' from command line to 'None'
[0.253s] Level 5:colcon.colcon_core.verb:set package 'fusion_2d' build argument 'cmake_target' from command line to 'None'
[0.253s] Level 5:colcon.colcon_core.verb:set package 'fusion_2d' build argument 'cmake_target_skip_unavailable' from command line to 'False'
[0.253s] Level 5:colcon.colcon_core.verb:set package 'fusion_2d' build argument 'cmake_clean_cache' from command line to 'False'
[0.253s] Level 5:colcon.colcon_core.verb:set package 'fusion_2d' build argument 'cmake_clean_first' from command line to 'False'
[0.253s] Level 5:colcon.colcon_core.verb:set package 'fusion_2d' build argument 'cmake_force_configure' from command line to 'False'
[0.253s] Level 5:colcon.colcon_core.verb:set package 'fusion_2d' build argument 'ament_cmake_args' from command line to 'None'
[0.253s] Level 5:colcon.colcon_core.verb:set package 'fusion_2d' build argument 'catkin_cmake_args' from command line to 'None'
[0.253s] Level 5:colcon.colcon_core.verb:set package 'fusion_2d' build argument 'catkin_skip_building_tests' from command line to 'False'
[0.253s] DEBUG:colcon.colcon_core.verb:Building package 'fusion_2d' with the following arguments: {'ament_cmake_args': None, 'build_base': '/home/angelina/EAT40005-Project/ros2_ws/build/fusion_2d', 'catkin_cmake_args': None, 'catkin_skip_building_tests': False, 'cmake_args': None, 'cmake_clean_cache': False, 'cmake_clean_first': False, 'cmake_force_configure': False, 'cmake_target': None, 'cmake_target_skip_unavailable': False, 'install_base': '/home/angelina/EAT40005-Project/ros2_ws/install/fusion_2d', 'merge_install': False, 'path': '/home/angelina/EAT40005-Project/ros2_ws/src/cam_lidar_tools/fusion/fusion_2d', 'symlink_install': False, 'test_result_base': None}
[0.253s] Level 5:colcon.colcon_core.verb:set package 'fusion_3d' build argument 'cmake_args' from command line to 'None'
[0.253s] Level 5:colcon.colcon_core.verb:set package 'fusion_3d' build argument 'cmake_target' from command line to 'None'
[0.253s] Level 5:colcon.colcon_core.verb:set package 'fusion_3d' build argument 'cmake_target_skip_unavailable' from command line to 'False'
[0.253s] Level 5:colcon.colcon_core.verb:set package 'fusion_3d' build argument 'cmake_clean_cache' from command line to 'False'
[0.253s] Level 5:colcon.colcon_core.verb:set package 'fusion_3d' build argument 'cmake_clean_first' from command line to 'False'
[0.253s] Level 5:colcon.colcon_core.verb:set package 'fusion_3d' build argument 'cmake_force_configure' from command line to 'False'
[0.253s] Level 5:colcon.colcon_core.verb:set package 'fusion_3d' build argument 'ament_cmake_args' from command line to 'None'
[0.253s] Level 5:colcon.colcon_core.verb:set package 'fusion_3d' build argument 'catkin_cmake_args' from command line to 'None'
[0.253s] Level 5:colcon.colcon_core.verb:set package 'fusion_3d' build argument 'catkin_skip_building_tests' from command line to 'False'
[0.253s] DEBUG:colcon.colcon_core.verb:Building package 'fusion_3d' with the following arguments: {'ament_cmake_args': None, 'build_base': '/home/angelina/EAT40005-Project/ros2_ws/build/fusion_3d', 'catkin_cmake_args': None, 'catkin_skip_building_tests': False, 'cmake_args': None, 'cmake_clean_cache': False, 'cmake_clean_first': False, 'cmake_force_configure': False, 'cmake_target': None, 'cmake_target_skip_unavailable': False, 'install_base': '/home/angelina/EAT40005-Project/ros2_ws/install/fusion_3d', 'merge_install': False, 'path': '/home/angelina/EAT40005-Project/ros2_ws/src/cam_lidar_tools/fusion/fusion_3d', 'symlink_install': False, 'test_result_base': None}
[0.253s] Level 5:colcon.colcon_core.verb:set package 'learned_lidar_detector' build argument 'cmake_args' from command line to 'None'
[0.253s] Level 5:colcon.colcon_core.verb:set package 'learned_lidar_detector' build argument 'cmake_target' from command line to 'None'
[0.253s] Level 5:colcon.colcon_core.verb:set package 'learned_lidar_detector' build argument 'cmake_target_skip_unavailable' from command line to 'False'
[0.253s] Level 5:colcon.colcon_core.verb:set package 'learned_lidar_detector' build argument 'cmake_clean_cache' from command line to 'False'
[0.253s] Level 5:colcon.colcon_core.verb:set package 'learned_lidar_detector' build argument 'cmake_clean_first' from command line to 'False'
[0.253s] Level 5:colcon.colcon_core.verb:set package 'learned_lidar_detector' build argument 'cmake_force_configure' from command line to 'False'
[0.253s] Level 5:colcon.colcon_core.verb:set package 'learned_lidar_detector' build argument 'ament_cmake_args' from command line to 'None'
[0.253s] Level 5:colcon.colcon_core.verb:set package 'learned_lidar_detector' build argument 'catkin_cmake_args' from command line to 'None'
[0.253s] Level 5:colcon.colcon_core.verb:set package 'learned_lidar_detector' build argument 'catkin_skip_building_tests' from command line to 'False'
[0.253s] DEBUG:colcon.colcon_core.verb:Building package 'learned_lidar_detector' with the following arguments: {'ament_cmake_args': None, 'build_base': '/home/angelina/EAT40005-Project/ros2_ws/build/learned_lidar_detector', 'catkin_cmake_args': None, 'catkin_skip_building_tests': False, 'cmake_args': None, 'cmake_clean_cache': False, 'cmake_clean_first': False, 'cmake_force_configure': False, 'cmake_target': None, 'cmake_target_skip_unavailable': False, 'install_base': '/home/angelina/EAT40005-Project/ros2_ws/install/learned_lidar_detector', 'merge_install': False, 'path': '/home/angelina/EAT40005-Project/ros2_ws/src/cam_lidar_tools/lidar/learned_lidar_detector', 'symlink_install': False, 'test_result_base': None}
[0.254s] Level 5:colcon.colcon_core.verb:set package 'lidar_socket_pub' build argument 'cmake_args' from command line to 'None'
[0.254s] Level 5:colcon.colcon_core.verb:set package 'lidar_socket_pub' build argument 'cmake_target' from command line to 'None'
[0.254s] Level 5:colcon.colcon_core.verb:set package 'lidar_socket_pub' build argument 'cmake_target_skip_unavailable' from command line to 'False'
[0.254s] Level 5:colcon.colcon_core.verb:set package 'lidar_socket_pub' build argument 'cmake_clean_cache' from command line to 'False'
[0.254s] Level 5:colcon.colcon_core.verb:set package 'lidar_socket_pub' build argument 'cmake_clean_first' from command line to 'False'
[0.254s] Level 5:colcon.colcon_core.verb:set package 'lidar_socket_pub' build argument 'cmake_force_configure' from command line to 'False'
[0.254s] Level 5:colcon.colcon_core.verb:set package 'lidar_socket_pub' build argument 'ament_cmake_args' from command line to 'None'
[0.254s] Level 5:colcon.colcon_core.verb:set package 'lidar_socket_pub' build argument 'catkin_cmake_args' from command line to 'None'
[0.254s] Level 5:colcon.colcon_core.verb:set package 'lidar_socket_pub' build argument 'catkin_skip_building_tests' from command line to 'False'
[0.254s] DEBUG:colcon.colcon_core.verb:Building package 'lidar_socket_pub' with the following arguments: {'ament_cmake_args': None, 'build_base': '/home/angelina/EAT40005-Project/ros2_ws/build/lidar_socket_pub', 'catkin_cmake_args': None, 'catkin_skip_building_tests': False, 'cmake_args': None, 'cmake_clean_cache': False, 'cmake_clean_first': False, 'cmake_force_configure': False, 'cmake_target': None, 'cmake_target_skip_unavailable': False, 'install_base': '/home/angelina/EAT40005-Project/ros2_ws/install/lidar_socket_pub', 'merge_install': False, 'path': '/home/angelina/EAT40005-Project/ros2_ws/src/lidar_socket_pub', 'symlink_install': False, 'test_result_base': None}
[0.254s] Level 5:colcon.colcon_core.verb:set package 'map_to_odom_broadcaster' build argument 'cmake_args' from command line to 'None'
[0.254s] Level 5:colcon.colcon_core.verb:set package 'map_to_odom_broadcaster' build argument 'cmake_target' from command line to 'None'
[0.254s] Level 5:colcon.colcon_core.verb:set package 'map_to_odom_broadcaster' build argument 'cmake_target_skip_unavailable' from command line to 'False'
[0.254s] Level 5:colcon.colcon_core.verb:set package 'map_to_odom_broadcaster' build argument 'cmake_clean_cache' from command line to 'False'
[0.254s] Level 5:colcon.colcon_core.verb:set package 'map_to_odom_broadcaster' build argument 'cmake_clean_first' from command line to 'False'
[0.254s] Level 5:colcon.colcon_core.verb:set package 'map_to_odom_broadcaster' build argument 'cmake_force_configure' from command line to 'False'
[0.254s] Level 5:colcon.colcon_core.verb:set package 'map_to_odom_broadcaster' build argument 'ament_cmake_args' from command line to 'None'
[0.254s] Level 5:colcon.colcon_core.verb:set package 'map_to_odom_broadcaster' build argument 'catkin_cmake_args' from command line to 'None'
[0.254s] Level 5:colcon.colcon_core.verb:set package 'map_to_odom_broadcaster' build argument 'catkin_skip_building_tests' from command line to 'False'
[0.254s] DEBUG:colcon.colcon_core.verb:Building package 'map_to_odom_broadcaster' with the following arguments: {'ament_cmake_args': None, 'build_base': '/home/angelina/EAT40005-Project/ros2_ws/build/map_to_odom_broadcaster', 'catkin_cmake_args': None, 'catkin_skip_building_tests': False, 'cmake_args': None, 'cmake_clean_cache': False, 'cmake_clean_first': False, 'cmake_force_configure': False, 'cmake_target': None, 'cmake_target_skip_unavailable': False, 'install_base': '/home/angelina/EAT40005-Project/ros2_ws/install/map_to_odom_broadcaster', 'merge_install': False, 'path': '/home/angelina/EAT40005-Project/ros2_ws/src/map_to_odom_broadcaster', 'symlink_install': False, 'test_result_base': None}
[0.254s] Level 5:colcon.colcon_core.verb:set package 'obj_tracker' build argument 'cmake_args' from command line to 'None'
[0.254s] Level 5:colcon.colcon_core.verb:set package 'obj_tracker' build argument 'cmake_target' from command line to 'None'
[0.254s] Level 5:colcon.colcon_core.verb:set package 'obj_tracker' build argument 'cmake_target_skip_unavailable' from command line to 'False'
[0.254s] Level 5:colcon.colcon_core.verb:set package 'obj_tracker' build argument 'cmake_clean_cache' from command line to 'False'
[0.254s] Level 5:colcon.colcon_core.verb:set package 'obj_tracker' build argument 'cmake_clean_first' from command line to 'False'
[0.254s] Level 5:colcon.colcon_core.verb:set package 'obj_tracker' build argument 'cmake_force_configure' from command line to 'False'
[0.254s] Level 5:colcon.colcon_core.verb:set package 'obj_tracker' build argument 'ament_cmake_args' from command line to 'None'
[0.254s] Level 5:colcon.colcon_core.verb:set package 'obj_tracker' build argument 'catkin_cmake_args' from command line to 'None'
[0.254s] Level 5:colcon.colcon_core.verb:set package 'obj_tracker' build argument 'catkin_skip_building_tests' from command line to 'False'
[0.254s] DEBUG:colcon.colcon_core.verb:Building package 'obj_tracker' with the following arguments: {'ament_cmake_args': None, 'build_base': '/home/angelina/EAT40005-Project/ros2_ws/build/obj_tracker', 'catkin_cmake_args': None, 'catkin_skip_building_tests': False, 'cmake_args': None, 'cmake_clean_cache': False, 'cmake_clean_first': False, 'cmake_force_configure': False, 'cmake_target': None, 'cmake_target_skip_unavailable': False, 'install_base': '/home/angelina/EAT40005-Project/ros2_ws/install/obj_tracker', 'merge_install': False, 'path': '/home/angelina/EAT40005-Project/ros2_ws/src/cam_lidar_tools/obj_tracker', 'symlink_install': False, 'test_result_base': None}
[0.254s] Level 5:colcon.colcon_core.verb:set package 'odom_receiver' build argument 'cmake_args' from command line to 'None'
[0.254s] Level 5:colcon.colcon_core.verb:set package 'odom_receiver' build argument 'cmake_target' from command line to 'None'
[0.254s] Level 5:colcon.colcon_core.verb:set package 'odom_receiver' build argument 'cmake_target_skip_unavailable' from command line to 'False'
[0.254s] Level 5:colcon.colcon_core.verb:set package 'odom_receiver' build argument 'cmake_clean_cache' from command line to 'False'
[0.255s] Level 5:colcon.colcon_core.verb:set package 'odom_receiver' build argument 'cmake_clean_first' from command line to 'False'
[0.255s] Level 5:colcon.colcon_core.verb:set package 'odom_receiver' build argument 'cmake_force_configure' from command line to 'False'
[0.255s] Level 5:colcon.colcon_core.verb:set package 'odom_receiver' build argument 'ament_cmake_args' from command line to 'None'
[0.255s] Level 5:colcon.colcon_core.verb:set package 'odom_receiver' build argument 'catkin_cmake_args' from command line to 'None'
[0.255s] Level 5:colcon.colcon_core.verb:set package 'odom_receiver' build argument 'catkin_skip_building_tests' from command line to 'False'
[0.255s] DEBUG:colcon.colcon_core.verb:Building package 'odom_receiver' with the following arguments: {'ament_cmake_args': None, 'build_base': '/home/angelina/EAT40005-Project/ros2_ws/build/odom_receiver', 'catkin_cmake_args': None, 'catkin_skip_building_tests': False, 'cmake_args': None, 'cmake_clean_cache': False, 'cmake_clean_first': False, 'cmake_force_configure': False, 'cmake_target': None, 'cmake_target_skip_unavailable': False, 'install_base': '/home/angelina/EAT40005-Project/ros2_ws/install/odom_receiver', 'merge_install': False, 'path': '/home/angelina/EAT40005-Project/ros2_ws/src/odom_receiver', 'symlink_install': False, 'test_result_base': None}
[0.255s] Level 5:colcon.colcon_core.verb:set package 'odom_to_base_link_tf' build argument 'cmake_args' from command line to 'None'
[0.255s] Level 5:colcon.colcon_core.verb:set package 'odom_to_base_link_tf' build argument 'cmake_target' from command line to 'None'
[0.255s] Level 5:colcon.colcon_core.verb:set package 'odom_to_base_link_tf' build argument 'cmake_target_skip_unavailable' from command line to 'False'
[0.255s] Level 5:colcon.colcon_core.verb:set package 'odom_to_base_link_tf' build argument 'cmake_clean_cache' from command line to 'False'
[0.255s] Level 5:colcon.colcon_core.verb:set package 'odom_to_base_link_tf' build argument 'cmake_clean_first' from command line to 'False'
[0.255s] Level 5:colcon.colcon_core.verb:set package 'odom_to_base_link_tf' build argument 'cmake_force_configure' from command line to 'False'
[0.255s] Level 5:colcon.colcon_core.verb:set package 'odom_to_base_link_tf' build argument 'ament_cmake_args' from command line to 'None'
[0.255s] Level 5:colcon.colcon_core.verb:set package 'odom_to_base_link_tf' build argument 'catkin_cmake_args' from command line to 'None'
[0.255s] Level 5:colcon.colcon_core.verb:set package 'odom_to_base_link_tf' build argument 'catkin_skip_building_tests' from command line to 'False'
[0.255s] DEBUG:colcon.colcon_core.verb:Building package 'odom_to_base_link_tf' with the following arguments: {'ament_cmake_args': None, 'build_base': '/home/angelina/EAT40005-Project/ros2_ws/build/odom_to_base_link_tf', 'catkin_cmake_args': None, 'catkin_skip_building_tests': False, 'cmake_args': None, 'cmake_clean_cache': False, 'cmake_clean_first': False, 'cmake_force_configure': False, 'cmake_target': None, 'cmake_target_skip_unavailable': False, 'install_base': '/home/angelina/EAT40005-Project/ros2_ws/install/odom_to_base_link_tf', 'merge_install': False, 'path': '/home/angelina/EAT40005-Project/ros2_ws/src/odom_to_base_link_tf', 'symlink_install': False, 'test_result_base': None}
[0.255s] Level 5:colcon.colcon_core.verb:set package 'pipeline_interfaces' build argument 'cmake_args' from command line to 'None'
[0.255s] Level 5:colcon.colcon_core.verb:set package 'pipeline_interfaces' build argument 'cmake_target' from command line to 'None'
[0.255s] Level 5:colcon.colcon_core.verb:set package 'pipeline_interfaces' build argument 'cmake_target_skip_unavailable' from command line to 'False'
[0.255s] Level 5:colcon.colcon_core.verb:set package 'pipeline_interfaces' build argument 'cmake_clean_cache' from command line to 'False'
[0.255s] Level 5:colcon.colcon_core.verb:set package 'pipeline_interfaces' build argument 'cmake_clean_first' from command line to 'False'
[0.255s] Level 5:colcon.colcon_core.verb:set package 'pipeline_interfaces' build argument 'cmake_force_configure' from command line to 'False'
[0.255s] Level 5:colcon.colcon_core.verb:set package 'pipeline_interfaces' build argument 'ament_cmake_args' from command line to 'None'
[0.255s] Level 5:colcon.colcon_core.verb:set package 'pipeline_interfaces' build argument 'catkin_cmake_args' from command line to 'None'
[0.255s] Level 5:colcon.colcon_core.verb:set package 'pipeline_interfaces' build argument 'catkin_skip_building_tests' from command line to 'False'
[0.255s] DEBUG:colcon.colcon_core.verb:Building package 'pipeline_interfaces' with the following arguments: {'ament_cmake_args': None, 'build_base': '/home/angelina/EAT40005-Project/ros2_ws/build/pipeline_interfaces', 'catkin_cmake_args': None, 'catkin_skip_building_tests': False, 'cmake_args': None, 'cmake_clean_cache': False, 'cmake_clean_first': False, 'cmake_force_configure': False, 'cmake_target': None, 'cmake_target_skip_unavailable': False, 'install_base': '/home/angelina/EAT40005-Project/ros2_ws/install/pipeline_interfaces', 'merge_install': False, 'path': '/home/angelina/EAT40005-Project/ros2_ws/src/cam_lidar_tools/lidar/pipeline_interfaces', 'symlink_install': False, 'test_result_base': None}
[0.255s] Level 5:colcon.colcon_core.verb:set package 'lidar_obj_classifier' build argument 'cmake_args' from command line to 'None'
[0.255s] Level 5:colcon.colcon_core.verb:set package 'lidar_obj_classifier' build argument 'cmake_target' from command line to 'None'
[0.255s] Level 5:colcon.colcon_core.verb:set package 'lidar_obj_classifier' build argument 'cmake_target_skip_unavailable' from command line to 'False'
[0.255s] Level 5:colcon.colcon_core.verb:set package 'lidar_obj_classifier' build argument 'cmake_clean_cache' from command line to 'False'
[0.255s] Level 5:colcon.colcon_core.verb:set package 'lidar_obj_classifier' build argument 'cmake_clean_first' from command line to 'False'
[0.255s] Level 5:colcon.colcon_core.verb:set package 'lidar_obj_classifier' build argument 'cmake_force_configure' from command line to 'False'
[0.255s] Level 5:colcon.colcon_core.verb:set package 'lidar_obj_classifier' build argument 'ament_cmake_args' from command line to 'None'
[0.255s] Level 5:colcon.colcon_core.verb:set package 'lidar_obj_classifier' build argument 'catkin_cmake_args' from command line to 'None'
[0.255s] Level 5:colcon.colcon_core.verb:set package 'lidar_obj_classifier' build argument 'catkin_skip_building_tests' from command line to 'False'
[0.255s] DEBUG:colcon.colcon_core.verb:Building package 'lidar_obj_classifier' with the following arguments: {'ament_cmake_args': None, 'build_base': '/home/angelina/EAT40005-Project/ros2_ws/build/lidar_obj_classifier', 'catkin_cmake_args': None, 'catkin_skip_building_tests': False, 'cmake_args': None, 'cmake_clean_cache': False, 'cmake_clean_first': False, 'cmake_force_configure': False, 'cmake_target': None, 'cmake_target_skip_unavailable': False, 'install_base': '/home/angelina/EAT40005-Project/ros2_ws/install/lidar_obj_classifier', 'merge_install': False, 'path': '/home/angelina/EAT40005-Project/ros2_ws/src/cam_lidar_tools/lidar/lidar_obj_classifier', 'symlink_install': False, 'test_result_base': None}
[0.256s] Level 5:colcon.colcon_core.verb:set package 'trad_lidar_detector' build argument 'cmake_args' from command line to 'None'
[0.256s] Level 5:colcon.colcon_core.verb:set package 'trad_lidar_detector' build argument 'cmake_target' from command line to 'None'
[0.256s] Level 5:colcon.colcon_core.verb:set package 'trad_lidar_detector' build argument 'cmake_target_skip_unavailable' from command line to 'False'
[0.256s] Level 5:colcon.colcon_core.verb:set package 'trad_lidar_detector' build argument 'cmake_clean_cache' from command line to 'False'
[0.256s] Level 5:colcon.colcon_core.verb:set package 'trad_lidar_detector' build argument 'cmake_clean_first' from command line to 'False'
[0.256s] Level 5:colcon.colcon_core.verb:set package 'trad_lidar_detector' build argument 'cmake_force_configure' from command line to 'False'
[0.256s] Level 5:colcon.colcon_core.verb:set package 'trad_lidar_detector' build argument 'ament_cmake_args' from command line to 'None'
[0.256s] Level 5:colcon.colcon_core.verb:set package 'trad_lidar_detector' build argument 'catkin_cmake_args' from command line to 'None'
[0.256s] Level 5:colcon.colcon_core.verb:set package 'trad_lidar_detector' build argument 'catkin_skip_building_tests' from command line to 'False'
[0.256s] DEBUG:colcon.colcon_core.verb:Building package 'trad_lidar_detector' with the following arguments: {'ament_cmake_args': None, 'build_base': '/home/angelina/EAT40005-Project/ros2_ws/build/trad_lidar_detector', 'catkin_cmake_args': None, 'catkin_skip_building_tests': False, 'cmake_args': None, 'cmake_clean_cache': False, 'cmake_clean_first': False, 'cmake_force_configure': False, 'cmake_target': None, 'cmake_target_skip_unavailable': False, 'install_base': '/home/angelina/EAT40005-Project/ros2_ws/install/trad_lidar_detector', 'merge_install': False, 'path': '/home/angelina/EAT40005-Project/ros2_ws/src/cam_lidar_tools/lidar/trad_lidar_detector', 'symlink_install': False, 'test_result_base': None}
[0.256s] INFO:colcon.colcon_core.executor:Executing jobs using 'parallel' executor
[0.256s] DEBUG:colcon.colcon_parallel_executor.executor.parallel:run_until_complete
[0.257s] INFO:colcon.colcon_ros.task.ament_cmake.build:Building ROS package in '/home/angelina/EAT40005-Project/ros2_ws/src/cam_lidar_tools/lidar/pipeline_interfaces' with build type 'ament_cmake'
[0.257s] INFO:colcon.colcon_cmake.task.cmake.build:Building CMake package in '/home/angelina/EAT40005-Project/ros2_ws/src/cam_lidar_tools/lidar/pipeline_interfaces'
[0.259s] INFO:colcon.colcon_core.plugin_system:Skipping extension 'colcon_core.shell.bat': Not used on non-Windows systems
[0.259s] INFO:colcon.colcon_core.shell:Skip shell extension 'powershell' for command environment: Not usable outside of PowerShell
[0.259s] DEBUG:colcon.colcon_core.shell:Skip shell extension 'dsv' for command environment
[0.261s] INFO:colcon.colcon_ros.task.ament_cmake.build:Building ROS package in '/home/angelina/EAT40005-Project/ros2_ws/src/cam_lidar_tools/drivers/cam2image' with build type 'ament_cmake'
[0.261s] INFO:colcon.colcon_cmake.task.cmake.build:Building CMake package in '/home/angelina/EAT40005-Project/ros2_ws/src/cam_lidar_tools/drivers/cam2image'
[0.262s] INFO:colcon.colcon_core.shell:Skip shell extension 'powershell' for command environment: Not usable outside of PowerShell
[0.262s] DEBUG:colcon.colcon_core.shell:Skip shell extension 'dsv' for command environment
[0.265s] INFO:colcon.colcon_ros.task.ament_cmake.build:Building ROS package in '/home/angelina/EAT40005-Project/ros2_ws/src/cam_lidar_tools/cam_lidar_bringup' with build type 'ament_cmake'
[0.265s] INFO:colcon.colcon_cmake.task.cmake.build:Building CMake package in '/home/angelina/EAT40005-Project/ros2_ws/src/cam_lidar_tools/cam_lidar_bringup'
[0.265s] INFO:colcon.colcon_core.shell:Skip shell extension 'powershell' for command environment: Not usable outside of PowerShell
[0.265s] DEBUG:colcon.colcon_core.shell:Skip shell extension 'dsv' for command environment
[0.268s] INFO:colcon.colcon_ros.task.ament_python.build:Building ROS package in '/home/angelina/EAT40005-Project/ros2_ws/src/cam_lidar_tools/camera/camera_det2d' with build type 'ament_python'
[0.268s] Level 1:colcon.colcon_core.shell:create_environment_hook('camera_det2d', 'ament_prefix_path')
[0.268s] INFO:colcon.colcon_core.shell:Creating environment hook '/home/angelina/EAT40005-Project/ros2_ws/install/camera_det2d/share/camera_det2d/hook/ament_prefix_path.ps1'
[0.270s] INFO:colcon.colcon_core.shell:Creating environment descriptor '/home/angelina/EAT40005-Project/ros2_ws/install/camera_det2d/share/camera_det2d/hook/ament_prefix_path.dsv'
[0.270s] INFO:colcon.colcon_core.shell:Creating environment hook '/home/angelina/EAT40005-Project/ros2_ws/install/camera_det2d/share/camera_det2d/hook/ament_prefix_path.sh'
[0.271s] INFO:colcon.colcon_core.shell:Skip shell extension 'powershell' for command environment: Not usable outside of PowerShell
[0.271s] DEBUG:colcon.colcon_core.shell:Skip shell extension 'dsv' for command environment
[0.276s] INFO:colcon.colcon_ros.task.ament_python.build:Building ROS package in '/home/angelina/EAT40005-Project/ros2_ws/src/cam_lidar_tools/camera/camera_det3d' with build type 'ament_python'
[0.277s] Level 1:colcon.colcon_core.shell:create_environment_hook('camera_det3d', 'ament_prefix_path')
[0.277s] INFO:colcon.colcon_core.shell:Creating environment hook '/home/angelina/EAT40005-Project/ros2_ws/install/camera_det3d/share/camera_det3d/hook/ament_prefix_path.ps1'
[0.278s] INFO:colcon.colcon_core.shell:Creating environment descriptor '/home/angelina/EAT40005-Project/ros2_ws/install/camera_det3d/share/camera_det3d/hook/ament_prefix_path.dsv'
[0.278s] INFO:colcon.colcon_core.shell:Creating environment hook '/home/angelina/EAT40005-Project/ros2_ws/install/camera_det3d/share/camera_det3d/hook/ament_prefix_path.sh'
[0.278s] INFO:colcon.colcon_core.shell:Skip shell extension 'powershell' for command environment: Not usable outside of PowerShell
[0.278s] DEBUG:colcon.colcon_core.shell:Skip shell extension 'dsv' for command environment
[0.281s] INFO:colcon.colcon_ros.task.ament_cmake.build:Building ROS package in '/home/angelina/EAT40005-Project/ros2_ws/src/cam_lidar_tools/data_tools' with build type 'ament_cmake'
[0.281s] INFO:colcon.colcon_cmake.task.cmake.build:Building CMake package in '/home/angelina/EAT40005-Project/ros2_ws/src/cam_lidar_tools/data_tools'
[0.281s] INFO:colcon.colcon_core.shell:Skip shell extension 'powershell' for command environment: Not usable outside of PowerShell
[0.281s] DEBUG:colcon.colcon_core.shell:Skip shell extension 'dsv' for command environment
[0.285s] INFO:colcon.colcon_ros.task.ament_python.build:Building ROS package in '/home/angelina/EAT40005-Project/ros2_ws/src/cam_lidar_tools/fusion/fusion_2d' with build type 'ament_python'
[0.285s] Level 1:colcon.colcon_core.shell:create_environment_hook('fusion_2d', 'ament_prefix_path')
[0.285s] INFO:colcon.colcon_core.shell:Creating environment hook '/home/angelina/EAT40005-Project/ros2_ws/install/fusion_2d/share/fusion_2d/hook/ament_prefix_path.ps1'
[0.286s] INFO:colcon.colcon_core.shell:Creating environment descriptor '/home/angelina/EAT40005-Project/ros2_ws/install/fusion_2d/share/fusion_2d/hook/ament_prefix_path.dsv'
[0.286s] INFO:colcon.colcon_core.shell:Creating environment hook '/home/angelina/EAT40005-Project/ros2_ws/install/fusion_2d/share/fusion_2d/hook/ament_prefix_path.sh'
[0.287s] INFO:colcon.colcon_core.shell:Skip shell extension 'powershell' for command environment: Not usable outside of PowerShell
[0.287s] DEBUG:colcon.colcon_core.shell:Skip shell extension 'dsv' for command environment
[0.289s] INFO:colcon.colcon_ros.task.ament_python.build:Building ROS package in '/home/angelina/EAT40005-Project/ros2_ws/src/cam_lidar_tools/fusion/fusion_3d' with build type 'ament_python'
[0.289s] Level 1:colcon.colcon_core.shell:create_environment_hook('fusion_3d', 'ament_prefix_path')
[0.290s] INFO:colcon.colcon_core.shell:Creating environment hook '/home/angelina/EAT40005-Project/ros2_ws/install/fusion_3d/share/fusion_3d/hook/ament_prefix_path.ps1'
[0.290s] INFO:colcon.colcon_core.shell:Creating environment descriptor '/home/angelina/EAT40005-Project/ros2_ws/install/fusion_3d/share/fusion_3d/hook/ament_prefix_path.dsv'
[0.291s] INFO:colcon.colcon_core.shell:Creating environment hook '/home/angelina/EAT40005-Project/ros2_ws/install/fusion_3d/share/fusion_3d/hook/ament_prefix_path.sh'
[0.291s] INFO:colcon.colcon_core.shell:Skip shell extension 'powershell' for command environment: Not usable outside of PowerShell
[0.292s] DEBUG:colcon.colcon_core.shell:Skip shell extension 'dsv' for command environment
[0.295s] INFO:colcon.colcon_ros.task.ament_python.build:Building ROS package in '/home/angelina/EAT40005-Project/ros2_ws/src/cam_lidar_tools/lidar/learned_lidar_detector' with build type 'ament_python'
[0.295s] Level 1:colcon.colcon_core.shell:create_environment_hook('learned_lidar_detector', 'ament_prefix_path')
[0.295s] INFO:colcon.colcon_core.shell:Creating environment hook '/home/angelina/EAT40005-Project/ros2_ws/install/learned_lidar_detector/share/learned_lidar_detector/hook/ament_prefix_path.ps1'
[0.295s] INFO:colcon.colcon_core.shell:Creating environment descriptor '/home/angelina/EAT40005-Project/ros2_ws/install/learned_lidar_detector/share/learned_lidar_detector/hook/ament_prefix_path.dsv'
[0.295s] INFO:colcon.colcon_core.shell:Creating environment hook '/home/angelina/EAT40005-Project/ros2_ws/install/learned_lidar_detector/share/learned_lidar_detector/hook/ament_prefix_path.sh'
[0.296s] INFO:colcon.colcon_core.shell:Skip shell extension 'powershell' for command environment: Not usable outside of PowerShell
[0.296s] DEBUG:colcon.colcon_core.shell:Skip shell extension 'dsv' for command environment
[0.299s] INFO:colcon.colcon_ros.task.ament_python.build:Building ROS package in '/home/angelina/EAT40005-Project/ros2_ws/src/lidar_socket_pub' with build type 'ament_python'
[0.299s] Level 1:colcon.colcon_core.shell:create_environment_hook('lidar_socket_pub', 'ament_prefix_path')
[0.299s] INFO:colcon.colcon_core.shell:Creating environment hook '/home/angelina/EAT40005-Project/ros2_ws/install/lidar_socket_pub/share/lidar_socket_pub/hook/ament_prefix_path.ps1'
[0.299s] INFO:colcon.colcon_core.shell:Creating environment descriptor '/home/angelina/EAT40005-Project/ros2_ws/install/lidar_socket_pub/share/lidar_socket_pub/hook/ament_prefix_path.dsv'
[0.299s] INFO:colcon.colcon_core.shell:Creating environment hook '/home/angelina/EAT40005-Project/ros2_ws/install/lidar_socket_pub/share/lidar_socket_pub/hook/ament_prefix_path.sh'
[0.300s] INFO:colcon.colcon_core.shell:Skip shell extension 'powershell' for command environment: Not usable outside of PowerShell
[0.300s] DEBUG:colcon.colcon_core.shell:Skip shell extension 'dsv' for command environment
[0.303s] INFO:colcon.colcon_ros.task.ament_python.build:Building ROS package in '/home/angelina/EAT40005-Project/ros2_ws/src/map_to_odom_broadcaster' with build type 'ament_python'
[0.303s] Level 1:colcon.colcon_core.shell:create_environment_hook('map_to_odom_broadcaster', 'ament_prefix_path')
[0.303s] INFO:colcon.colcon_core.shell:Creating environment hook '/home/angelina/EAT40005-Project/ros2_ws/install/map_to_odom_broadcaster/share/map_to_odom_broadcaster/hook/ament_prefix_path.ps1'
[0.304s] INFO:colcon.colcon_core.shell:Creating environment descriptor '/home/angelina/EAT40005-Project/ros2_ws/install/map_to_odom_broadcaster/share/map_to_odom_broadcaster/hook/ament_prefix_path.dsv'
[0.304s] INFO:colcon.colcon_core.shell:Creating environment hook '/home/angelina/EAT40005-Project/ros2_ws/install/map_to_odom_broadcaster/share/map_to_odom_broadcaster/hook/ament_prefix_path.sh'
[0.304s] INFO:colcon.colcon_core.shell:Skip shell extension 'powershell' for command environment: Not usable outside of PowerShell
[0.304s] DEBUG:colcon.colcon_core.shell:Skip shell extension 'dsv' for command environment
[0.308s] INFO:colcon.colcon_ros.task.ament_python.build:Building ROS package in '/home/angelina/EAT40005-Project/ros2_ws/src/cam_lidar_tools/obj_tracker' with build type 'ament_python'
[0.308s] Level 1:colcon.colcon_core.shell:create_environment_hook('obj_tracker', 'ament_prefix_path')
[0.308s] INFO:colcon.colcon_core.shell:Creating environment hook '/home/angelina/EAT40005-Project/ros2_ws/install/obj_tracker/share/obj_tracker/hook/ament_prefix_path.ps1'
[0.308s] INFO:colcon.colcon_core.shell:Creating environment descriptor '/home/angelina/EAT40005-Project/ros2_ws/install/obj_tracker/share/obj_tracker/hook/ament_prefix_path.dsv'
[0.309s] INFO:colcon.colcon_core.shell:Creating environment hook '/home/angelina/EAT40005-Project/ros2_ws/install/obj_tracker/share/obj_tracker/hook/ament_prefix_path.sh'
[0.309s] INFO:colcon.colcon_core.shell:Skip shell extension 'powershell' for command environment: Not usable outside of PowerShell
[0.309s] DEBUG:colcon.colcon_core.shell:Skip shell extension 'dsv' for command environment
[0.312s] INFO:colcon.colcon_ros.task.ament_python.build:Building ROS package in '/home/angelina/EAT40005-Project/ros2_ws/src/odom_receiver' with build type 'ament_python'
[0.312s] Level 1:colcon.colcon_core.shell:create_environment_hook('odom_receiver', 'ament_prefix_path')
[0.312s] INFO:colcon.colcon_core.shell:Creating environment hook '/home/angelina/EAT40005-Project/ros2_ws/install/odom_receiver/share/odom_receiver/hook/ament_prefix_path.ps1'
[0.313s] INFO:colcon.colcon_core.shell:Creating environment descriptor '/home/angelina/EAT40005-Project/ros2_ws/install/odom_receiver/share/odom_receiver/hook/ament_prefix_path.dsv'
[0.313s] INFO:colcon.colcon_core.shell:Creating environment hook '/home/angelina/EAT40005-Project/ros2_ws/install/odom_receiver/share/odom_receiver/hook/ament_prefix_path.sh'
[0.314s] INFO:colcon.colcon_core.shell:Skip shell extension 'powershell' for command environment: Not usable outside of PowerShell
[0.314s] DEBUG:colcon.colcon_core.shell:Skip shell extension 'dsv' for command environment
[0.317s] INFO:colcon.colcon_ros.task.ament_python.build:Building ROS package in '/home/angelina/EAT40005-Project/ros2_ws/src/odom_to_base_link_tf' with build type 'ament_python'
[0.317s] Level 1:colcon.colcon_core.shell:create_environment_hook('odom_to_base_link_tf', 'ament_prefix_path')
[0.317s] INFO:colcon.colcon_core.shell:Creating environment hook '/home/angelina/EAT40005-Project/ros2_ws/install/odom_to_base_link_tf/share/odom_to_base_link_tf/hook/ament_prefix_path.ps1'
[0.318s] INFO:colcon.colcon_core.shell:Creating environment descriptor '/home/angelina/EAT40005-Project/ros2_ws/install/odom_to_base_link_tf/share/odom_to_base_link_tf/hook/ament_prefix_path.dsv'
[0.318s] INFO:colcon.colcon_core.shell:Creating environment hook '/home/angelina/EAT40005-Project/ros2_ws/install/odom_to_base_link_tf/share/odom_to_base_link_tf/hook/ament_prefix_path.sh'
[0.319s] INFO:colcon.colcon_core.shell:Skip shell extension 'powershell' for command environment: Not usable outside of PowerShell
[0.319s] DEBUG:colcon.colcon_core.shell:Skip shell extension 'dsv' for command environment
[0.327s] DEBUG:colcon.colcon_core.event_handler.log_command:Invoking command in '/home/angelina/EAT40005-Project/ros2_ws/build/pipeline_interfaces': CMAKE_PREFIX_PATH=${CMAKE_PREFIX_PATH}:/home/angelina/turtlebot3_ws/install/turtlebot3_teleop:/home/angelina/turtlebot3_ws/install/turtlebot3_example:/opt/ros/humble /usr/bin/cmake --build /home/angelina/EAT40005-Project/ros2_ws/build/pipeline_interfaces -- -j20 -l20
[0.329s] DEBUG:colcon.colcon_core.event_handler.log_command:Invoking command in '/home/angelina/EAT40005-Project/ros2_ws/build/cam2image': CMAKE_PREFIX_PATH=${CMAKE_PREFIX_PATH}:/home/angelina/turtlebot3_ws/install/turtlebot3_teleop:/home/angelina/turtlebot3_ws/install/turtlebot3_example:/opt/ros/humble /usr/bin/cmake --build /home/angelina/EAT40005-Project/ros2_ws/build/cam2image -- -j20 -l20
[0.332s] DEBUG:colcon.colcon_core.event_handler.log_command:Invoking command in '/home/angelina/EAT40005-Project/ros2_ws/build/cam_lidar_bringup': CMAKE_PREFIX_PATH=${CMAKE_PREFIX_PATH}:/home/angelina/turtlebot3_ws/install/turtlebot3_teleop:/home/angelina/turtlebot3_ws/install/turtlebot3_example:/opt/ros/humble /usr/bin/cmake --build /home/angelina/EAT40005-Project/ros2_ws/build/cam_lidar_bringup -- -j20 -l20
[0.590s] INFO:colcon.colcon_core.task.python.build:Building Python package in '/home/angelina/EAT40005-Project/ros2_ws/src/cam_lidar_tools/camera/camera_det2d'
[0.590s] INFO:colcon.colcon_core.shell:Skip shell extension 'powershell' for command environment: Not usable outside of PowerShell
[0.590s] DEBUG:colcon.colcon_core.shell:Skip shell extension 'dsv' for command environment
[0.904s] INFO:colcon.colcon_core.task.python.build:Building Python package in '/home/angelina/EAT40005-Project/ros2_ws/src/cam_lidar_tools/camera/camera_det3d'
[0.905s] INFO:colcon.colcon_core.shell:Skip shell extension 'powershell' for command environment: Not usable outside of PowerShell
[0.905s] DEBUG:colcon.colcon_core.shell:Skip shell extension 'dsv' for command environment
[0.919s] DEBUG:colcon.colcon_core.event_handler.log_command:Invoking command in '/home/angelina/EAT40005-Project/ros2_ws/build/data_tools': CMAKE_PREFIX_PATH=${CMAKE_PREFIX_PATH}:/home/angelina/turtlebot3_ws/install/turtlebot3_teleop:/home/angelina/turtlebot3_ws/install/turtlebot3_example:/opt/ros/humble /usr/bin/cmake /home/angelina/EAT40005-Project/ros2_ws/src/cam_lidar_tools/data_tools -DCMAKE_INSTALL_PREFIX=/home/angelina/EAT40005-Project/ros2_ws/install/data_tools
[1.256s] INFO:colcon.colcon_core.task.python.build:Building Python package in '/home/angelina/EAT40005-Project/ros2_ws/src/cam_lidar_tools/fusion/fusion_2d'
[1.257s] INFO:colcon.colcon_core.shell:Skip shell extension 'powershell' for command environment: Not usable outside of PowerShell
[1.257s] DEBUG:colcon.colcon_core.shell:Skip shell extension 'dsv' for command environment
[1.623s] INFO:colcon.colcon_core.task.python.build:Building Python package in '/home/angelina/EAT40005-Project/ros2_ws/src/cam_lidar_tools/fusion/fusion_3d'
[1.623s] INFO:colcon.colcon_core.shell:Skip shell extension 'powershell' for command environment: Not usable outside of PowerShell
[1.624s] DEBUG:colcon.colcon_core.shell:Skip shell extension 'dsv' for command environment
[1.950s] INFO:colcon.colcon_core.task.python.build:Building Python package in '/home/angelina/EAT40005-Project/ros2_ws/src/cam_lidar_tools/lidar/learned_lidar_detector'
[1.950s] INFO:colcon.colcon_core.shell:Skip shell extension 'powershell' for command environment: Not usable outside of PowerShell
[1.950s] DEBUG:colcon.colcon_core.shell:Skip shell extension 'dsv' for command environment
[2.259s] INFO:colcon.colcon_core.task.python.build:Building Python package in '/home/angelina/EAT40005-Project/ros2_ws/src/lidar_socket_pub'
[2.259s] INFO:colcon.colcon_core.shell:Skip shell extension 'powershell' for command environment: Not usable outside of PowerShell
[2.259s] DEBUG:colcon.colcon_core.shell:Skip shell extension 'dsv' for command environment
[2.495s] INFO:colcon.colcon_core.task.python.build:Building Python package in '/home/angelina/EAT40005-Project/ros2_ws/src/map_to_odom_broadcaster'
[2.495s] INFO:colcon.colcon_core.shell:Skip shell extension 'powershell' for command environment: Not usable outside of PowerShell
[2.495s] DEBUG:colcon.colcon_core.shell:Skip shell extension 'dsv' for command environment
[2.717s] INFO:colcon.colcon_core.task.python.build:Building Python package in '/home/angelina/EAT40005-Project/ros2_ws/src/cam_lidar_tools/obj_tracker'
[2.717s] INFO:colcon.colcon_core.shell:Skip shell extension 'powershell' for command environment: Not usable outside of PowerShell
[2.717s] DEBUG:colcon.colcon_core.shell:Skip shell extension 'dsv' for command environment
[2.947s] WARNING:colcon.colcon_ros.task.ament_python.build:Package 'odom_receiver' doesn't explicitly install a marker in the package index (colcon-ros currently does it implicitly but that fallback will be removed in the future)
[2.947s] WARNING:colcon.colcon_ros.task.ament_python.build:Package 'odom_receiver' doesn't explicitly install the 'package.xml' file (colcon-ros currently does it implicitly but that fallback will be removed in the future)
[2.948s] INFO:colcon.colcon_core.task.python.build:Building Python package in '/home/angelina/EAT40005-Project/ros2_ws/src/odom_receiver'
[2.948s] INFO:colcon.colcon_core.shell:Skip shell extension 'powershell' for command environment: Not usable outside of PowerShell
[2.948s] DEBUG:colcon.colcon_core.shell:Skip shell extension 'dsv' for command environment
[3.185s] INFO:colcon.colcon_core.task.python.build:Building Python package in '/home/angelina/EAT40005-Project/ros2_ws/src/odom_to_base_link_tf'
[3.186s] INFO:colcon.colcon_core.shell:Skip shell extension 'powershell' for command environment: Not usable outside of PowerShell
[3.186s] DEBUG:colcon.colcon_core.shell:Skip shell extension 'dsv' for command environment
[3.194s] DEBUG:colcon.colcon_core.event_handler.log_command:Invoked command in '/home/angelina/EAT40005-Project/ros2_ws/build/cam_lidar_bringup' returned '0': CMAKE_PREFIX_PATH=${CMAKE_PREFIX_PATH}:/home/angelina/turtlebot3_ws/install/turtlebot3_teleop:/home/angelina/turtlebot3_ws/install/turtlebot3_example:/opt/ros/humble /usr/bin/cmake --build /home/angelina/EAT40005-Project/ros2_ws/build/cam_lidar_bringup -- -j20 -l20
[3.210s] DEBUG:colcon.colcon_core.event_handler.log_command:Invoking command in '/home/angelina/EAT40005-Project/ros2_ws/build/cam_lidar_bringup': CMAKE_PREFIX_PATH=${CMAKE_PREFIX_PATH}:/home/angelina/turtlebot3_ws/install/turtlebot3_teleop:/home/angelina/turtlebot3_ws/install/turtlebot3_example:/opt/ros/humble /usr/bin/cmake --install /home/angelina/EAT40005-Project/ros2_ws/build/cam_lidar_bringup
[3.211s] DEBUG:colcon.colcon_core.event_handler.log_command:Invoked command in '/home/angelina/EAT40005-Project/ros2_ws/build/data_tools' returned '1': CMAKE_PREFIX_PATH=${CMAKE_PREFIX_PATH}:/home/angelina/turtlebot3_ws/install/turtlebot3_teleop:/home/angelina/turtlebot3_ws/install/turtlebot3_example:/opt/ros/humble /usr/bin/cmake /home/angelina/EAT40005-Project/ros2_ws/src/cam_lidar_tools/data_tools -DCMAKE_INSTALL_PREFIX=/home/angelina/EAT40005-Project/ros2_ws/install/data_tools
[3.251s] Level 1:colcon.colcon_core.environment:create_environment_scripts_only(data_tools)
[3.255s] Level 1:colcon.colcon_core.environment:checking '/home/angelina/EAT40005-Project/ros2_ws/install/data_tools' for CMake module files
[3.255s] Level 1:colcon.colcon_core.environment:checking '/home/angelina/EAT40005-Project/ros2_ws/install/data_tools' for CMake config files
[3.256s] Level 1:colcon.colcon_core.environment:checking '/home/angelina/EAT40005-Project/ros2_ws/install/data_tools/bin'
[3.256s] Level 1:colcon.colcon_core.environment:checking '/home/angelina/EAT40005-Project/ros2_ws/install/data_tools/lib/pkgconfig/data_tools.pc'
[3.256s] Level 1:colcon.colcon_core.environment:checking '/home/angelina/EAT40005-Project/ros2_ws/install/data_tools/lib/python3.10/site-packages'
[3.256s] Level 1:colcon.colcon_core.environment:checking '/home/angelina/EAT40005-Project/ros2_ws/install/data_tools/bin'
[3.256s] INFO:colcon.colcon_core.shell:Creating package script '/home/angelina/EAT40005-Project/ros2_ws/install/data_tools/share/data_tools/package.ps1'
[3.258s] INFO:colcon.colcon_core.shell:Creating package descriptor '/home/angelina/EAT40005-Project/ros2_ws/install/data_tools/share/data_tools/package.dsv'
[3.258s] INFO:colcon.colcon_core.shell:Creating package script '/home/angelina/EAT40005-Project/ros2_ws/install/data_tools/share/data_tools/package.sh'
[3.259s] INFO:colcon.colcon_core.shell:Creating package script '/home/angelina/EAT40005-Project/ros2_ws/install/data_tools/share/data_tools/package.bash'
[3.260s] INFO:colcon.colcon_core.shell:Creating package script '/home/angelina/EAT40005-Project/ros2_ws/install/data_tools/share/data_tools/package.zsh'
[3.261s] Level 1:colcon.colcon_core.environment:create_file_with_runtime_dependencies(/home/angelina/EAT40005-Project/ros2_ws/install/data_tools/share/colcon-core/packages/data_tools)
[6.235s] DEBUG:colcon.colcon_parallel_executor.executor.parallel:closing loop
[6.235s] DEBUG:colcon.colcon_parallel_executor.executor.parallel:loop closed
[6.235s] DEBUG:colcon.colcon_parallel_executor.executor.parallel:run_until_complete finished with '1'
[6.235s] DEBUG:colcon.colcon_core.event_reactor:joining thread
[6.241s] INFO:colcon.colcon_core.plugin_system:Skipping extension 'colcon_notification.desktop_notification.terminal_notifier': Not used on non-Darwin systems
[6.241s] INFO:colcon.colcon_core.plugin_system:Skipping extension 'colcon_notification.desktop_notification.win32': Not used on non-Windows systems
[6.241s] INFO:colcon.colcon_notification.desktop_notification:Sending desktop notification using 'notify2'
[6.252s] DEBUG:colcon.colcon_core.event_reactor:joined thread
[6.252s] INFO:colcon.colcon_core.shell:Creating prefix script '/home/angelina/EAT40005-Project/ros2_ws/install/local_setup.ps1'
[6.254s] INFO:colcon.colcon_core.shell:Creating prefix util module '/home/angelina/EAT40005-Project/ros2_ws/install/_local_setup_util_ps1.py'
[6.255s] INFO:colcon.colcon_core.shell:Creating prefix chain script '/home/angelina/EAT40005-Project/ros2_ws/install/setup.ps1'
[6.256s] INFO:colcon.colcon_core.shell:Creating prefix script '/home/angelina/EAT40005-Project/ros2_ws/install/local_setup.sh'
[6.257s] INFO:colcon.colcon_core.shell:Creating prefix util module '/home/angelina/EAT40005-Project/ros2_ws/install/_local_setup_util_sh.py'
[6.257s] INFO:colcon.colcon_core.shell:Creating prefix chain script '/home/angelina/EAT40005-Project/ros2_ws/install/setup.sh'
[6.258s] INFO:colcon.colcon_core.shell:Creating prefix script '/home/angelina/EAT40005-Project/ros2_ws/install/local_setup.bash'
[6.259s] INFO:colcon.colcon_core.shell:Creating prefix chain script '/home/angelina/EAT40005-Project/ros2_ws/install/setup.bash'
[6.260s] INFO:colcon.colcon_core.shell:Creating prefix script '/home/angelina/EAT40005-Project/ros2_ws/install/local_setup.zsh'
[6.260s] INFO:colcon.colcon_core.shell:Creating prefix chain script '/home/angelina/EAT40005-Project/ros2_ws/install/setup.zsh'
