timestamp,x,y,yaw,tilt,status
None,None,None,None,None,
2025-05-26 15:06:29.877,0.43970000743865967,-0.02930000051856041,46.00278091430664,-515.6619873046875,Going to 'eat test location' - Status: reposing - Unknown
2025-05-26 15:06:30.093,0.43970000743865967,-0.02930000051856041,46.00278091430664,-515.6619873046875,Going to 'eat test location' - Status: reposing - Unknown
2025-05-26 15:06:30.242,0.43970000743865967,-0.02930000051856041,46.00278091430664,-515.6619873046875,Going to 'eat test location' - Status: reposing - Unknown
2025-05-26 15:06:30.284,0.43970000743865967,-0.02930000051856041,46.00278091430664,-515.6619873046875,Going to 'eat test location' - Status: reposing - Unknown
2025-05-26 15:06:30.299,0.43970000743865967,-0.02930000051856041,46.00278091430664,-515.6619873046875,Going to 'eat test location' - Status: reposing - Unknown
2025-05-26 15:06:30.386,0.43970000743865967,-0.02930000051856041,46.00278091430664,-515.6619873046875,Going to 'eat test location' - Status: reposing - Unknown
2025-05-26 15:06:30.957,0.4350999891757965,-0.022600000724196434,32.91642761230469,-343.7746887207031,Going to 'eat test location' - Status: going - Unknown
2025-05-26 15:06:31.093,0.4350999891757965,-0.022600000724196434,32.91642761230469,-343.7746887207031,Going to 'eat test location' - Status: going - Unknown
2025-05-26 15:06:31.242,0.4350999891757965,-0.022600000724196434,32.91642761230469,-343.7746887207031,Going to 'eat test location' - Status: going - Unknown
2025-05-26 15:06:31.284,0.4350999891757965,-0.022600000724196434,32.91642761230469,-343.7746887207031,Going to 'eat test location' - Status: going - Unknown
2025-05-26 15:06:31.299,0.4350999891757965,-0.022600000724196434,32.91642761230469,-343.7746887207031,Going to 'eat test location' - Status: going - Unknown
2025-05-26 15:06:31.386,0.4350999891757965,-0.022600000724196434,32.91642761230469,-343.7746887207031,Going to 'eat test location' - Status: going - Unknown
2025-05-26 15:06:31.424,0.49300000071525574,0.007499999832361937,19.11960220336914,-343.7746887207031,Going to 'eat test location' - Status: going - Unknown
2025-05-26 15:06:31.989,0.6976000070571899,0.050999999046325684,10.50231647491455,-286.4789123535156,Going to 'eat test location' - Status: going - Unknown
2025-05-26 15:06:32.093,0.6976000070571899,0.050999999046325684,10.50231647491455,-286.4789123535156,Going to 'eat test location' - Status: going - Unknown
2025-05-26 15:06:32.242,0.6976000070571899,0.050999999046325684,10.50231647491455,-286.4789123535156,Going to 'eat test location' - Status: going - Unknown
2025-05-26 15:06:32.284,0.6976000070571899,0.050999999046325684,10.50231647491455,-286.4789123535156,Going to 'eat test location' - Status: going - Unknown
2025-05-26 15:06:32.299,0.6976000070571899,0.050999999046325684,10.50231647491455,-286.4789123535156,Going to 'eat test location' - Status: going - Unknown
2025-05-26 15:06:32.387,0.6976000070571899,0.050999999046325684,10.50231647491455,-286.4789123535156,Going to 'eat test location' - Status: going - Unknown
2025-05-26 15:06:32.473,1.0484000444412231,0.10779999941587448,7.895358085632324,-286.4789123535156,Going to 'eat test location' - Status: going - Unknown
2025-05-26 15:06:33.041,1.6224000453948975,0.15129999816417694,3.7242255210876465,-286.4789123535156,Going to 'eat test location' - Status: going - Unknown
2025-05-26 15:06:33.093,1.6224000453948975,0.15129999816417694,3.7242255210876465,-286.4789123535156,Going to 'eat test location' - Status: going - Unknown
2025-05-26 15:06:33.242,1.6224000453948975,0.15129999816417694,3.7242255210876465,-286.4789123535156,Going to 'eat test location' - Status: going - Unknown
2025-05-26 15:06:33.284,1.6224000453948975,0.15129999816417694,3.7242255210876465,-286.4789123535156,Going to 'eat test location' - Status: going - Unknown
2025-05-26 15:06:33.300,1.6224000453948975,0.15129999816417694,3.7242255210876465,-286.4789123535156,Going to 'eat test location' - Status: going - Unknown
2025-05-26 15:06:33.386,1.6224000453948975,0.15129999816417694,3.7242255210876465,-286.4789123535156,Going to 'eat test location' - Status: going - Unknown
2025-05-26 15:06:33.593,2.1070001125335693,0.16410000622272491,-0.08594366908073425,-286.4789123535156,Going to 'eat test location' - Status: going - Unknown
2025-05-26 15:06:34.093,2.1070001125335693,0.16410000622272491,-0.08594366908073425,-286.4789123535156,Going to 'eat test location' - Status: going - Unknown
2025-05-26 15:06:34.127,2.572200059890747,0.13940000534057617,-3.4549355506896973,-343.7746887207031,Going to 'eat test location' - Status: going - Unknown
2025-05-26 15:06:34.242,2.572200059890747,0.13940000534057617,-3.4549355506896973,-343.7746887207031,Going to 'eat test location' - Status: going - Unknown
2025-05-26 15:06:34.284,2.572200059890747,0.13940000534057617,-3.4549355506896973,-343.7746887207031,Going to 'eat test location' - Status: going - Unknown
2025-05-26 15:06:34.299,2.572200059890747,0.13940000534057617,-3.4549355506896973,-343.7746887207031,Going to 'eat test location' - Status: going - Unknown
2025-05-26 15:06:34.386,2.572200059890747,0.13940000534057617,-3.4549355506896973,-343.7746887207031,Going to 'eat test location' - Status: going - Unknown
2025-05-26 15:06:34.625,2.9732000827789307,0.08540000021457672,-9.522558212280273,-286.4789123535156,Going to 'eat test location' - Status: going - Unknown
2025-05-26 15:06:35.093,2.9732000827789307,0.08540000021457672,-9.522558212280273,-286.4789123535156,Going to 'eat test location' - Status: going - Unknown
2025-05-26 15:06:35.182,3.40120005607605,0.01850000023841858,-10.628366470336914,-286.4789123535156,Going to 'eat test location' - Status: going - Unknown
2025-05-26 15:06:35.242,3.40120005607605,0.01850000023841858,-10.628366470336914,-286.4789123535156,Going to 'eat test location' - Status: going - Unknown
2025-05-26 15:06:35.284,3.40120005607605,0.01850000023841858,-10.628366470336914,-286.4789123535156,Going to 'eat test location' - Status: going - Unknown
2025-05-26 15:06:35.299,3.40120005607605,0.01850000023841858,-10.628366470336914,-286.4789123535156,Going to 'eat test location' - Status: going - Unknown
2025-05-26 15:06:35.386,3.40120005607605,0.01850000023841858,-10.628366470336914,-286.4789123535156,Going to 'eat test location' - Status: going - Unknown
2025-05-26 15:06:35.699,3.839099884033203,-0.07479999959468842,-15.114625930786133,-286.4789123535156,Going to 'eat test location' - Status: going - Unknown
2025-05-26 15:06:36.093,3.839099884033203,-0.07479999959468842,-15.114625930786133,-286.4789123535156,Going to 'eat test location' - Status: going - Unknown
2025-05-26 15:06:36.242,3.839099884033203,-0.07479999959468842,-15.114625930786133,-286.4789123535156,Going to 'eat test location' - Status: going - Unknown
2025-05-26 15:06:36.247,4.308199882507324,-0.18520000576972961,-11.969088554382324,-286.4789123535156,Going to 'eat test location' - Status: going - Unknown
2025-05-26 15:06:36.284,4.308199882507324,-0.18520000576972961,-11.969088554382324,-286.4789123535156,Going to 'eat test location' - Status: going - Unknown
2025-05-26 15:06:36.299,4.308199882507324,-0.18520000576972961,-11.969088554382324,-286.4789123535156,Going to 'eat test location' - Status: going - Unknown
2025-05-26 15:06:36.386,4.308199882507324,-0.18520000576972961,-11.969088554382324,-286.4789123535156,Going to 'eat test location' - Status: going - Unknown
2025-05-26 15:06:36.797,4.713200092315674,-0.2563999891281128,-6.35410213470459,-286.4789123535156,Going to 'eat test location' - Status: going - Unknown
2025-05-26 15:06:37.093,4.713200092315674,-0.2563999891281128,-6.35410213470459,-286.4789123535156,Going to 'eat test location' - Status: going - Unknown
2025-05-26 15:06:37.243,4.713200092315674,-0.2563999891281128,-6.35410213470459,-286.4789123535156,Going to 'eat test location' - Status: going - Unknown
2025-05-26 15:06:37.284,4.713200092315674,-0.2563999891281128,-6.35410213470459,-286.4789123535156,Going to 'eat test location' - Status: going - Unknown
2025-05-26 15:06:37.300,4.713200092315674,-0.2563999891281128,-6.35410213470459,-286.4789123535156,Going to 'eat test location' - Status: going - Unknown
2025-05-26 15:06:37.331,5.148099899291992,-0.3111000061035156,-6.841116428375244,-286.4789123535156,Going to 'eat test location' - Status: going - Unknown
2025-05-26 15:06:37.386,5.148099899291992,-0.3111000061035156,-6.841116428375244,-286.4789123535156,Going to 'eat test location' - Status: going - Unknown
2025-05-26 15:06:37.846,5.356200218200684,-0.34209999442100525,-5.2196455001831055,-286.4789123535156,Going to 'eat test location' - Status: going - Unknown
2025-05-26 15:06:38.093,5.356200218200684,-0.34209999442100525,-5.2196455001831055,-286.4789123535156,Going to 'eat test location' - Status: going - Unknown
2025-05-26 15:06:38.242,5.356200218200684,-0.34209999442100525,-5.2196455001831055,-286.4789123535156,Going to 'eat test location' - Status: going - Unknown
2025-05-26 15:06:38.285,5.356200218200684,-0.34209999442100525,-5.2196455001831055,-286.4789123535156,Going to 'eat test location' - Status: going - Unknown
2025-05-26 15:06:38.300,5.356200218200684,-0.34209999442100525,-5.2196455001831055,-286.4789123535156,Going to 'eat test location' - Status: going - Unknown
2025-05-26 15:06:38.386,5.356200218200684,-0.34209999442100525,-5.2196455001831055,-286.4789123535156,Going to 'eat test location' - Status: going - Unknown
2025-05-26 15:06:38.898,5.359099864959717,-0.349700003862381,0.6932789087295532,-286.4789123535156,Going to 'eat test location' - Status: going - Unknown
2025-05-26 15:06:39.093,5.359099864959717,-0.349700003862381,0.6932789087295532,-286.4789123535156,Going to 'eat test location' - Status: going - Unknown
2025-05-26 15:06:39.242,5.359099864959717,-0.349700003862381,0.6932789087295532,-286.4789123535156,Going to 'eat test location' - Status: going - Unknown
2025-05-26 15:06:39.284,5.359099864959717,-0.349700003862381,0.6932789087295532,-286.4789123535156,Going to 'eat test location' - Status: going - Unknown
2025-05-26 15:06:39.300,5.359099864959717,-0.349700003862381,0.6932789087295532,-286.4789123535156,Going to 'eat test location' - Status: going - Unknown
2025-05-26 15:06:39.386,5.359099864959717,-0.349700003862381,0.6932789087295532,-286.4789123535156,Going to 'eat test location' - Status: going - Unknown
2025-05-26 15:06:39.423,5.281499862670898,-0.361299991607666,17.280406951904297,-286.4789123535156,Going to 'eat test location' - Status: going - Unknown
2025-05-26 15:06:39.982,5.2428998947143555,-0.37610000371932983,26.579511642456055,-286.4789123535156,Going to 'eat test location' - Status: going - Unknown
2025-05-26 15:06:40.093,5.2428998947143555,-0.37610000371932983,26.579511642456055,-286.4789123535156,Going to 'eat test location' - Status: going - Unknown
2025-05-26 15:06:40.242,5.2428998947143555,-0.37610000371932983,26.579511642456055,-286.4789123535156,Going to 'eat test location' - Status: going - Unknown
2025-05-26 15:06:40.284,5.2428998947143555,-0.37610000371932983,26.579511642456055,-286.4789123535156,Going to 'eat test location' - Status: going - Unknown
2025-05-26 15:06:40.300,5.2428998947143555,-0.37610000371932983,26.579511642456055,-286.4789123535156,Going to 'eat test location' - Status: going - Unknown
2025-05-26 15:06:40.386,5.2428998947143555,-0.37610000371932983,26.579511642456055,-286.4789123535156,Going to 'eat test location' - Status: going - Unknown
2025-05-26 15:06:40.562,5.276299953460693,-0.3472999930381775,38.60589599609375,-286.4789123535156,Going to 'eat test location' - Status: going - Unknown
2025-05-26 15:06:41.042,5.414400100708008,-0.2498999983072281,21.66926383972168,-286.4789123535156,Going to 'eat test location' - Status: going - Unknown
2025-05-26 15:06:41.093,5.414400100708008,-0.2498999983072281,21.66926383972168,-286.4789123535156,Going to 'eat test location' - Status: going - Unknown
2025-05-26 15:06:41.242,5.414400100708008,-0.2498999983072281,21.66926383972168,-286.4789123535156,Going to 'eat test location' - Status: going - Unknown
2025-05-26 15:06:41.284,5.414400100708008,-0.2498999983072281,21.66926383972168,-286.4789123535156,Going to 'eat test location' - Status: going - Unknown
2025-05-26 15:06:41.300,5.414400100708008,-0.2498999983072281,21.66926383972168,-286.4789123535156,Going to 'eat test location' - Status: going - Unknown
2025-05-26 15:06:41.386,5.414400100708008,-0.2498999983072281,21.66926383972168,-286.4789123535156,Going to 'eat test location' - Status: going - Unknown
2025-05-26 15:06:41.591,5.427499771118164,-0.24009999632835388,-18.311729431152344,-286.4789123535156,Going to 'eat test location' - Status: going - Unknown
2025-05-26 15:06:42.093,5.427499771118164,-0.24009999632835388,-18.311729431152344,-286.4789123535156,Going to 'eat test location' - Status: going - Unknown
2025-05-26 15:06:42.242,5.427499771118164,-0.24009999632835388,-18.311729431152344,-286.4789123535156,Going to '' - Status: obstacle detected - Ground Obstacle
2025-05-26 15:06:42.284,5.427499771118164,-0.24009999632835388,-18.311729431152344,-286.4789123535156,Going to '' - Status: obstacle detected - Ground Obstacle
2025-05-26 15:06:42.299,5.427499771118164,-0.24009999632835388,-18.311729431152344,-286.4789123535156,Going to '' - Status: obstacle detected - Ground Obstacle
2025-05-26 15:06:42.386,5.427499771118164,-0.24009999632835388,-18.311729431152344,-286.4789123535156,Going to '' - Status: obstacle detected - Ground Obstacle
2025-05-26 15:06:43.093,5.427499771118164,-0.24009999632835388,-18.311729431152344,-286.4789123535156,Going to '' - Status: obstacle detected - Ground Obstacle
2025-05-26 15:06:43.181,5.310800075531006,-0.21050000190734863,-26.585241317749023,-286.4789123535156,Going to '' - Status: obstacle detected - Back Obstacle
2025-05-26 15:06:43.242,5.310800075531006,-0.21050000190734863,-26.585241317749023,-286.4789123535156,Going to '' - Status: obstacle detected - Back Obstacle
2025-05-26 15:06:43.284,5.310800075531006,-0.21050000190734863,-26.585241317749023,-286.4789123535156,Going to '' - Status: obstacle detected - Back Obstacle
2025-05-26 15:06:43.299,5.310800075531006,-0.21050000190734863,-26.585241317749023,-286.4789123535156,Going to '' - Status: obstacle detected - Back Obstacle
2025-05-26 15:06:43.386,5.310800075531006,-0.21050000190734863,-26.585241317749023,-286.4789123535156,Going to '' - Status: obstacle detected - Back Obstacle
2025-05-26 15:06:44.093,5.310800075531006,-0.21050000190734863,-26.585241317749023,-286.4789123535156,Going to '' - Status: obstacle detected - Back Obstacle
2025-05-26 15:06:44.242,5.310800075531006,-0.21050000190734863,-26.585241317749023,-286.4789123535156,Going to '' - Status: obstacle detected - Back Obstacle
2025-05-26 15:06:44.282,5.4274001121521,-0.26669999957084656,3.24294114112854,-229.18312072753906,Going to '' - Status: obstacle detected - Back Obstacle
2025-05-26 15:06:44.284,5.4274001121521,-0.26669999957084656,3.24294114112854,-229.18312072753906,Going to '' - Status: obstacle detected - Back Obstacle
2025-05-26 15:06:44.299,5.4274001121521,-0.26669999957084656,3.24294114112854,-229.18312072753906,Going to '' - Status: obstacle detected - Back Obstacle
2025-05-26 15:06:44.386,5.4274001121521,-0.26669999957084656,3.24294114112854,-229.18312072753906,Going to 'eat test location' - Status: going - Unknown
2025-05-26 15:06:44.840,5.412899971008301,-0.2678999900817871,9.236080169677734,-286.4789123535156,Going to 'eat test location' - Status: going - Unknown
2025-05-26 15:06:45.093,5.412899971008301,-0.2678999900817871,9.236080169677734,-286.4789123535156,Going to 'eat test location' - Status: going - Unknown
2025-05-26 15:06:45.242,5.412899971008301,-0.2678999900817871,9.236080169677734,-286.4789123535156,Going to 'eat test location' - Status: going - Unknown
2025-05-26 15:06:45.284,5.412899971008301,-0.2678999900817871,9.236080169677734,-286.4789123535156,Going to 'eat test location' - Status: going - Unknown
2025-05-26 15:06:45.300,5.412899971008301,-0.2678999900817871,9.236080169677734,-286.4789123535156,Going to 'eat test location' - Status: going - Unknown
2025-05-26 15:06:45.386,5.412899971008301,-0.2678999900817871,9.236080169677734,-286.4789123535156,Going to '' - Status: obstacle detected - Ground Obstacle
2025-05-26 15:06:45.938,5.285699844360352,-0.301800012588501,30.275089263916016,-286.4789123535156,Going to '' - Status: obstacle detected - Ground Obstacle
2025-05-26 15:06:46.093,5.285699844360352,-0.301800012588501,30.275089263916016,-286.4789123535156,Going to '' - Status: obstacle detected - Ground Obstacle
2025-05-26 15:06:46.242,5.285699844360352,-0.301800012588501,30.275089263916016,-286.4789123535156,Going to '' - Status: obstacle detected - Ground Obstacle
2025-05-26 15:06:46.284,5.285699844360352,-0.301800012588501,30.275089263916016,-286.4789123535156,Going to '' - Status: obstacle detected - Ground Obstacle
2025-05-26 15:06:46.300,5.285699844360352,-0.301800012588501,30.275089263916016,-286.4789123535156,Going to '' - Status: obstacle detected - Ground Obstacle
2025-05-26 15:06:46.386,5.285699844360352,-0.301800012588501,30.275089263916016,-286.4789123535156,Going to '' - Status: obstacle detected - Ground Obstacle
2025-05-26 15:06:46.429,5.221499919891357,-0.3458000123500824,43.493228912353516,-286.4789123535156,Going to '' - Status: obstacle detected - Ground Obstacle
2025-05-26 15:06:46.934,5.183899879455566,-0.38339999318122864,53.45123291015625,-286.4789123535156,Going to '' - Status: obstacle detected - Ground Obstacle
2025-05-26 15:06:47.093,5.183899879455566,-0.38339999318122864,53.45123291015625,-286.4789123535156,Going to 'eat test location' - Status: abort - Unknown
2025-05-26 15:06:47.242,5.183899879455566,-0.38339999318122864,53.45123291015625,-286.4789123535156,Going to 'eat test location' - Status: abort - Unknown
2025-05-26 15:06:47.284,5.183899879455566,-0.38339999318122864,53.45123291015625,-286.4789123535156,Going to 'eat test location' - Status: abort - Unknown
2025-05-26 15:06:47.299,5.183899879455566,-0.38339999318122864,53.45123291015625,-286.4789123535156,Going to 'eat test location' - Status: abort - Unknown
2025-05-26 15:06:47.386,5.183899879455566,-0.38339999318122864,53.45123291015625,-286.4789123535156,Going to 'eat test location' - Status: abort - Unknown
2025-05-26 15:06:48.093,5.183899879455566,-0.38339999318122864,53.45123291015625,-286.4789123535156,Follow status: start
2025-05-26 15:06:48.242,5.183899879455566,-0.38339999318122864,53.45123291015625,-286.4789123535156,Follow status: start
2025-05-26 15:06:48.284,5.183899879455566,-0.38339999318122864,53.45123291015625,-286.4789123535156,Follow status: start
2025-05-26 15:06:48.299,5.183899879455566,-0.38339999318122864,53.45123291015625,-286.4789123535156,Follow status: start
2025-05-26 15:06:48.386,5.183899879455566,-0.38339999318122864,53.45123291015625,-286.4789123535156,Follow status: start
2025-05-26 15:06:49.093,5.183899879455566,-0.38339999318122864,53.45123291015625,-286.4789123535156,Follow status: track
2025-05-26 15:06:49.242,5.183899879455566,-0.38339999318122864,53.45123291015625,-286.4789123535156,Follow status: track
2025-05-26 15:06:49.284,5.183899879455566,-0.38339999318122864,53.45123291015625,-286.4789123535156,Follow status: track
2025-05-26 15:06:49.299,5.183899879455566,-0.38339999318122864,53.45123291015625,-286.4789123535156,Follow status: track
2025-05-26 15:06:49.386,5.183899879455566,-0.38339999318122864,53.45123291015625,-286.4789123535156,Follow status: track
2025-05-26 15:06:50.093,5.183899879455566,-0.38339999318122864,53.45123291015625,-286.4789123535156,Follow status: abort
2025-05-26 15:06:50.138,5.183499813079834,-0.3849000036716461,45.5214958190918,2864.7890625,Follow status: abort
2025-05-26 15:06:50.242,5.183499813079834,-0.3849000036716461,45.5214958190918,2864.7890625,Follow status: abort
2025-05-26 15:06:50.284,5.183499813079834,-0.3849000036716461,45.5214958190918,2864.7890625,Follow status: abort
2025-05-26 15:06:50.299,5.183499813079834,-0.3849000036716461,45.5214958190918,2864.7890625,Follow status: abort
2025-05-26 15:06:50.386,5.183499813079834,-0.3849000036716461,45.5214958190918,2864.7890625,Follow status: abort
2025-05-26 15:06:51.093,5.183499813079834,-0.3849000036716461,45.5214958190918,2864.7890625,Follow status: abort
2025-05-26 15:06:51.242,5.183499813079834,-0.3849000036716461,45.5214958190918,2864.7890625,Follow status: abort
2025-05-26 15:06:51.284,5.183499813079834,-0.3849000036716461,45.5214958190918,2864.7890625,Follow status: abort
2025-05-26 15:06:51.300,5.183499813079834,-0.3849000036716461,45.5214958190918,2864.7890625,Follow status: abort
2025-05-26 15:06:51.387,5.183499813079834,-0.3849000036716461,45.5214958190918,2864.7890625,Follow status: abort
2025-05-26 15:06:52.093,5.183499813079834,-0.3849000036716461,45.5214958190918,2864.7890625,Follow status: abort
2025-05-26 15:06:52.242,5.183499813079834,-0.3849000036716461,45.5214958190918,2864.7890625,Follow status: abort
2025-05-26 15:06:52.284,5.183499813079834,-0.3849000036716461,45.5214958190918,2864.7890625,Follow status: abort
2025-05-26 15:06:52.300,5.183499813079834,-0.3849000036716461,45.5214958190918,2864.7890625,Follow status: abort
2025-05-26 15:06:52.386,5.183499813079834,-0.3849000036716461,45.5214958190918,2864.7890625,Follow status: abort
2025-05-26 15:06:53.093,5.183499813079834,-0.3849000036716461,45.5214958190918,2864.7890625,Follow status: abort
2025-05-26 15:06:53.242,5.183499813079834,-0.3849000036716461,45.5214958190918,2864.7890625,Follow status: abort
2025-05-26 15:06:53.284,5.183499813079834,-0.3849000036716461,45.5214958190918,2864.7890625,Follow status: abort
2025-05-26 15:06:53.300,5.183499813079834,-0.3849000036716461,45.5214958190918,2864.7890625,Follow status: abort
2025-05-26 15:06:53.386,5.183499813079834,-0.3849000036716461,45.5214958190918,2864.7890625,Follow status: abort
2025-05-26 15:06:54.093,5.183499813079834,-0.3849000036716461,45.5214958190918,2864.7890625,Follow status: abort
2025-05-26 15:06:54.242,5.183499813079834,-0.3849000036716461,45.5214958190918,2864.7890625,Follow status: abort
2025-05-26 15:06:54.284,5.183499813079834,-0.3849000036716461,45.5214958190918,2864.7890625,Follow status: abort
2025-05-26 15:06:54.299,5.183499813079834,-0.3849000036716461,45.5214958190918,2864.7890625,Follow status: abort
2025-05-26 15:06:54.386,5.183499813079834,-0.3849000036716461,45.5214958190918,2864.7890625,Follow status: abort
2025-05-26 15:06:55.093,5.183499813079834,-0.3849000036716461,45.5214958190918,2864.7890625,Follow status: abort
2025-05-26 15:06:55.242,5.183499813079834,-0.3849000036716461,45.5214958190918,2864.7890625,Follow status: abort
2025-05-26 15:06:55.284,5.183499813079834,-0.3849000036716461,45.5214958190918,2864.7890625,Follow status: abort
2025-05-26 15:06:55.299,5.183499813079834,-0.3849000036716461,45.5214958190918,2864.7890625,Follow status: abort
2025-05-26 15:06:55.386,5.183499813079834,-0.3849000036716461,45.5214958190918,2864.7890625,Follow status: abort
None,None,None,None,None,
2025-05-26 15:10:21.284,4.426300048828125,-0.19609999656677246,0.4583662450313568,2864.7890625,Server started successfully
2025-05-26 15:10:21.299,4.426300048828125,-0.19609999656677246,0.4583662450313568,2864.7890625,Server started successfully
2025-05-26 15:10:21.386,4.426300048828125,-0.19609999656677246,0.4583662450313568,2864.7890625,Server started successfully
2025-05-26 15:10:22.093,4.426300048828125,-0.19609999656677246,0.4583662450313568,2864.7890625,Server started successfully
2025-05-26 15:10:22.242,4.426300048828125,-0.19609999656677246,0.4583662450313568,2864.7890625,Server started successfully
2025-05-26 15:10:22.284,4.426300048828125,-0.19609999656677246,0.4583662450313568,2864.7890625,Server started successfully
2025-05-26 15:10:22.299,4.426300048828125,-0.19609999656677246,0.4583662450313568,2864.7890625,Server started successfully
2025-05-26 15:10:22.386,4.426300048828125,-0.19609999656677246,0.4583662450313568,2864.7890625,Server started successfully
2025-05-26 15:10:23.093,4.426300048828125,-0.19609999656677246,0.4583662450313568,2864.7890625,Server started successfully
2025-05-26 15:10:23.242,4.426300048828125,-0.19609999656677246,0.4583662450313568,2864.7890625,Server started successfully
2025-05-26 15:10:23.284,4.426300048828125,-0.19609999656677246,0.4583662450313568,2864.7890625,Server started successfully
2025-05-26 15:10:23.299,4.426300048828125,-0.19609999656677246,0.4583662450313568,2864.7890625,Server started successfully
2025-05-26 15:10:23.386,4.426300048828125,-0.19609999656677246,0.4583662450313568,2864.7890625,Server started successfully
2025-05-26 15:10:24.093,4.426300048828125,-0.19609999656677246,0.4583662450313568,2864.7890625,Server started successfully
2025-05-26 15:10:24.242,4.426300048828125,-0.19609999656677246,0.4583662450313568,2864.7890625,Server started successfully
2025-05-26 15:10:24.284,4.426300048828125,-0.19609999656677246,0.4583662450313568,2864.7890625,Server started successfully
2025-05-26 15:10:24.299,4.426300048828125,-0.19609999656677246,0.4583662450313568,2864.7890625,Server started successfully
2025-05-26 15:10:24.386,4.426300048828125,-0.19609999656677246,0.4583662450313568,2864.7890625,Server started successfully
2025-05-26 15:10:25.093,4.426300048828125,-0.19609999656677246,0.4583662450313568,2864.7890625,Server started successfully
2025-05-26 15:10:25.242,4.426300048828125,-0.19609999656677246,0.4583662450313568,2864.7890625,Server started successfully
2025-05-26 15:10:25.284,4.426300048828125,-0.19609999656677246,0.4583662450313568,2864.7890625,Server started successfully
2025-05-26 15:10:25.299,4.426300048828125,-0.19609999656677246,0.4583662450313568,2864.7890625,Server started successfully
2025-05-26 15:10:25.386,4.426300048828125,-0.19609999656677246,0.4583662450313568,2864.7890625,Server started successfully
2025-05-26 15:10:26.093,4.426300048828125,-0.19609999656677246,0.4583662450313568,2864.7890625,Server started successfully
2025-05-26 15:10:26.242,4.426300048828125,-0.19609999656677246,0.4583662450313568,2864.7890625,Server started successfully
2025-05-26 15:10:26.284,4.426300048828125,-0.19609999656677246,0.4583662450313568,2864.7890625,Server started successfully
2025-05-26 15:10:26.299,4.426300048828125,-0.19609999656677246,0.4583662450313568,2864.7890625,Server started successfully
2025-05-26 15:10:26.386,4.426300048828125,-0.19609999656677246,0.4583662450313568,2864.7890625,Server started successfully
2025-05-26 15:10:27.093,4.426300048828125,-0.19609999656677246,0.4583662450313568,2864.7890625,Server started successfully
2025-05-26 15:10:27.242,4.426300048828125,-0.19609999656677246,0.4583662450313568,2864.7890625,Server started successfully
2025-05-26 15:10:27.284,4.426300048828125,-0.19609999656677246,0.4583662450313568,2864.7890625,Server started successfully
2025-05-26 15:10:27.299,4.426300048828125,-0.19609999656677246,0.4583662450313568,2864.7890625,Server started successfully
2025-05-26 15:10:27.386,4.426300048828125,-0.19609999656677246,0.4583662450313568,2864.7890625,Server started successfully
2025-05-26 15:10:28.093,4.426300048828125,-0.19609999656677246,0.4583662450313568,2864.7890625,Server started successfully
2025-05-26 15:10:28.242,4.426300048828125,-0.19609999656677246,0.4583662450313568,2864.7890625,Server started successfully
2025-05-26 15:10:28.284,4.426300048828125,-0.19609999656677246,0.4583662450313568,2864.7890625,Server started successfully
2025-05-26 15:10:28.299,4.426300048828125,-0.19609999656677246,0.4583662450313568,2864.7890625,Server started successfully
2025-05-26 15:10:28.386,4.426300048828125,-0.19609999656677246,0.4583662450313568,2864.7890625,Server started successfully
2025-05-26 15:10:29.093,4.426300048828125,-0.19609999656677246,0.4583662450313568,2864.7890625,Server started successfully
2025-05-26 15:10:29.242,4.426300048828125,-0.19609999656677246,0.4583662450313568,2864.7890625,Server started successfully
2025-05-26 15:10:29.284,4.426300048828125,-0.19609999656677246,0.4583662450313568,2864.7890625,Server started successfully
2025-05-26 15:10:29.299,4.426300048828125,-0.19609999656677246,0.4583662450313568,2864.7890625,Server started successfully
2025-05-26 15:10:29.386,4.426300048828125,-0.19609999656677246,0.4583662450313568,2864.7890625,Server started successfully
2025-05-26 15:10:30.093,4.426300048828125,-0.19609999656677246,0.4583662450313568,2864.7890625,Server started successfully
2025-05-26 15:10:30.242,4.426300048828125,-0.19609999656677246,0.4583662450313568,2864.7890625,Server started successfully
2025-05-26 15:10:30.284,4.426300048828125,-0.19609999656677246,0.4583662450313568,2864.7890625,Server started successfully
2025-05-26 15:10:30.299,4.426300048828125,-0.19609999656677246,0.4583662450313568,2864.7890625,Server started successfully
2025-05-26 15:10:30.386,4.426300048828125,-0.19609999656677246,0.4583662450313568,2864.7890625,Server started successfully
2025-05-26 15:10:30.961,4.42609977722168,-0.19599999487400055,0.3495042622089386,2864.7890625,Going to 'eat test location' - Status: start - Unknown
2025-05-26 15:10:31.093,4.42609977722168,-0.19599999487400055,0.3495042622089386,2864.7890625,Going to 'eat test location' - Status: start - Unknown
2025-05-26 15:10:31.242,4.42609977722168,-0.19599999487400055,0.3495042622089386,2864.7890625,Going to 'eat test location' - Status: reposing - Unknown
2025-05-26 15:10:31.284,4.42609977722168,-0.19599999487400055,0.3495042622089386,2864.7890625,Going to 'eat test location' - Status: reposing - Unknown
2025-05-26 15:10:31.301,4.42609977722168,-0.19599999487400055,0.3495042622089386,2864.7890625,Going to 'eat test location' - Status: reposing - Unknown
2025-05-26 15:10:31.386,4.42609977722168,-0.19599999487400055,0.3495042622089386,2864.7890625,Going to 'eat test location' - Status: reposing - Unknown
2025-05-26 15:10:32.093,4.42609977722168,-0.19599999487400055,0.3495042622089386,2864.7890625,Going to 'eat test location' - Status: reposing - Unknown
2025-05-26 15:10:32.242,4.42609977722168,-0.19599999487400055,0.3495042622089386,2864.7890625,Going to 'eat test location' - Status: reposing - Unknown
2025-05-26 15:10:32.284,4.42609977722168,-0.19599999487400055,0.3495042622089386,2864.7890625,Going to 'eat test location' - Status: reposing - Unknown
2025-05-26 15:10:32.300,4.42609977722168,-0.19599999487400055,0.3495042622089386,2864.7890625,Going to 'eat test location' - Status: reposing - Unknown
2025-05-26 15:10:32.386,4.42609977722168,-0.19599999487400055,0.3495042622089386,2864.7890625,Going to 'eat test location' - Status: reposing - Unknown
2025-05-26 15:10:33.093,4.42609977722168,-0.19599999487400055,0.3495042622089386,2864.7890625,Going to 'eat test location' - Status: reposing - Unknown
2025-05-26 15:10:33.242,4.42609977722168,-0.19599999487400055,0.3495042622089386,2864.7890625,Going to 'eat test location' - Status: reposing - Unknown
2025-05-26 15:10:33.284,4.42609977722168,-0.19599999487400055,0.3495042622089386,2864.7890625,Going to 'eat test location' - Status: reposing - Unknown
2025-05-26 15:10:33.299,4.42609977722168,-0.19599999487400055,0.3495042622089386,2864.7890625,Going to 'eat test location' - Status: reposing - Unknown
2025-05-26 15:10:33.386,4.42609977722168,-0.19599999487400055,0.3495042622089386,2864.7890625,Going to 'eat test location' - Status: reposing - Unknown
2025-05-26 15:10:34.093,4.42609977722168,-0.19599999487400055,0.3495042622089386,2864.7890625,Going to 'eat test location' - Status: reposing - Unknown
2025-05-26 15:10:34.242,4.42609977722168,-0.19599999487400055,0.3495042622089386,2864.7890625,Going to 'eat test location' - Status: reposing - Unknown
2025-05-26 15:10:34.284,4.42609977722168,-0.19599999487400055,0.3495042622089386,2864.7890625,Going to 'eat test location' - Status: reposing - Unknown
2025-05-26 15:10:34.299,4.42609977722168,-0.19599999487400055,0.3495042622089386,2864.7890625,Going to 'eat test location' - Status: reposing - Unknown
2025-05-26 15:10:34.386,4.42609977722168,-0.19599999487400055,0.3495042622089386,2864.7890625,Going to 'eat test location' - Status: reposing - Unknown
2025-05-26 15:10:35.093,4.42609977722168,-0.19599999487400055,0.3495042622089386,2864.7890625,Going to 'eat test location' - Status: reposing - Unknown
2025-05-26 15:10:35.242,4.42609977722168,-0.19599999487400055,0.3495042622089386,2864.7890625,Going to 'eat test location' - Status: reposing - Unknown
2025-05-26 15:10:35.284,4.42609977722168,-0.19599999487400055,0.3495042622089386,2864.7890625,Going to 'eat test location' - Status: reposing - Unknown
2025-05-26 15:10:35.300,4.42609977722168,-0.19599999487400055,0.3495042622089386,2864.7890625,Going to 'eat test location' - Status: reposing - Unknown
2025-05-26 15:10:35.386,4.42609977722168,-0.19599999487400055,0.3495042622089386,2864.7890625,Going to 'eat test location' - Status: reposing - Unknown
2025-05-26 15:10:36.093,4.42609977722168,-0.19599999487400055,0.3495042622089386,2864.7890625,Going to 'eat test location' - Status: reposing - Unknown
2025-05-26 15:10:36.242,4.42609977722168,-0.19599999487400055,0.3495042622089386,2864.7890625,Going to 'eat test location' - Status: reposing - Unknown
2025-05-26 15:10:36.284,4.42609977722168,-0.19599999487400055,0.3495042622089386,2864.7890625,Going to 'eat test location' - Status: reposing - Unknown
2025-05-26 15:10:36.299,4.42609977722168,-0.19599999487400055,0.3495042622089386,2864.7890625,Going to 'eat test location' - Status: reposing - Unknown
2025-05-26 15:10:36.386,4.42609977722168,-0.19599999487400055,0.3495042622089386,2864.7890625,Going to 'eat test location' - Status: reposing - Unknown
2025-05-26 15:10:36.960,4.42609977722168,-0.19589999318122864,27.29570960998535,-515.6619873046875,Going to 'eat test location' - Status: reposing - Unknown
2025-05-26 15:10:37.093,4.42609977722168,-0.19589999318122864,27.29570960998535,-515.6619873046875,Going to 'eat test location' - Status: reposing - Unknown
2025-05-26 15:10:37.242,4.42609977722168,-0.19589999318122864,27.29570960998535,-515.6619873046875,Going to 'eat test location' - Status: reposing - Unknown
2025-05-26 15:10:37.284,4.42609977722168,-0.19589999318122864,27.29570960998535,-515.6619873046875,Going to 'eat test location' - Status: reposing - Unknown
2025-05-26 15:10:37.300,4.42609977722168,-0.19589999318122864,27.29570960998535,-515.6619873046875,Going to 'eat test location' - Status: reposing - Unknown
2025-05-26 15:10:37.386,4.42609977722168,-0.19589999318122864,27.29570960998535,-515.6619873046875,Going to 'eat test location' - Status: reposing - Unknown
2025-05-26 15:10:37.452,4.426199913024902,-0.19599999487400055,48.93059539794922,-515.6619873046875,Going to 'eat test location' - Status: reposing - Unknown
2025-05-26 15:10:38.093,4.426199913024902,-0.19599999487400055,48.93059539794922,-515.6619873046875,Going to 'eat test location' - Status: reposing - Unknown
2025-05-26 15:10:38.242,4.426199913024902,-0.19599999487400055,48.93059539794922,-515.6619873046875,Going to 'eat test location' - Status: reposing - Unknown
2025-05-26 15:10:38.284,4.426199913024902,-0.19599999487400055,48.93059539794922,-515.6619873046875,Going to 'eat test location' - Status: reposing - Unknown
2025-05-26 15:10:38.299,4.426199913024902,-0.19599999487400055,48.93059539794922,-515.6619873046875,Going to 'eat test location' - Status: reposing - Unknown
2025-05-26 15:10:38.386,4.426199913024902,-0.19599999487400055,48.93059539794922,-515.6619873046875,Going to 'eat test location' - Status: reposing - Unknown
2025-05-26 15:10:39.093,4.426199913024902,-0.19599999487400055,48.93059539794922,-515.6619873046875,Going to 'eat test location' - Status: reposing - Unknown
2025-05-26 15:10:39.243,4.426199913024902,-0.19599999487400055,48.93059539794922,-515.6619873046875,Going to 'eat test location' - Status: reposing - Unknown
2025-05-26 15:10:39.284,4.426199913024902,-0.19599999487400055,48.93059539794922,-515.6619873046875,Going to 'eat test location' - Status: reposing - Unknown
2025-05-26 15:10:39.299,4.426199913024902,-0.19599999487400055,48.93059539794922,-515.6619873046875,Going to 'eat test location' - Status: reposing - Unknown
2025-05-26 15:10:39.386,4.426199913024902,-0.19599999487400055,48.93059539794922,-515.6619873046875,Going to 'eat test location' - Status: reposing - Unknown
2025-05-26 15:10:40.093,4.426199913024902,-0.19599999487400055,48.93059539794922,-515.6619873046875,Going to 'eat test location' - Status: reposing - Unknown
2025-05-26 15:10:40.242,4.426199913024902,-0.19599999487400055,48.93059539794922,-515.6619873046875,Going to 'eat test location' - Status: reposing - Unknown
2025-05-26 15:10:40.284,4.426199913024902,-0.19599999487400055,48.93059539794922,-515.6619873046875,Going to 'eat test location' - Status: reposing - Unknown
2025-05-26 15:10:40.300,4.426199913024902,-0.19599999487400055,48.93059539794922,-515.6619873046875,Going to 'eat test location' - Status: reposing - Unknown
2025-05-26 15:10:40.386,4.426199913024902,-0.19599999487400055,48.93059539794922,-515.6619873046875,Going to 'eat test location' - Status: reposing - Unknown
2025-05-26 15:10:40.619,0.3402000069618225,-0.07519999891519547,47.30912399291992,-343.7746887207031,Going to 'eat test location' - Status: reposing - Unknown
2025-05-26 15:10:41.093,0.3402000069618225,-0.07519999891519547,47.30912399291992,-343.7746887207031,Going to 'eat test location' - Status: reposing - Unknown
2025-05-26 15:10:41.129,0.33329999446868896,-0.07829999923706055,42.244178771972656,-286.4789123535156,Going to 'eat test location' - Status: reposing - Unknown
2025-05-26 15:10:41.242,0.33329999446868896,-0.07829999923706055,42.244178771972656,-286.4789123535156,Going to 'eat test location' - Status: going - Unknown
2025-05-26 15:10:41.284,0.33329999446868896,-0.07829999923706055,42.244178771972656,-286.4789123535156,Going to 'eat test location' - Status: going - Unknown
2025-05-26 15:10:41.299,0.33329999446868896,-0.07829999923706055,42.244178771972656,-286.4789123535156,Going to 'eat test location' - Status: going - Unknown
2025-05-26 15:10:41.386,0.33329999446868896,-0.07829999923706055,42.244178771972656,-286.4789123535156,Going to 'eat test location' - Status: going - Unknown
2025-05-26 15:10:41.690,0.35839998722076416,-0.05860000103712082,31.896560668945312,-286.4789123535156,Going to 'eat test location' - Status: going - Unknown
2025-05-26 15:10:42.093,0.35839998722076416,-0.05860000103712082,31.896560668945312,-286.4789123535156,Going to 'eat test location' - Status: going - Unknown
2025-05-26 15:10:42.242,0.4343999922275543,-0.026100000366568565,12.020654678344727,-286.4789123535156,Going to 'eat test location' - Status: going - Unknown
2025-05-26 15:10:42.248,0.4343999922275543,-0.026100000366568565,12.020654678344727,-286.4789123535156,Going to 'eat test location' - Status: going - Unknown
2025-05-26 15:10:42.284,0.4343999922275543,-0.026100000366568565,12.020654678344727,-286.4789123535156,Going to 'eat test location' - Status: going - Unknown
2025-05-26 15:10:42.300,0.4343999922275543,-0.026100000366568565,12.020654678344727,-286.4789123535156,Going to 'eat test location' - Status: going - Unknown
2025-05-26 15:10:42.386,0.4343999922275543,-0.026100000366568565,12.020654678344727,-286.4789123535156,Going to 'eat test location' - Status: going - Unknown
2025-05-26 15:10:42.780,0.5167999863624573,-0.014800000004470348,-0.10886198282241821,-286.4789123535156,Going to 'eat test location' - Status: going - Unknown
2025-05-26 15:10:43.093,0.5167999863624573,-0.014800000004470348,-0.10886198282241821,-286.4789123535156,Going to 'eat test location' - Status: going - Unknown
2025-05-26 15:10:43.242,0.5167999863624573,-0.014800000004470348,-0.10886198282241821,-286.4789123535156,Going to 'eat test location' - Status: going - Unknown
2025-05-26 15:10:43.284,0.5167999863624573,-0.014800000004470348,-0.10886198282241821,-286.4789123535156,Going to 'eat test location' - Status: going - Unknown
2025-05-26 15:10:43.300,0.5167999863624573,-0.014800000004470348,-0.10886198282241821,-286.4789123535156,Going to 'eat test location' - Status: going - Unknown
2025-05-26 15:10:43.325,0.7666000127792358,0.0071000000461936,-12.410265922546387,-286.4789123535156,Going to 'eat test location' - Status: going - Unknown
2025-05-26 15:10:43.387,0.7666000127792358,0.0071000000461936,-12.410265922546387,-286.4789123535156,Going to 'eat test location' - Status: going - Unknown
2025-05-26 15:10:43.837,0.9587000012397766,-0.029500000178813934,-10.021031379699707,-286.4789123535156,Going to 'eat test location' - Status: going - Unknown
2025-05-26 15:10:44.093,0.9587000012397766,-0.029500000178813934,-10.021031379699707,-286.4789123535156,Going to 'eat test location' - Status: going - Unknown
2025-05-26 15:10:44.242,0.9587000012397766,-0.029500000178813934,-10.021031379699707,-286.4789123535156,Going to 'eat test location' - Status: going - Unknown
2025-05-26 15:10:44.284,0.9587000012397766,-0.029500000178813934,-10.021031379699707,-286.4789123535156,Going to 'eat test location' - Status: going - Unknown
2025-05-26 15:10:44.299,0.9587000012397766,-0.029500000178813934,-10.021031379699707,-286.4789123535156,Going to 'eat test location' - Status: going - Unknown
2025-05-26 15:10:44.376,1.3442000150680542,-0.09449999779462814,-8.531341552734375,-286.4789123535156,Going to 'eat test location' - Status: going - Unknown
2025-05-26 15:10:44.386,1.3442000150680542,-0.09449999779462814,-8.531341552734375,-286.4789123535156,Going to 'eat test location' - Status: going - Unknown
2025-05-26 15:10:44.891,1.4603999853134155,-0.11349999904632568,-12.175353050231934,-286.4789123535156,Going to 'eat test location' - Status: going - Unknown
2025-05-26 15:10:45.093,1.4603999853134155,-0.11349999904632568,-12.175353050231934,-286.4789123535156,Going to 'eat test location' - Status: going - Unknown
2025-05-26 15:10:45.242,1.4603999853134155,-0.11349999904632568,-12.175353050231934,-286.4789123535156,Going to 'eat test location' - Status: going - Unknown
2025-05-26 15:10:45.284,1.4603999853134155,-0.11349999904632568,-12.175353050231934,-286.4789123535156,Going to 'eat test location' - Status: going - Unknown
2025-05-26 15:10:45.300,1.4603999853134155,-0.11349999904632568,-12.175353050231934,-286.4789123535156,Going to 'eat test location' - Status: going - Unknown
2025-05-26 15:10:45.387,1.4603999853134155,-0.11349999904632568,-12.175353050231934,-286.4789123535156,Going to 'eat test location' - Status: going - Unknown
2025-05-26 15:10:45.937,1.3509000539779663,-0.07609999924898148,-50.5004997253418,-229.18312072753906,Going to 'eat test location' - Status: going - Unknown
2025-05-26 15:10:46.093,1.3509000539779663,-0.07609999924898148,-50.5004997253418,-229.18312072753906,Going to 'eat test location' - Status: going - Unknown
2025-05-26 15:10:46.242,1.3509000539779663,-0.07609999924898148,-50.5004997253418,-229.18312072753906,Going to '' - Status: obstacle detected - Ground Obstacle
2025-05-26 15:10:46.284,1.3509000539779663,-0.07609999924898148,-50.5004997253418,-229.18312072753906,Going to '' - Status: obstacle detected - Ground Obstacle
2025-05-26 15:10:46.299,1.3509000539779663,-0.07609999924898148,-50.5004997253418,-229.18312072753906,Going to '' - Status: obstacle detected - Ground Obstacle
2025-05-26 15:10:46.386,1.3509000539779663,-0.07609999924898148,-50.5004997253418,-229.18312072753906,Going to '' - Status: obstacle detected - Ground Obstacle
2025-05-26 15:10:46.482,1.3357000350952148,-0.093299999833107,-92.62435913085938,-229.18312072753906,Going to '' - Status: obstacle detected - Ground Obstacle
2025-05-26 15:10:47.093,1.3357000350952148,-0.093299999833107,-92.62435913085938,-229.18312072753906,Going to '' - Status: obstacle detected - Ground Obstacle
2025-05-26 15:10:47.242,1.3357000350952148,-0.093299999833107,-92.62435913085938,-229.18312072753906,Going to '' - Status: obstacle detected - Ground Obstacle
2025-05-26 15:10:47.284,1.3357000350952148,-0.093299999833107,-92.62435913085938,-229.18312072753906,Going to '' - Status: obstacle detected - Ground Obstacle
2025-05-26 15:10:47.299,1.3357000350952148,-0.093299999833107,-92.62435913085938,-229.18312072753906,Going to '' - Status: obstacle detected - Ground Obstacle
2025-05-26 15:10:47.386,1.3357000350952148,-0.093299999833107,-92.62435913085938,-229.18312072753906,Going to '' - Status: obstacle detected - Ground Obstacle
2025-05-26 15:10:47.523,1.316499948501587,-0.19499999284744263,-74.92568969726562,-229.18312072753906,Going to '' - Status: obstacle detected - Ground Obstacle
2025-05-26 15:10:48.024,1.3645000457763672,-0.32739999890327454,-65.00779724121094,-229.18312072753906,Going to '' - Status: obstacle detected - Ground Obstacle
2025-05-26 15:10:48.093,1.3645000457763672,-0.32739999890327454,-65.00779724121094,-229.18312072753906,Going to '' - Status: obstacle detected - Ground Obstacle
2025-05-26 15:10:48.242,1.3645000457763672,-0.32739999890327454,-65.00779724121094,-229.18312072753906,Going to '' - Status: obstacle detected - Ground Obstacle
2025-05-26 15:10:48.284,1.3645000457763672,-0.32739999890327454,-65.00779724121094,-229.18312072753906,Going to '' - Status: obstacle detected - Ground Obstacle
2025-05-26 15:10:48.300,1.3645000457763672,-0.32739999890327454,-65.00779724121094,-229.18312072753906,Going to '' - Status: obstacle detected - Ground Obstacle
2025-05-26 15:10:48.387,1.3645000457763672,-0.32739999890327454,-65.00779724121094,-229.18312072753906,Going to '' - Status: obstacle detected - Ground Obstacle
2025-05-26 15:10:48.518,1.4532999992370605,-0.503000020980835,-58.2869987487793,-229.18312072753906,Going to '' - Status: obstacle detected - Ground Obstacle
2025-05-26 15:10:49.024,1.5550999641418457,-0.6521000266075134,-48.334716796875,-229.18312072753906,Going to '' - Status: obstacle detected - Ground Obstacle
2025-05-26 15:10:49.093,1.5550999641418457,-0.6521000266075134,-48.334716796875,-229.18312072753906,Going to '' - Status: obstacle detected - Ground Obstacle
2025-05-26 15:10:49.242,1.5550999641418457,-0.6521000266075134,-48.334716796875,-229.18312072753906,Going to 'eat test location' - Status: going - Unknown
2025-05-26 15:10:49.284,1.5550999641418457,-0.6521000266075134,-48.334716796875,-229.18312072753906,Going to 'eat test location' - Status: going - Unknown
2025-05-26 15:10:49.300,1.5550999641418457,-0.6521000266075134,-48.334716796875,-229.18312072753906,Going to 'eat test location' - Status: going - Unknown
2025-05-26 15:10:49.386,1.5550999641418457,-0.6521000266075134,-48.334716796875,-229.18312072753906,Going to 'eat test location' - Status: going - Unknown
2025-05-26 15:10:49.566,1.784600019454956,-0.883400022983551,-38.03866958618164,-286.4789123535156,Going to 'eat test location' - Status: going - Unknown
2025-05-26 15:10:50.093,1.784600019454956,-0.883400022983551,-38.03866958618164,-286.4789123535156,Going to 'eat test location' - Status: going - Unknown
2025-05-26 15:10:50.129,2.053100109100342,-1.042799949645996,-28.195253372192383,-229.18312072753906,Going to 'eat test location' - Status: going - Unknown
2025-05-26 15:10:50.242,2.053100109100342,-1.042799949645996,-28.195253372192383,-229.18312072753906,Going to 'eat test location' - Status: going - Unknown
2025-05-26 15:10:50.284,2.053100109100342,-1.042799949645996,-28.195253372192383,-229.18312072753906,Going to 'eat test location' - Status: going - Unknown
2025-05-26 15:10:50.300,2.053100109100342,-1.042799949645996,-28.195253372192383,-229.18312072753906,Going to 'eat test location' - Status: going - Unknown
2025-05-26 15:10:50.386,2.053100109100342,-1.042799949645996,-28.195253372192383,-229.18312072753906,Going to 'eat test location' - Status: going - Unknown
2025-05-26 15:10:50.683,2.4730000495910645,-1.2000999450683594,-11.94044017791748,-229.18312072753906,Going to 'eat test location' - Status: going - Unknown
2025-05-26 15:10:51.093,2.4730000495910645,-1.2000999450683594,-11.94044017791748,-229.18312072753906,Going to 'eat test location' - Status: going - Unknown
2025-05-26 15:10:51.221,2.6577000617980957,-1.2102999687194824,-0.687549352645874,-229.18312072753906,Going to 'eat test location' - Status: going - Unknown
2025-05-26 15:10:51.242,2.6577000617980957,-1.2102999687194824,-0.687549352645874,-229.18312072753906,Going to 'eat test location' - Status: going - Unknown
2025-05-26 15:10:51.284,2.6577000617980957,-1.2102999687194824,-0.687549352645874,-229.18312072753906,Going to 'eat test location' - Status: going - Unknown
2025-05-26 15:10:51.299,2.6577000617980957,-1.2102999687194824,-0.687549352645874,-229.18312072753906,Going to 'eat test location' - Status: going - Unknown
2025-05-26 15:10:51.386,2.6577000617980957,-1.2102999687194824,-0.687549352645874,-229.18312072753906,Going to 'eat test location' - Status: abort - Unknown
2025-05-26 15:10:52.093,2.6577000617980957,-1.2102999687194824,-0.687549352645874,-229.18312072753906,Follow status: start
2025-05-26 15:10:52.242,2.6577000617980957,-1.2102999687194824,-0.687549352645874,-229.18312072753906,Follow status: start
2025-05-26 15:10:52.284,2.6577000617980957,-1.2102999687194824,-0.687549352645874,-229.18312072753906,Follow status: start
2025-05-26 15:10:52.300,2.6577000617980957,-1.2102999687194824,-0.687549352645874,-229.18312072753906,Follow status: start
2025-05-26 15:10:52.386,2.6577000617980957,-1.2102999687194824,-0.687549352645874,-229.18312072753906,Follow status: start
2025-05-26 15:10:53.093,2.6577000617980957,-1.2102999687194824,-0.687549352645874,-229.18312072753906,Follow status: search
2025-05-26 15:10:53.242,2.6577000617980957,-1.2102999687194824,-0.687549352645874,-229.18312072753906,Follow status: search
2025-05-26 15:10:53.285,2.6577000617980957,-1.2102999687194824,-0.687549352645874,-229.18312072753906,Follow status: search
2025-05-26 15:10:53.299,2.6577000617980957,-1.2102999687194824,-0.687549352645874,-229.18312072753906,Follow status: search
2025-05-26 15:10:53.330,2.532099962234497,-1.2072999477386475,-16.31783676147461,458.3662414550781,Follow status: search
2025-05-26 15:10:53.386,2.532099962234497,-1.2072999477386475,-16.31783676147461,458.3662414550781,Follow status: search
2025-05-26 15:10:53.823,2.418600082397461,-1.1526000499725342,-42.21553039550781,458.3662414550781,Follow status: search
2025-05-26 15:10:54.093,2.418600082397461,-1.1526000499725342,-42.21553039550781,458.3662414550781,Follow status: search
2025-05-26 15:10:54.242,2.418600082397461,-1.1526000499725342,-42.21553039550781,458.3662414550781,Follow status: search
2025-05-26 15:10:54.284,2.418600082397461,-1.1526000499725342,-42.21553039550781,458.3662414550781,Follow status: search
2025-05-26 15:10:54.299,2.418600082397461,-1.1526000499725342,-42.21553039550781,458.3662414550781,Follow status: search
2025-05-26 15:10:54.365,2.3120999336242676,-1.0613000392913818,-41.57381820678711,687.5493774414062,Follow status: search
2025-05-26 15:10:54.386,2.3120999336242676,-1.0613000392913818,-41.57381820678711,687.5493774414062,Follow status: search
2025-05-26 15:10:54.906,2.2002999782562256,-0.9602000117301941,-32.71016311645508,916.7324829101562,Follow status: abort
2025-05-26 15:10:55.093,2.2002999782562256,-0.9602000117301941,-32.71016311645508,916.7324829101562,Follow status: abort
2025-05-26 15:10:55.242,2.2002999782562256,-0.9602000117301941,-32.71016311645508,916.7324829101562,Follow status: abort
2025-05-26 15:10:55.284,2.2002999782562256,-0.9602000117301941,-32.71016311645508,916.7324829101562,Follow status: abort
2025-05-26 15:10:55.300,2.2002999782562256,-0.9602000117301941,-32.71016311645508,916.7324829101562,Follow status: abort
2025-05-26 15:10:55.387,2.2002999782562256,-0.9602000117301941,-32.71016311645508,916.7324829101562,Follow status: abort
2025-05-26 15:10:55.427,2.101799964904785,-0.8942999839782715,-21.21662712097168,916.7324829101562,Follow status: abort
2025-05-26 15:10:55.975,2.0139999389648438,-0.8546000123023987,-29.037500381469727,916.7324829101562,Follow status: abort
2025-05-26 15:10:56.093,2.0139999389648438,-0.8546000123023987,-29.037500381469727,916.7324829101562,Follow status: abort
2025-05-26 15:10:56.242,2.0139999389648438,-0.8546000123023987,-29.037500381469727,916.7324829101562,Follow status: abort
2025-05-26 15:10:56.284,2.0139999389648438,-0.8546000123023987,-29.037500381469727,916.7324829101562,Follow status: abort
2025-05-26 15:10:56.300,2.0139999389648438,-0.8546000123023987,-29.037500381469727,916.7324829101562,Follow status: abort
2025-05-26 15:10:56.386,2.0139999389648438,-0.8546000123023987,-29.037500381469727,916.7324829101562,Follow status: abort
2025-05-26 15:10:56.525,1.9658000469207764,-0.8166000247001648,-35.99320983886719,2005.352294921875,Follow status: abort
2025-05-26 15:10:57.031,1.9256000518798828,-0.8047999739646912,-9.173053741455078,2864.7890625,Follow status: abort
2025-05-26 15:10:57.093,1.9256000518798828,-0.8047999739646912,-9.173053741455078,2864.7890625,Follow status: abort
2025-05-26 15:10:57.242,1.9256000518798828,-0.8047999739646912,-9.173053741455078,2864.7890625,Follow status: abort
2025-05-26 15:10:57.284,1.9256000518798828,-0.8047999739646912,-9.173053741455078,2864.7890625,Follow status: abort
2025-05-26 15:10:57.299,1.9256000518798828,-0.8047999739646912,-9.173053741455078,2864.7890625,Follow status: abort
2025-05-26 15:10:57.387,1.9256000518798828,-0.8047999739646912,-9.173053741455078,2864.7890625,Follow status: abort
2025-05-26 15:10:58.093,1.9256000518798828,-0.8047999739646912,-9.173053741455078,2864.7890625,Follow status: abort
2025-05-26 15:10:58.242,1.9256000518798828,-0.8047999739646912,-9.173053741455078,2864.7890625,Follow status: abort
2025-05-26 15:10:58.284,1.9256000518798828,-0.8047999739646912,-9.173053741455078,2864.7890625,Follow status: abort
2025-05-26 15:10:58.300,1.9256000518798828,-0.8047999739646912,-9.173053741455078,2864.7890625,Follow status: abort
2025-05-26 15:10:58.386,1.9256000518798828,-0.8047999739646912,-9.173053741455078,2864.7890625,Follow status: abort
2025-05-26 15:10:59.093,1.9256000518798828,-0.8047999739646912,-9.173053741455078,2864.7890625,Follow status: abort
2025-05-26 15:10:59.242,1.9256000518798828,-0.8047999739646912,-9.173053741455078,2864.7890625,Follow status: abort
2025-05-26 15:10:59.284,1.9256000518798828,-0.8047999739646912,-9.173053741455078,2864.7890625,Follow status: abort
2025-05-26 15:10:59.299,1.9256000518798828,-0.8047999739646912,-9.173053741455078,2864.7890625,Follow status: abort
2025-05-26 15:10:59.386,1.9256000518798828,-0.8047999739646912,-9.173053741455078,2864.7890625,Follow status: abort
2025-05-26 15:11:00.093,1.9256000518798828,-0.8047999739646912,-9.173053741455078,2864.7890625,Follow status: abort
2025-05-26 15:11:00.242,1.9256000518798828,-0.8047999739646912,-9.173053741455078,2864.7890625,Follow status: abort
2025-05-26 15:11:00.284,1.9256000518798828,-0.8047999739646912,-9.173053741455078,2864.7890625,Follow status: abort
2025-05-26 15:11:00.299,1.9256000518798828,-0.8047999739646912,-9.173053741455078,2864.7890625,Follow status: abort
2025-05-26 15:11:00.386,1.9256000518798828,-0.8047999739646912,-9.173053741455078,2864.7890625,Follow status: abort
2025-05-26 15:11:01.093,1.9256000518798828,-0.8047999739646912,-9.173053741455078,2864.7890625,Follow status: abort
2025-05-26 15:11:01.242,1.9256000518798828,-0.8047999739646912,-9.173053741455078,2864.7890625,Follow status: abort
2025-05-26 15:11:01.284,1.9256000518798828,-0.8047999739646912,-9.173053741455078,2864.7890625,Follow status: abort
2025-05-26 15:11:01.300,1.9256000518798828,-0.8047999739646912,-9.173053741455078,2864.7890625,Follow status: abort
2025-05-26 15:11:01.386,1.9256000518798828,-0.8047999739646912,-9.173053741455078,2864.7890625,Follow status: abort
2025-05-26 15:11:02.093,1.9256000518798828,-0.8047999739646912,-9.173053741455078,2864.7890625,Follow status: abort
2025-05-26 15:11:02.242,1.9256000518798828,-0.8047999739646912,-9.173053741455078,2864.7890625,Follow status: abort
2025-05-26 15:11:02.284,1.9256000518798828,-0.8047999739646912,-9.173053741455078,2864.7890625,Follow status: abort
2025-05-26 15:11:02.299,1.9256000518798828,-0.8047999739646912,-9.173053741455078,2864.7890625,Follow status: abort
2025-05-26 15:11:02.386,1.9256000518798828,-0.8047999739646912,-9.173053741455078,2864.7890625,Follow status: abort
None,None,None,None,None,
2025-05-26 15:11:25.586,1.757099986076355,-0.7391999959945679,-94.90472412109375,2864.7890625,Server started successfully
2025-05-26 15:11:27.659,1.757099986076355,-0.7391999959945679,-94.90472412109375,2864.7890625,Going to 'eat test location' - Status: start - Unknown
2025-05-26 15:11:29.464,1.757099986076355,-0.7391999959945679,-94.90472412109375,2864.7890625,Data logging started
2025-05-26 15:11:30.093,1.757099986076355,-0.7391999959945679,-94.90472412109375,2864.7890625,Data logging started
2025-05-26 15:11:30.242,1.757099986076355,-0.7391999959945679,-94.90472412109375,2864.7890625,Data logging started
2025-05-26 15:11:30.284,1.757099986076355,-0.7391999959945679,-94.90472412109375,2864.7890625,Data logging started
2025-05-26 15:11:30.299,1.757099986076355,-0.7391999959945679,-94.90472412109375,2864.7890625,Data logging started
2025-05-26 15:11:30.386,1.757099986076355,-0.7391999959945679,-94.90472412109375,2864.7890625,Data logging started
2025-05-26 15:11:30.464,1.757099986076355,-0.7391999959945679,-94.90472412109375,2864.7890625,Data logging started
2025-05-26 15:11:31.093,1.757099986076355,-0.7391999959945679,-94.90472412109375,2864.7890625,Data logging started
2025-05-26 15:11:31.242,1.757099986076355,-0.7391999959945679,-94.90472412109375,2864.7890625,Data logging started
2025-05-26 15:11:31.284,1.757099986076355,-0.7391999959945679,-94.90472412109375,2864.7890625,Data logging started
2025-05-26 15:11:31.299,1.757099986076355,-0.7391999959945679,-94.90472412109375,2864.7890625,Data logging started
2025-05-26 15:11:31.386,1.757099986076355,-0.7391999959945679,-94.90472412109375,2864.7890625,Data logging started
2025-05-26 15:11:31.464,1.757099986076355,-0.7391999959945679,-94.90472412109375,2864.7890625,Data logging started
2025-05-26 15:11:32.093,1.757099986076355,-0.7391999959945679,-94.90472412109375,2864.7890625,Data logging started
2025-05-26 15:11:32.242,1.757099986076355,-0.7391999959945679,-94.90472412109375,2864.7890625,Data logging started
2025-05-26 15:11:32.284,1.757099986076355,-0.7391999959945679,-94.90472412109375,2864.7890625,Data logging started
2025-05-26 15:11:32.299,1.757099986076355,-0.7391999959945679,-94.90472412109375,2864.7890625,Data logging started
2025-05-26 15:11:32.386,1.757099986076355,-0.7391999959945679,-94.90472412109375,2864.7890625,Data logging started
2025-05-26 15:11:32.464,1.757099986076355,-0.7391999959945679,-94.90472412109375,2864.7890625,Data logging started
2025-05-26 15:11:33.093,1.757099986076355,-0.7391999959945679,-94.90472412109375,2864.7890625,Data logging started
2025-05-26 15:11:33.242,1.757099986076355,-0.7391999959945679,-94.90472412109375,2864.7890625,Data logging started
2025-05-26 15:11:33.284,1.757099986076355,-0.7391999959945679,-94.90472412109375,2864.7890625,Data logging started
2025-05-26 15:11:33.300,1.757099986076355,-0.7391999959945679,-94.90472412109375,2864.7890625,Data logging started
2025-05-26 15:11:33.386,1.757099986076355,-0.7391999959945679,-94.90472412109375,2864.7890625,Data logging started
2025-05-26 15:11:33.464,1.757099986076355,-0.7391999959945679,-94.90472412109375,2864.7890625,Data logging started
2025-05-26 15:11:34.093,1.757099986076355,-0.7391999959945679,-94.90472412109375,2864.7890625,Data logging started
2025-05-26 15:11:34.242,1.757099986076355,-0.7391999959945679,-94.90472412109375,2864.7890625,Data logging started
2025-05-26 15:11:34.284,1.757099986076355,-0.7391999959945679,-94.90472412109375,2864.7890625,Data logging started
2025-05-26 15:11:34.299,1.757099986076355,-0.7391999959945679,-94.90472412109375,2864.7890625,Data logging started
2025-05-26 15:11:34.386,1.757099986076355,-0.7391999959945679,-94.90472412109375,2864.7890625,Data logging started
2025-05-26 15:11:34.464,1.757099986076355,-0.7391999959945679,-94.90472412109375,2864.7890625,Data logging started
2025-05-26 15:11:35.093,1.757099986076355,-0.7391999959945679,-94.90472412109375,2864.7890625,Going to 'eat test location' - Status: start - Unknown
2025-05-26 15:11:35.242,1.757099986076355,-0.7391999959945679,-94.90472412109375,2864.7890625,Going to 'eat test location' - Status: reposing - Unknown
2025-05-26 15:11:35.284,1.757099986076355,-0.7391999959945679,-94.90472412109375,2864.7890625,Going to 'eat test location' - Status: reposing - Unknown
2025-05-26 15:11:35.300,1.757099986076355,-0.7391999959945679,-94.90472412109375,2864.7890625,Going to 'eat test location' - Status: reposing - Unknown
2025-05-26 15:11:35.386,1.757099986076355,-0.7391999959945679,-94.90472412109375,2864.7890625,Going to 'eat test location' - Status: reposing - Unknown
2025-05-26 15:11:35.464,1.757099986076355,-0.7391999959945679,-94.90472412109375,2864.7890625,Going to 'eat test location' - Status: reposing - Unknown
2025-05-26 15:11:36.093,1.757099986076355,-0.7391999959945679,-94.90472412109375,2864.7890625,Going to 'eat test location' - Status: reposing - Unknown
2025-05-26 15:11:36.242,1.757099986076355,-0.7391999959945679,-94.90472412109375,2864.7890625,Going to 'eat test location' - Status: reposing - Unknown
2025-05-26 15:11:36.284,1.757099986076355,-0.7391999959945679,-94.90472412109375,2864.7890625,Going to 'eat test location' - Status: reposing - Unknown
2025-05-26 15:11:36.299,1.757099986076355,-0.7391999959945679,-94.90472412109375,2864.7890625,Going to 'eat test location' - Status: reposing - Unknown
2025-05-26 15:11:36.386,1.757099986076355,-0.7391999959945679,-94.90472412109375,2864.7890625,Going to 'eat test location' - Status: reposing - Unknown
2025-05-26 15:11:36.464,1.757099986076355,-0.7391999959945679,-94.90472412109375,2864.7890625,Going to 'eat test location' - Status: reposing - Unknown
2025-05-26 15:11:37.093,1.757099986076355,-0.7391999959945679,-94.90472412109375,2864.7890625,Going to 'eat test location' - Status: reposing - Unknown
2025-05-26 15:11:37.242,1.757099986076355,-0.7391999959945679,-94.90472412109375,2864.7890625,Going to 'eat test location' - Status: reposing - Unknown
2025-05-26 15:11:37.284,1.757099986076355,-0.7391999959945679,-94.90472412109375,2864.7890625,Going to 'eat test location' - Status: reposing - Unknown
2025-05-26 15:11:37.299,1.757099986076355,-0.7391999959945679,-94.90472412109375,2864.7890625,Going to 'eat test location' - Status: reposing - Unknown
2025-05-26 15:11:37.386,1.757099986076355,-0.7391999959945679,-94.90472412109375,2864.7890625,Going to 'eat test location' - Status: reposing - Unknown
2025-05-26 15:11:37.464,1.757099986076355,-0.7391999959945679,-94.90472412109375,2864.7890625,Going to 'eat test location' - Status: reposing - Unknown
2025-05-26 15:11:38.093,1.757099986076355,-0.7391999959945679,-94.90472412109375,2864.7890625,Going to 'eat test location' - Status: reposing - Unknown
2025-05-26 15:11:38.242,1.757099986076355,-0.7391999959945679,-94.90472412109375,2864.7890625,Going to 'eat test location' - Status: reposing - Unknown
2025-05-26 15:11:38.284,1.757099986076355,-0.7391999959945679,-94.90472412109375,2864.7890625,Going to 'eat test location' - Status: reposing - Unknown
2025-05-26 15:11:38.299,1.757099986076355,-0.7391999959945679,-94.90472412109375,2864.7890625,Going to 'eat test location' - Status: reposing - Unknown
2025-05-26 15:11:38.386,1.757099986076355,-0.7391999959945679,-94.90472412109375,2864.7890625,Going to 'eat test location' - Status: reposing - Unknown
2025-05-26 15:11:38.464,1.757099986076355,-0.7391999959945679,-94.90472412109375,2864.7890625,Going to 'eat test location' - Status: reposing - Unknown
2025-05-26 15:11:38.819,1.7537000179290771,-0.7470999956130981,-82.64916229248047,2864.7890625,Going to 'eat test location' - Status: reposing - Unknown
2025-05-26 15:11:39.093,1.7537000179290771,-0.7470999956130981,-82.64916229248047,2864.7890625,Going to 'eat test location' - Status: reposing - Unknown
2025-05-26 15:11:39.242,1.7537000179290771,-0.7470999956130981,-82.64916229248047,2864.7890625,Going to 'eat test location' - Status: reposing - Unknown
2025-05-26 15:11:39.284,1.7537000179290771,-0.7470999956130981,-82.64916229248047,2864.7890625,Going to 'eat test location' - Status: reposing - Unknown
2025-05-26 15:11:39.301,1.7537000179290771,-0.7470999956130981,-82.64916229248047,2864.7890625,Going to 'eat test location' - Status: reposing - Unknown
2025-05-26 15:11:39.359,1.7526999711990356,-0.7426999807357788,-55.47377395629883,2864.7890625,Going to 'eat test location' - Status: reposing - Unknown
2025-05-26 15:11:39.386,1.7526999711990356,-0.7426999807357788,-55.47377395629883,2864.7890625,Going to 'eat test location' - Status: reposing - Unknown
2025-05-26 15:11:39.464,1.7526999711990356,-0.7426999807357788,-55.47377395629883,2864.7890625,Going to 'eat test location' - Status: reposing - Unknown
2025-05-26 15:11:39.875,1.753000020980835,-0.7425000071525574,-44.85686492919922,2864.7890625,Going to 'eat test location' - Status: reposing - Unknown
2025-05-26 15:11:40.093,1.753000020980835,-0.7425000071525574,-44.85686492919922,2864.7890625,Going to 'eat test location' - Status: reposing - Unknown
2025-05-26 15:11:40.242,1.753000020980835,-0.7425000071525574,-44.85686492919922,2864.7890625,Going to 'eat test location' - Status: reposing - Unknown
2025-05-26 15:11:40.284,1.753000020980835,-0.7425000071525574,-44.85686492919922,2864.7890625,Going to 'eat test location' - Status: reposing - Unknown
2025-05-26 15:11:40.300,1.753000020980835,-0.7425000071525574,-44.85686492919922,2864.7890625,Going to 'eat test location' - Status: reposing - Unknown
2025-05-26 15:11:40.386,1.753000020980835,-0.7425000071525574,-44.85686492919922,2864.7890625,Going to 'eat test location' - Status: reposing - Unknown
2025-05-26 15:11:40.464,1.753000020980835,-0.7425000071525574,-44.85686492919922,2864.7890625,Going to 'eat test location' - Status: reposing - Unknown
2025-05-26 15:11:41.093,1.753000020980835,-0.7425000071525574,-44.85686492919922,2864.7890625,Going to 'eat test location' - Status: reposing - Unknown
2025-05-26 15:11:41.242,1.753000020980835,-0.7425000071525574,-44.85686492919922,2864.7890625,Going to 'eat test location' - Status: reposing - Unknown
2025-05-26 15:11:41.284,1.753000020980835,-0.7425000071525574,-44.85686492919922,2864.7890625,Going to 'eat test location' - Status: reposing - Unknown
2025-05-26 15:11:41.299,1.753000020980835,-0.7425000071525574,-44.85686492919922,2864.7890625,Going to 'eat test location' - Status: reposing - Unknown
2025-05-26 15:11:41.386,1.753000020980835,-0.7425000071525574,-44.85686492919922,2864.7890625,Going to 'eat test location' - Status: reposing - Unknown
2025-05-26 15:11:41.464,1.753000020980835,-0.7425000071525574,-44.85686492919922,2864.7890625,Going to 'eat test location' - Status: reposing - Unknown
2025-05-26 15:11:42.027,1.7625999450683594,-0.7533000111579895,-52.10478210449219,2864.7890625,Going to 'eat test location' - Status: reposing - Unknown
2025-05-26 15:11:42.093,1.7625999450683594,-0.7533000111579895,-52.10478210449219,2864.7890625,Going to 'eat test location' - Status: reposing - Unknown
2025-05-26 15:11:42.242,1.7625999450683594,-0.7533000111579895,-52.10478210449219,2864.7890625,Going to 'eat test location' - Status: reposing - Unknown
2025-05-26 15:11:42.284,1.7625999450683594,-0.7533000111579895,-52.10478210449219,2864.7890625,Going to 'eat test location' - Status: reposing - Unknown
2025-05-26 15:11:42.299,1.7625999450683594,-0.7533000111579895,-52.10478210449219,2864.7890625,Going to 'eat test location' - Status: reposing - Unknown
2025-05-26 15:11:42.386,1.7625999450683594,-0.7533000111579895,-52.10478210449219,2864.7890625,Going to 'eat test location' - Status: reposing - Unknown
2025-05-26 15:11:42.464,1.7625999450683594,-0.7533000111579895,-52.10478210449219,2864.7890625,Going to 'eat test location' - Status: reposing - Unknown
2025-05-26 15:11:42.518,0.44519999623298645,0.03099999949336052,-63.78738784790039,2864.7890625,Going to 'eat test location' - Status: reposing - Unknown
2025-05-26 15:11:43.024,0.4458000063896179,0.02759999968111515,-69.67739868164062,1145.9156494140625,Going to 'eat test location' - Status: reposing - Unknown
2025-05-26 15:11:43.093,0.4458000063896179,0.02759999968111515,-69.67739868164062,1145.9156494140625,Going to 'eat test location' - Status: reposing - Unknown
2025-05-26 15:11:43.242,0.4458000063896179,0.02759999968111515,-69.67739868164062,1145.9156494140625,Going to 'eat test location' - Status: reposing - Unknown
2025-05-26 15:11:43.284,0.4458000063896179,0.02759999968111515,-69.67739868164062,1145.9156494140625,Going to 'eat test location' - Status: reposing - Unknown
2025-05-26 15:11:43.299,0.4458000063896179,0.02759999968111515,-69.67739868164062,1145.9156494140625,Going to 'eat test location' - Status: reposing - Unknown
2025-05-26 15:11:43.386,0.4458000063896179,0.02759999968111515,-69.67739868164062,1145.9156494140625,Going to 'eat test location' - Status: reposing - Unknown
2025-05-26 15:11:43.464,0.4458000063896179,0.02759999968111515,-69.67739868164062,1145.9156494140625,Going to 'eat test location' - Status: reposing - Unknown
2025-05-26 15:11:44.093,0.4458000063896179,0.02759999968111515,-69.67739868164062,1145.9156494140625,Going to 'eat test location' - Status: reposing - Unknown
2025-05-26 15:11:44.242,0.4458000063896179,0.02759999968111515,-69.67739868164062,1145.9156494140625,Going to 'eat test location' - Status: reposing - Unknown
2025-05-26 15:11:44.284,0.4458000063896179,0.02759999968111515,-69.67739868164062,1145.9156494140625,Going to 'eat test location' - Status: going - Unknown
2025-05-26 15:11:44.301,0.4458000063896179,0.02759999968111515,-69.67739868164062,1145.9156494140625,Going to 'eat test location' - Status: going - Unknown
2025-05-26 15:11:44.386,0.4458000063896179,0.02759999968111515,-69.67739868164062,1145.9156494140625,Going to 'eat test location' - Status: going - Unknown
2025-05-26 15:11:44.464,0.4458000063896179,0.02759999968111515,-69.67739868164062,1145.9156494140625,Going to 'eat test location' - Status: going - Unknown
2025-05-26 15:11:45.093,0.4458000063896179,0.02759999968111515,-69.67739868164062,1145.9156494140625,Going to 'eat test location' - Status: going - Unknown
2025-05-26 15:11:45.127,0.4528999924659729,-0.018699999898672104,-78.32906341552734,-286.4789123535156,Going to 'eat test location' - Status: going - Unknown
2025-05-26 15:11:45.242,0.4528999924659729,-0.018699999898672104,-78.32906341552734,-286.4789123535156,Going to 'eat test location' - Status: going - Unknown
2025-05-26 15:11:45.284,0.4528999924659729,-0.018699999898672104,-78.32906341552734,-286.4789123535156,Going to 'eat test location' - Status: going - Unknown
2025-05-26 15:11:45.299,0.4528999924659729,-0.018699999898672104,-78.32906341552734,-286.4789123535156,Going to 'eat test location' - Status: going - Unknown
2025-05-26 15:11:45.386,0.4528999924659729,-0.018699999898672104,-78.32906341552734,-286.4789123535156,Going to 'eat test location' - Status: going - Unknown
2025-05-26 15:11:45.464,0.4528999924659729,-0.018699999898672104,-78.32906341552734,-286.4789123535156,Going to 'eat test location' - Status: going - Unknown
2025-05-26 15:11:45.667,0.48260000348091125,-0.23430000245571136,-84.2534408569336,-286.4789123535156,Going to 'eat test location' - Status: going - Unknown
2025-05-26 15:11:46.093,0.48260000348091125,-0.23430000245571136,-84.2534408569336,-286.4789123535156,Going to 'eat test location' - Status: going - Unknown
2025-05-26 15:11:46.227,0.5174000263214111,-0.6261000037193298,-84.21907043457031,-286.4789123535156,Going to 'eat test location' - Status: going - Unknown
2025-05-26 15:11:46.242,0.5174000263214111,-0.6261000037193298,-84.21907043457031,-286.4789123535156,Going to 'eat test location' - Status: going - Unknown
2025-05-26 15:11:46.284,0.5174000263214111,-0.6261000037193298,-84.21907043457031,-286.4789123535156,Going to 'eat test location' - Status: going - Unknown
2025-05-26 15:11:46.299,0.5174000263214111,-0.6261000037193298,-84.21907043457031,-286.4789123535156,Going to 'eat test location' - Status: going - Unknown
2025-05-26 15:11:46.386,0.5174000263214111,-0.6261000037193298,-84.21907043457031,-286.4789123535156,Going to 'eat test location' - Status: going - Unknown
2025-05-26 15:11:46.464,0.5174000263214111,-0.6261000037193298,-84.21907043457031,-286.4789123535156,Going to 'eat test location' - Status: going - Unknown
2025-05-26 15:11:46.765,0.38499999046325684,-1.0892000198364258,-89.01471710205078,-229.18312072753906,Going to 'eat test location' - Status: going - Unknown
2025-05-26 15:11:47.093,0.38499999046325684,-1.0892000198364258,-89.01471710205078,-229.18312072753906,Going to 'eat test location' - Status: going - Unknown
2025-05-26 15:11:47.242,0.38499999046325684,-1.0892000198364258,-89.01471710205078,-229.18312072753906,Going to 'eat test location' - Status: going - Unknown
2025-05-26 15:11:47.284,0.38499999046325684,-1.0892000198364258,-89.01471710205078,-229.18312072753906,Going to 'eat test location' - Status: going - Unknown
2025-05-26 15:11:47.299,0.38499999046325684,-1.0892000198364258,-89.01471710205078,-229.18312072753906,Going to 'eat test location' - Status: going - Unknown
2025-05-26 15:11:47.319,0.45159998536109924,-1.5454000234603882,-79.49789428710938,-286.4789123535156,Going to 'eat test location' - Status: going - Unknown
2025-05-26 15:11:47.386,0.45159998536109924,-1.5454000234603882,-79.49789428710938,-286.4789123535156,Going to 'eat test location' - Status: going - Unknown
2025-05-26 15:11:47.464,0.45159998536109924,-1.5454000234603882,-79.49789428710938,-286.4789123535156,Going to 'eat test location' - Status: going - Unknown
2025-05-26 15:11:47.819,0.5236999988555908,-1.9594999551773071,-81.0907211303711,-286.4789123535156,Going to 'eat test location' - Status: going - Unknown
2025-05-26 15:11:48.093,0.5236999988555908,-1.9594999551773071,-81.0907211303711,-286.4789123535156,Going to 'eat test location' - Status: going - Unknown
2025-05-26 15:11:48.242,0.5236999988555908,-1.9594999551773071,-81.0907211303711,-286.4789123535156,Going to 'eat test location' - Status: going - Unknown
2025-05-26 15:11:48.284,0.5236999988555908,-1.9594999551773071,-81.0907211303711,-286.4789123535156,Going to 'eat test location' - Status: going - Unknown
2025-05-26 15:11:48.299,0.5236999988555908,-1.9594999551773071,-81.0907211303711,-286.4789123535156,Going to 'eat test location' - Status: going - Unknown
2025-05-26 15:11:48.322,0.5845999717712402,-2.326900005340576,-81.4459457397461,-229.18312072753906,Going to 'eat test location' - Status: going - Unknown
2025-05-26 15:11:48.386,0.5845999717712402,-2.326900005340576,-81.4459457397461,-229.18312072753906,Going to 'eat test location' - Status: going - Unknown
2025-05-26 15:11:48.464,0.5845999717712402,-2.326900005340576,-81.4459457397461,-229.18312072753906,Going to 'eat test location' - Status: going - Unknown
2025-05-26 15:11:48.867,0.651199996471405,-2.757499933242798,-82.90699768066406,-229.18312072753906,Going to 'eat test location' - Status: going - Unknown
2025-05-26 15:11:49.093,0.651199996471405,-2.757499933242798,-82.90699768066406,-229.18312072753906,Going to 'eat test location' - Status: going - Unknown
2025-05-26 15:11:49.242,0.651199996471405,-2.757499933242798,-82.90699768066406,-229.18312072753906,Going to 'eat test location' - Status: going - Unknown
2025-05-26 15:11:49.284,0.651199996471405,-2.757499933242798,-82.90699768066406,-229.18312072753906,Going to 'eat test location' - Status: going - Unknown
2025-05-26 15:11:49.299,0.651199996471405,-2.757499933242798,-82.90699768066406,-229.18312072753906,Going to 'eat test location' - Status: going - Unknown
2025-05-26 15:11:49.386,0.651199996471405,-2.757499933242798,-82.90699768066406,-229.18312072753906,Going to 'eat test location' - Status: going - Unknown
2025-05-26 15:11:49.394,0.6877999901771545,-3.1786999702453613,-83.49140930175781,-229.18312072753906,Going to 'eat test location' - Status: going - Unknown
2025-05-26 15:11:49.464,0.6877999901771545,-3.1786999702453613,-83.49140930175781,-229.18312072753906,Going to 'eat test location' - Status: going - Unknown
2025-05-26 15:11:49.926,0.7409999966621399,-3.65910005569458,-84.0185317993164,-229.18312072753906,Going to 'eat test location' - Status: going - Unknown
2025-05-26 15:11:50.093,0.7409999966621399,-3.65910005569458,-84.0185317993164,-229.18312072753906,Going to 'eat test location' - Status: going - Unknown
2025-05-26 15:11:50.242,0.7409999966621399,-3.65910005569458,-84.0185317993164,-229.18312072753906,Going to 'eat test location' - Status: going - Unknown
2025-05-26 15:11:50.284,0.7409999966621399,-3.65910005569458,-84.0185317993164,-229.18312072753906,Going to 'eat test location' - Status: going - Unknown
2025-05-26 15:11:50.299,0.7409999966621399,-3.65910005569458,-84.0185317993164,-229.18312072753906,Going to 'eat test location' - Status: going - Unknown
2025-05-26 15:11:50.386,0.7409999966621399,-3.65910005569458,-84.0185317993164,-229.18312072753906,Going to 'eat test location' - Status: going - Unknown
2025-05-26 15:11:50.464,0.7409999966621399,-3.65910005569458,-84.0185317993164,-229.18312072753906,Going to 'eat test location' - Status: going - Unknown
2025-05-26 15:11:50.473,0.8041999936103821,-4.118199825286865,-81.87567138671875,-229.18312072753906,Going to 'eat test location' - Status: going - Unknown
2025-05-26 15:11:51.019,0.8579999804496765,-4.60830020904541,-83.81800079345703,-229.18312072753906,Going to 'eat test location' - Status: going - Unknown
2025-05-26 15:11:51.093,0.8579999804496765,-4.60830020904541,-83.81800079345703,-229.18312072753906,Going to 'eat test location' - Status: going - Unknown
2025-05-26 15:11:51.242,0.8579999804496765,-4.60830020904541,-83.81800079345703,-229.18312072753906,Going to 'eat test location' - Status: going - Unknown
2025-05-26 15:11:51.284,0.8579999804496765,-4.60830020904541,-83.81800079345703,-229.18312072753906,Going to 'eat test location' - Status: going - Unknown
2025-05-26 15:11:51.299,0.8579999804496765,-4.60830020904541,-83.81800079345703,-229.18312072753906,Going to 'eat test location' - Status: going - Unknown
2025-05-26 15:11:51.386,0.8579999804496765,-4.60830020904541,-83.81800079345703,-229.18312072753906,Going to 'eat test location' - Status: going - Unknown
2025-05-26 15:11:51.464,0.8579999804496765,-4.60830020904541,-83.81800079345703,-229.18312072753906,Going to 'eat test location' - Status: going - Unknown
2025-05-26 15:11:51.571,0.9035999774932861,-5.068900108337402,-83.51432800292969,-229.18312072753906,Going to 'eat test location' - Status: going - Unknown
2025-05-26 15:11:52.093,0.9035999774932861,-5.068900108337402,-83.51432800292969,-229.18312072753906,Going to 'eat test location' - Status: going - Unknown
2025-05-26 15:11:52.119,0.9337999820709229,-5.537499904632568,-86.62548828125,-229.18312072753906,Going to 'eat test location' - Status: going - Unknown
2025-05-26 15:11:52.242,0.9337999820709229,-5.537499904632568,-86.62548828125,-229.18312072753906,Going to 'eat test location' - Status: going - Unknown
2025-05-26 15:11:52.284,0.9337999820709229,-5.537499904632568,-86.62548828125,-229.18312072753906,Going to 'eat test location' - Status: going - Unknown
2025-05-26 15:11:52.299,0.9337999820709229,-5.537499904632568,-86.62548828125,-229.18312072753906,Going to 'eat test location' - Status: going - Unknown
2025-05-26 15:11:52.386,0.9337999820709229,-5.537499904632568,-86.62548828125,-229.18312072753906,Going to 'eat test location' - Status: going - Unknown
2025-05-26 15:11:52.464,0.9337999820709229,-5.537499904632568,-86.62548828125,-229.18312072753906,Going to 'eat test location' - Status: going - Unknown
2025-05-26 15:11:52.617,0.954200029373169,-5.968200206756592,-85.57124328613281,-229.18312072753906,Going to 'eat test location' - Status: going - Unknown
2025-05-26 15:11:53.093,0.954200029373169,-5.968200206756592,-85.57124328613281,-229.18312072753906,Going to 'eat test location' - Status: going - Unknown
2025-05-26 15:11:53.167,0.9663000106811523,-6.4492998123168945,-89.28401184082031,-229.18312072753906,Going to 'eat test location' - Status: going - Unknown
2025-05-26 15:11:53.242,0.9663000106811523,-6.4492998123168945,-89.28401184082031,-229.18312072753906,Going to 'eat test location' - Status: going - Unknown
2025-05-26 15:11:53.284,0.9663000106811523,-6.4492998123168945,-89.28401184082031,-229.18312072753906,Going to 'eat test location' - Status: going - Unknown
2025-05-26 15:11:53.299,0.9663000106811523,-6.4492998123168945,-89.28401184082031,-229.18312072753906,Going to 'eat test location' - Status: going - Unknown
2025-05-26 15:11:53.386,0.9663000106811523,-6.4492998123168945,-89.28401184082031,-229.18312072753906,Going to 'eat test location' - Status: going - Unknown
2025-05-26 15:11:53.464,0.9663000106811523,-6.4492998123168945,-89.28401184082031,-229.18312072753906,Going to 'eat test location' - Status: going - Unknown
2025-05-26 15:11:53.722,0.968500018119812,-6.927700042724609,-91.5300064086914,-229.18312072753906,Going to 'eat test location' - Status: going - Unknown
2025-05-26 15:11:54.093,0.968500018119812,-6.927700042724609,-91.5300064086914,-229.18312072753906,Going to 'eat test location' - Status: going - Unknown
2025-05-26 15:11:54.242,0.968500018119812,-6.927700042724609,-91.5300064086914,-229.18312072753906,Going to 'eat test location' - Status: going - Unknown
2025-05-26 15:11:54.269,0.9639999866485596,-7.4029998779296875,-91.14612579345703,-229.18312072753906,Going to 'eat test location' - Status: going - Unknown
2025-05-26 15:11:54.284,0.9639999866485596,-7.4029998779296875,-91.14612579345703,-229.18312072753906,Going to 'eat test location' - Status: going - Unknown
2025-05-26 15:11:54.299,0.9639999866485596,-7.4029998779296875,-91.14612579345703,-229.18312072753906,Going to 'eat test location' - Status: going - Unknown
2025-05-26 15:11:54.386,0.9639999866485596,-7.4029998779296875,-91.14612579345703,-229.18312072753906,Going to 'eat test location' - Status: going - Unknown
2025-05-26 15:11:54.464,0.9639999866485596,-7.4029998779296875,-91.14612579345703,-229.18312072753906,Going to 'eat test location' - Status: going - Unknown
2025-05-26 15:11:54.771,0.9402999877929688,-7.799799919128418,-89.00899505615234,-229.18312072753906,Going to 'eat test location' - Status: going - Unknown
2025-05-26 15:11:55.093,0.9402999877929688,-7.799799919128418,-89.00899505615234,-229.18312072753906,Going to 'eat test location' - Status: going - Unknown
2025-05-26 15:11:55.242,0.9402999877929688,-7.799799919128418,-89.00899505615234,-229.18312072753906,Going to 'eat test location' - Status: going - Unknown
2025-05-26 15:11:55.274,0.9559999704360962,-8.224200248718262,-87.86307525634766,-229.18312072753906,Going to 'eat test location' - Status: going - Unknown
2025-05-26 15:11:55.284,0.9559999704360962,-8.224200248718262,-87.86307525634766,-229.18312072753906,Going to 'eat test location' - Status: going - Unknown
2025-05-26 15:11:55.299,0.9559999704360962,-8.224200248718262,-87.86307525634766,-229.18312072753906,Going to 'eat test location' - Status: going - Unknown
2025-05-26 15:11:55.386,0.9559999704360962,-8.224200248718262,-87.86307525634766,-229.18312072753906,Going to 'eat test location' - Status: going - Unknown
2025-05-26 15:11:55.464,0.9559999704360962,-8.224200248718262,-87.86307525634766,-229.18312072753906,Going to 'eat test location' - Status: going - Unknown
2025-05-26 15:11:55.823,0.9821000099182129,-8.699799537658691,-86.1728515625,-229.18312072753906,Going to 'eat test location' - Status: going - Unknown
2025-05-26 15:11:56.093,0.9821000099182129,-8.699799537658691,-86.1728515625,-229.18312072753906,Going to 'eat test location' - Status: going - Unknown
2025-05-26 15:11:56.242,0.9821000099182129,-8.699799537658691,-86.1728515625,-229.18312072753906,Going to 'eat test location' - Status: going - Unknown
2025-05-26 15:11:56.284,0.9821000099182129,-8.699799537658691,-86.1728515625,-229.18312072753906,Going to 'eat test location' - Status: going - Unknown
2025-05-26 15:11:56.299,0.9821000099182129,-8.699799537658691,-86.1728515625,-229.18312072753906,Going to 'eat test location' - Status: going - Unknown
2025-05-26 15:11:56.369,1.0023000240325928,-9.184800148010254,-88.76834869384766,-229.18312072753906,Going to 'eat test location' - Status: going - Unknown
2025-05-26 15:11:56.386,1.0023000240325928,-9.184800148010254,-88.76834869384766,-229.18312072753906,Going to 'eat test location' - Status: going - Unknown
2025-05-26 15:11:56.464,1.0023000240325928,-9.184800148010254,-88.76834869384766,-229.18312072753906,Going to 'eat test location' - Status: going - Unknown
2025-05-26 15:11:56.920,1.0151000022888184,-9.446100234985352,-87.04374694824219,-229.18312072753906,Going to 'eat test location' - Status: going - Unknown
2025-05-26 15:11:57.093,1.0151000022888184,-9.446100234985352,-87.04374694824219,-229.18312072753906,Going to 'eat test location' - Status: going - Unknown
2025-05-26 15:11:57.242,1.0151000022888184,-9.446100234985352,-87.04374694824219,-229.18312072753906,Going to 'eat test location' - Status: going - Unknown
2025-05-26 15:11:57.284,1.0151000022888184,-9.446100234985352,-87.04374694824219,-229.18312072753906,Going to 'eat test location' - Status: going - Unknown
2025-05-26 15:11:57.299,1.0151000022888184,-9.446100234985352,-87.04374694824219,-229.18312072753906,Going to 'eat test location' - Status: going - Unknown
2025-05-26 15:11:57.386,1.0151000022888184,-9.446100234985352,-87.04374694824219,-229.18312072753906,Going to 'eat test location' - Status: going - Unknown
2025-05-26 15:11:57.464,1.0151000022888184,-9.446100234985352,-87.04374694824219,-229.18312072753906,Going to 'eat test location' - Status: going - Unknown
2025-05-26 15:11:57.478,1.014799952507019,-9.591099739074707,-87.77713012695312,-229.18312072753906,Going to 'eat test location' - Status: going - Unknown
2025-05-26 15:11:57.970,1.0312000513076782,-9.743399620056152,-71.7114028930664,-229.18312072753906,Going to 'eat test location' - Status: going - Unknown
2025-05-26 15:11:58.093,1.0312000513076782,-9.743399620056152,-71.7114028930664,-229.18312072753906,Going to 'eat test location' - Status: going - Unknown
2025-05-26 15:11:58.242,1.0312000513076782,-9.743399620056152,-71.7114028930664,-229.18312072753906,Going to 'eat test location' - Status: going - Unknown
2025-05-26 15:11:58.284,1.0312000513076782,-9.743399620056152,-71.7114028930664,-229.18312072753906,Going to 'eat test location' - Status: going - Unknown
2025-05-26 15:11:58.299,1.0312000513076782,-9.743399620056152,-71.7114028930664,-229.18312072753906,Going to 'eat test location' - Status: going - Unknown
2025-05-26 15:11:58.386,1.0312000513076782,-9.743399620056152,-71.7114028930664,-229.18312072753906,Going to 'eat test location' - Status: going - Unknown
2025-05-26 15:11:58.464,1.0312000513076782,-9.743399620056152,-71.7114028930664,-229.18312072753906,Going to 'eat test location' - Status: going - Unknown
2025-05-26 15:11:58.522,1.18149995803833,-9.964099884033203,-43.75105667114258,-229.18312072753906,Going to 'eat test location' - Status: going - Unknown
2025-05-26 15:11:59.019,1.5044000148773193,-10.081299781799316,-15.00003433227539,-229.18312072753906,Going to 'eat test location' - Status: going - Unknown
2025-05-26 15:11:59.093,1.5044000148773193,-10.081299781799316,-15.00003433227539,-229.18312072753906,Going to 'eat test location' - Status: going - Unknown
2025-05-26 15:11:59.242,1.5044000148773193,-10.081299781799316,-15.00003433227539,-229.18312072753906,Going to 'eat test location' - Status: going - Unknown
2025-05-26 15:11:59.284,1.5044000148773193,-10.081299781799316,-15.00003433227539,-229.18312072753906,Going to 'eat test location' - Status: going - Unknown
2025-05-26 15:11:59.300,1.5044000148773193,-10.081299781799316,-15.00003433227539,-229.18312072753906,Going to 'eat test location' - Status: going - Unknown
2025-05-26 15:11:59.386,1.5044000148773193,-10.081299781799316,-15.00003433227539,-229.18312072753906,Going to 'eat test location' - Status: going - Unknown
2025-05-26 15:11:59.464,1.5044000148773193,-10.081299781799316,-15.00003433227539,-229.18312072753906,Going to 'eat test location' - Status: going - Unknown
2025-05-26 15:11:59.520,1.881600022315979,-10.090100288391113,-0.2291831225156784,-229.18312072753906,Going to 'eat test location' - Status: going - Unknown
2025-05-26 15:12:00.068,2.3122000694274902,-10.080699920654297,2.8246819972991943,-229.18312072753906,Going to 'eat test location' - Status: going - Unknown
2025-05-26 15:12:00.093,2.3122000694274902,-10.080699920654297,2.8246819972991943,-229.18312072753906,Going to 'eat test location' - Status: going - Unknown
2025-05-26 15:12:00.242,2.3122000694274902,-10.080699920654297,2.8246819972991943,-229.18312072753906,Going to 'eat test location' - Status: going - Unknown
2025-05-26 15:12:00.284,2.3122000694274902,-10.080699920654297,2.8246819972991943,-229.18312072753906,Going to 'eat test location' - Status: going - Unknown
2025-05-26 15:12:00.299,2.3122000694274902,-10.080699920654297,2.8246819972991943,-229.18312072753906,Going to 'eat test location' - Status: going - Unknown
2025-05-26 15:12:00.386,2.3122000694274902,-10.080699920654297,2.8246819972991943,-229.18312072753906,Going to 'eat test location' - Status: going - Unknown
2025-05-26 15:12:00.464,2.3122000694274902,-10.080699920654297,2.8246819972991943,-229.18312072753906,Going to 'eat test location' - Status: going - Unknown
2025-05-26 15:12:00.623,2.780400037765503,-10.04640007019043,2.5095551013946533,-286.4789123535156,Going to 'eat test location' - Status: going - Unknown
2025-05-26 15:12:01.093,2.780400037765503,-10.04640007019043,2.5095551013946533,-286.4789123535156,Going to 'eat test location' - Status: going - Unknown
2025-05-26 15:12:01.172,3.253000020980835,-10.01729965209961,3.460665225982666,-229.18312072753906,Going to 'eat test location' - Status: going - Unknown
2025-05-26 15:12:01.242,3.253000020980835,-10.01729965209961,3.460665225982666,-229.18312072753906,Going to 'eat test location' - Status: going - Unknown
2025-05-26 15:12:01.284,3.253000020980835,-10.01729965209961,3.460665225982666,-229.18312072753906,Going to 'eat test location' - Status: going - Unknown
2025-05-26 15:12:01.299,3.253000020980835,-10.01729965209961,3.460665225982666,-229.18312072753906,Going to 'eat test location' - Status: going - Unknown
2025-05-26 15:12:01.386,3.253000020980835,-10.01729965209961,3.460665225982666,-229.18312072753906,Going to 'eat test location' - Status: going - Unknown
2025-05-26 15:12:01.464,3.253000020980835,-10.01729965209961,3.460665225982666,-229.18312072753906,Going to 'eat test location' - Status: going - Unknown
2025-05-26 15:12:01.672,3.6914000511169434,-10.002300262451172,0.9110029339790344,-229.18312072753906,Going to 'eat test location' - Status: going - Unknown
2025-05-26 15:12:02.093,3.6914000511169434,-10.002300262451172,0.9110029339790344,-229.18312072753906,Going to 'eat test location' - Status: going - Unknown
2025-05-26 15:12:02.185,4.122900009155273,-9.998100280761719,1.1573747396469116,-229.18312072753906,Going to 'eat test location' - Status: going - Unknown
2025-05-26 15:12:02.242,4.122900009155273,-9.998100280761719,1.1573747396469116,-229.18312072753906,Going to 'eat test location' - Status: going - Unknown
2025-05-26 15:12:02.284,4.122900009155273,-9.998100280761719,1.1573747396469116,-229.18312072753906,Going to 'eat test location' - Status: going - Unknown
2025-05-26 15:12:02.299,4.122900009155273,-9.998100280761719,1.1573747396469116,-229.18312072753906,Going to 'eat test location' - Status: going - Unknown
2025-05-26 15:12:02.386,4.122900009155273,-9.998100280761719,1.1573747396469116,-229.18312072753906,Going to 'eat test location' - Status: going - Unknown
2025-05-26 15:12:02.464,4.122900009155273,-9.998100280761719,1.1573747396469116,-229.18312072753906,Going to 'eat test location' - Status: going - Unknown
2025-05-26 15:12:02.729,4.600100040435791,-9.994000434875488,1.0141352415084839,-229.18312072753906,Going to 'eat test location' - Status: going - Unknown
2025-05-26 15:12:03.093,4.600100040435791,-9.994000434875488,1.0141352415084839,-229.18312072753906,Going to 'eat test location' - Status: going - Unknown
2025-05-26 15:12:03.227,5.04580020904541,-9.979700088500977,3.483583450317383,-229.18312072753906,Going to 'eat test location' - Status: going - Unknown
2025-05-26 15:12:03.242,5.04580020904541,-9.979700088500977,3.483583450317383,-229.18312072753906,Going to 'eat test location' - Status: going - Unknown
2025-05-26 15:12:03.284,5.04580020904541,-9.979700088500977,3.483583450317383,-229.18312072753906,Going to 'eat test location' - Status: going - Unknown
2025-05-26 15:12:03.299,5.04580020904541,-9.979700088500977,3.483583450317383,-229.18312072753906,Going to 'eat test location' - Status: going - Unknown
2025-05-26 15:12:03.386,5.04580020904541,-9.979700088500977,3.483583450317383,-229.18312072753906,Going to 'eat test location' - Status: going - Unknown
2025-05-26 15:12:03.464,5.04580020904541,-9.979700088500977,3.483583450317383,-229.18312072753906,Going to 'eat test location' - Status: going - Unknown
2025-05-26 15:12:03.766,5.519800186157227,-9.956600189208984,1.6959550380706787,-229.18312072753906,Going to 'eat test location' - Status: going - Unknown
2025-05-26 15:12:04.093,5.519800186157227,-9.956600189208984,1.6959550380706787,-229.18312072753906,Going to 'eat test location' - Status: going - Unknown
2025-05-26 15:12:04.242,5.519800186157227,-9.956600189208984,1.6959550380706787,-229.18312072753906,Going to 'eat test location' - Status: going - Unknown
2025-05-26 15:12:04.271,5.953199863433838,-9.945899963378906,1.220400094985962,-229.18312072753906,Going to 'eat test location' - Status: going - Unknown
2025-05-26 15:12:04.284,5.953199863433838,-9.945899963378906,1.220400094985962,-229.18312072753906,Going to 'eat test location' - Status: going - Unknown
2025-05-26 15:12:04.299,5.953199863433838,-9.945899963378906,1.220400094985962,-229.18312072753906,Going to 'eat test location' - Status: going - Unknown
2025-05-26 15:12:04.386,5.953199863433838,-9.945899963378906,1.220400094985962,-229.18312072753906,Going to 'eat test location' - Status: going - Unknown
2025-05-26 15:12:04.464,5.953199863433838,-9.945899963378906,1.220400094985962,-229.18312072753906,Going to 'eat test location' - Status: going - Unknown
2025-05-26 15:12:04.828,6.446199893951416,-9.94320011138916,-0.2406422644853592,-229.18312072753906,Going to 'eat test location' - Status: going - Unknown
2025-05-26 15:12:05.093,6.446199893951416,-9.94320011138916,-0.2406422644853592,-229.18312072753906,Going to 'eat test location' - Status: going - Unknown
2025-05-26 15:12:05.242,6.446199893951416,-9.94320011138916,-0.2406422644853592,-229.18312072753906,Going to 'eat test location' - Status: going - Unknown
2025-05-26 15:12:05.284,6.446199893951416,-9.94320011138916,-0.2406422644853592,-229.18312072753906,Going to 'eat test location' - Status: going - Unknown
2025-05-26 15:12:05.299,6.446199893951416,-9.94320011138916,-0.2406422644853592,-229.18312072753906,Going to 'eat test location' - Status: going - Unknown
2025-05-26 15:12:05.375,6.922299861907959,-9.937000274658203,1.8793015480041504,-229.18312072753906,Going to 'eat test location' - Status: going - Unknown
2025-05-26 15:12:05.386,6.922299861907959,-9.937000274658203,1.8793015480041504,-229.18312072753906,Going to 'eat test location' - Status: going - Unknown
2025-05-26 15:12:05.464,6.922299861907959,-9.937000274658203,1.8793015480041504,-229.18312072753906,Going to 'eat test location' - Status: going - Unknown
2025-05-26 15:12:05.875,7.358500003814697,-9.932700157165527,1.0026761293411255,-229.18312072753906,Going to 'eat test location' - Status: going - Unknown
2025-05-26 15:12:06.093,7.358500003814697,-9.932700157165527,1.0026761293411255,-229.18312072753906,Going to 'eat test location' - Status: going - Unknown
2025-05-26 15:12:06.242,7.358500003814697,-9.932700157165527,1.0026761293411255,-229.18312072753906,Going to 'eat test location' - Status: going - Unknown
2025-05-26 15:12:06.284,7.358500003814697,-9.932700157165527,1.0026761293411255,-229.18312072753906,Going to 'eat test location' - Status: going - Unknown
2025-05-26 15:12:06.299,7.358500003814697,-9.932700157165527,1.0026761293411255,-229.18312072753906,Going to 'eat test location' - Status: going - Unknown
2025-05-26 15:12:06.386,7.358500003814697,-9.932700157165527,1.0026761293411255,-229.18312072753906,Going to 'eat test location' - Status: going - Unknown
2025-05-26 15:12:06.420,7.826200008392334,-9.911600112915039,-0.13178029656410217,-286.4789123535156,Going to 'eat test location' - Status: going - Unknown
2025-05-26 15:12:06.464,7.826200008392334,-9.911600112915039,-0.13178029656410217,-286.4789123535156,Going to 'eat test location' - Status: going - Unknown
2025-05-26 15:12:06.922,8.264699935913086,-9.901800155639648,2.20588755607605,-229.18312072753906,Going to 'eat test location' - Status: going - Unknown
2025-05-26 15:12:07.093,8.264699935913086,-9.901800155639648,2.20588755607605,-229.18312072753906,Going to 'eat test location' - Status: going - Unknown
2025-05-26 15:12:07.242,8.264699935913086,-9.901800155639648,2.20588755607605,-229.18312072753906,Going to 'eat test location' - Status: going - Unknown
2025-05-26 15:12:07.284,8.264699935913086,-9.901800155639648,2.20588755607605,-229.18312072753906,Going to 'eat test location' - Status: going - Unknown
2025-05-26 15:12:07.299,8.264699935913086,-9.901800155639648,2.20588755607605,-229.18312072753906,Going to 'eat test location' - Status: going - Unknown
2025-05-26 15:12:07.386,8.264699935913086,-9.901800155639648,2.20588755607605,-229.18312072753906,Going to 'eat test location' - Status: going - Unknown
2025-05-26 15:12:07.464,8.264699935913086,-9.901800155639648,2.20588755607605,-229.18312072753906,Going to 'eat test location' - Status: going - Unknown
2025-05-26 15:12:07.476,8.741800308227539,-9.889800071716309,0.7620338797569275,-229.18312072753906,Going to 'eat test location' - Status: going - Unknown
2025-05-26 15:12:08.018,9.217599868774414,-9.880000114440918,1.237588882446289,-229.18312072753906,Going to 'eat test location' - Status: going - Unknown
2025-05-26 15:12:08.093,9.217599868774414,-9.880000114440918,1.237588882446289,-229.18312072753906,Going to 'eat test location' - Status: going - Unknown
2025-05-26 15:12:08.242,9.217599868774414,-9.880000114440918,1.237588882446289,-229.18312072753906,Going to 'eat test location' - Status: going - Unknown
2025-05-26 15:12:08.284,9.217599868774414,-9.880000114440918,1.237588882446289,-229.18312072753906,Going to 'eat test location' - Status: going - Unknown
2025-05-26 15:12:08.300,9.217599868774414,-9.880000114440918,1.237588882446289,-229.18312072753906,Going to 'eat test location' - Status: going - Unknown
2025-05-26 15:12:08.386,9.217599868774414,-9.880000114440918,1.237588882446289,-229.18312072753906,Going to 'eat test location' - Status: going - Unknown
2025-05-26 15:12:08.464,9.217599868774414,-9.880000114440918,1.237588882446289,-229.18312072753906,Going to 'eat test location' - Status: going - Unknown
2025-05-26 15:12:08.572,9.677200317382812,-9.876099586486816,-0.4182592034339905,-229.18312072753906,Going to 'eat test location' - Status: going - Unknown
2025-05-26 15:12:09.077,9.982000350952148,-9.8681001663208,6.451504707336426,-229.18312072753906,Going to 'eat test location' - Status: going - Unknown
2025-05-26 15:12:09.093,9.982000350952148,-9.8681001663208,6.451504707336426,-229.18312072753906,Going to 'eat test location' - Status: going - Unknown
2025-05-26 15:12:09.242,9.982000350952148,-9.8681001663208,6.451504707336426,-229.18312072753906,Going to 'eat test location' - Status: going - Unknown
2025-05-26 15:12:09.284,9.982000350952148,-9.8681001663208,6.451504707336426,-229.18312072753906,Going to 'eat test location' - Status: going - Unknown
2025-05-26 15:12:09.299,9.982000350952148,-9.8681001663208,6.451504707336426,-229.18312072753906,Going to 'eat test location' - Status: going - Unknown
2025-05-26 15:12:09.386,9.982000350952148,-9.8681001663208,6.451504707336426,-229.18312072753906,Going to 'eat test location' - Status: going - Unknown
2025-05-26 15:12:09.464,9.982000350952148,-9.8681001663208,6.451504707336426,-229.18312072753906,Going to 'eat test location' - Status: going - Unknown
2025-05-26 15:12:09.569,10.257800102233887,-9.776700019836426,31.839265823364258,-229.18312072753906,Going to 'eat test location' - Status: going - Unknown
2025-05-26 15:12:10.093,10.257800102233887,-9.776700019836426,31.839265823364258,-229.18312072753906,Going to 'eat test location' - Status: going - Unknown
2025-05-26 15:12:10.135,10.50570011138916,-9.485799789428711,63.05973434448242,-229.18312072753906,Going to 'eat test location' - Status: going - Unknown
2025-05-26 15:12:10.242,10.50570011138916,-9.485799789428711,63.05973434448242,-229.18312072753906,Going to 'eat test location' - Status: going - Unknown
2025-05-26 15:12:10.284,10.50570011138916,-9.485799789428711,63.05973434448242,-229.18312072753906,Going to 'eat test location' - Status: going - Unknown
2025-05-26 15:12:10.300,10.50570011138916,-9.485799789428711,63.05973434448242,-229.18312072753906,Going to 'eat test location' - Status: going - Unknown
2025-05-26 15:12:10.386,10.50570011138916,-9.485799789428711,63.05973434448242,-229.18312072753906,Going to 'eat test location' - Status: going - Unknown
2025-05-26 15:12:10.464,10.50570011138916,-9.485799789428711,63.05973434448242,-229.18312072753906,Going to 'eat test location' - Status: going - Unknown
2025-05-26 15:12:10.690,10.639800071716309,-9.059000015258789,81.07925415039062,-229.18312072753906,Going to 'eat test location' - Status: going - Unknown
2025-05-26 15:12:11.093,10.639800071716309,-9.059000015258789,81.07925415039062,-229.18312072753906,Going to 'eat test location' - Status: going - Unknown
2025-05-26 15:12:11.182,10.66189956665039,-8.602999687194824,91.5300064086914,-229.18312072753906,Going to 'eat test location' - Status: going - Unknown
2025-05-26 15:12:11.242,10.66189956665039,-8.602999687194824,91.5300064086914,-229.18312072753906,Going to 'eat test location' - Status: going - Unknown
2025-05-26 15:12:11.284,10.66189956665039,-8.602999687194824,91.5300064086914,-229.18312072753906,Going to 'eat test location' - Status: going - Unknown
2025-05-26 15:12:11.300,10.66189956665039,-8.602999687194824,91.5300064086914,-229.18312072753906,Going to 'eat test location' - Status: going - Unknown
2025-05-26 15:12:11.386,10.66189956665039,-8.602999687194824,91.5300064086914,-229.18312072753906,Going to 'eat test location' - Status: going - Unknown
2025-05-26 15:12:11.464,10.66189956665039,-8.602999687194824,91.5300064086914,-229.18312072753906,Going to 'eat test location' - Status: going - Unknown
2025-05-26 15:12:11.733,10.64210033416748,-8.154399871826172,94.85316467285156,-229.18312072753906,Going to 'eat test location' - Status: going - Unknown
2025-05-26 15:12:12.093,10.64210033416748,-8.154399871826172,94.85316467285156,-229.18312072753906,Going to 'eat test location' - Status: going - Unknown
2025-05-26 15:12:12.242,10.64210033416748,-8.154399871826172,94.85316467285156,-229.18312072753906,Going to 'eat test location' - Status: going - Unknown
2025-05-26 15:12:12.285,10.60200023651123,-7.655799865722656,93.3061752319336,-229.18312072753906,Going to 'eat test location' - Status: going - Unknown
2025-05-26 15:12:12.289,10.60200023651123,-7.655799865722656,93.3061752319336,-229.18312072753906,Going to 'eat test location' - Status: going - Unknown
2025-05-26 15:12:12.300,10.60200023651123,-7.655799865722656,93.3061752319336,-229.18312072753906,Going to 'eat test location' - Status: going - Unknown
2025-05-26 15:12:12.386,10.60200023651123,-7.655799865722656,93.3061752319336,-229.18312072753906,Going to 'eat test location' - Status: going - Unknown
2025-05-26 15:12:12.464,10.60200023651123,-7.655799865722656,93.3061752319336,-229.18312072753906,Going to 'eat test location' - Status: going - Unknown
2025-05-26 15:12:12.789,10.586000442504883,-7.241199970245361,91.61022186279297,-229.18312072753906,Going to 'eat test location' - Status: going - Unknown
2025-05-26 15:12:13.093,10.586000442504883,-7.241199970245361,91.61022186279297,-229.18312072753906,Going to 'eat test location' - Status: going - Unknown
2025-05-26 15:12:13.243,10.586000442504883,-7.241199970245361,91.61022186279297,-229.18312072753906,Going to 'eat test location' - Status: going - Unknown
2025-05-26 15:12:13.284,10.586000442504883,-7.241199970245361,91.61022186279297,-229.18312072753906,Going to 'eat test location' - Status: going - Unknown
2025-05-26 15:12:13.300,10.586000442504883,-7.241199970245361,91.61022186279297,-229.18312072753906,Going to 'eat test location' - Status: going - Unknown
2025-05-26 15:12:13.338,10.581100463867188,-6.761499881744385,90.25804138183594,-229.18312072753906,Going to 'eat test location' - Status: going - Unknown
2025-05-26 15:12:13.386,10.581100463867188,-6.761499881744385,90.25804138183594,-229.18312072753906,Going to 'eat test location' - Status: going - Unknown
2025-05-26 15:12:13.464,10.581100463867188,-6.761499881744385,90.25804138183594,-229.18312072753906,Going to 'eat test location' - Status: going - Unknown
2025-05-26 15:12:13.842,10.577400207519531,-6.3246002197265625,90.56171417236328,-229.18312072753906,Going to 'eat test location' - Status: going - Unknown
2025-05-26 15:12:14.093,10.577400207519531,-6.3246002197265625,90.56171417236328,-229.18312072753906,Going to 'eat test location' - Status: going - Unknown
2025-05-26 15:12:14.242,10.577400207519531,-6.3246002197265625,90.56171417236328,-229.18312072753906,Going to 'eat test location' - Status: going - Unknown
2025-05-26 15:12:14.284,10.577400207519531,-6.3246002197265625,90.56171417236328,-229.18312072753906,Going to 'eat test location' - Status: going - Unknown
2025-05-26 15:12:14.299,10.577400207519531,-6.3246002197265625,90.56171417236328,-229.18312072753906,Going to 'eat test location' - Status: going - Unknown
2025-05-26 15:12:14.375,10.567500114440918,-5.839700222015381,90.31533813476562,-229.18312072753906,Going to 'eat test location' - Status: going - Unknown
2025-05-26 15:12:14.386,10.567500114440918,-5.839700222015381,90.31533813476562,-229.18312072753906,Going to 'eat test location' - Status: going - Unknown
2025-05-26 15:12:14.464,10.567500114440918,-5.839700222015381,90.31533813476562,-229.18312072753906,Going to 'eat test location' - Status: going - Unknown
2025-05-26 15:12:14.916,10.57229995727539,-5.395899772644043,89.33557891845703,-229.18312072753906,Going to 'eat test location' - Status: going - Unknown
2025-05-26 15:12:15.093,10.57229995727539,-5.395899772644043,89.33557891845703,-229.18312072753906,Going to 'eat test location' - Status: going - Unknown
2025-05-26 15:12:15.242,10.57229995727539,-5.395899772644043,89.33557891845703,-229.18312072753906,Going to 'eat test location' - Status: going - Unknown
2025-05-26 15:12:15.284,10.57229995727539,-5.395899772644043,89.33557891845703,-229.18312072753906,Going to 'eat test location' - Status: going - Unknown
2025-05-26 15:12:15.299,10.57229995727539,-5.395899772644043,89.33557891845703,-229.18312072753906,Going to 'eat test location' - Status: going - Unknown
2025-05-26 15:12:15.386,10.57229995727539,-5.395899772644043,89.33557891845703,-229.18312072753906,Going to 'eat test location' - Status: going - Unknown
2025-05-26 15:12:15.430,10.580400466918945,-4.927800178527832,88.46468353271484,-229.18312072753906,Going to 'eat test location' - Status: going - Unknown
2025-05-26 15:12:15.464,10.580400466918945,-4.927800178527832,88.46468353271484,-229.18312072753906,Going to 'eat test location' - Status: going - Unknown
2025-05-26 15:12:15.988,10.578300476074219,-4.442999839782715,89.13504028320312,-229.18312072753906,Going to 'eat test location' - Status: going - Unknown
2025-05-26 15:12:16.093,10.578300476074219,-4.442999839782715,89.13504028320312,-229.18312072753906,Going to 'eat test location' - Status: going - Unknown
2025-05-26 15:12:16.242,10.578300476074219,-4.442999839782715,89.13504028320312,-229.18312072753906,Going to 'eat test location' - Status: going - Unknown
2025-05-26 15:12:16.284,10.578300476074219,-4.442999839782715,89.13504028320312,-229.18312072753906,Going to 'eat test location' - Status: going - Unknown
2025-05-26 15:12:16.300,10.578300476074219,-4.442999839782715,89.13504028320312,-229.18312072753906,Going to 'eat test location' - Status: going - Unknown
2025-05-26 15:12:16.387,10.578300476074219,-4.442999839782715,89.13504028320312,-229.18312072753906,Going to 'eat test location' - Status: going - Unknown
2025-05-26 15:12:16.464,10.578300476074219,-4.442999839782715,89.13504028320312,-229.18312072753906,Going to 'eat test location' - Status: going - Unknown
2025-05-26 15:12:16.478,10.565600395202637,-4.011899948120117,89.21526336669922,-171.88734436035156,Going to 'eat test location' - Status: going - Unknown
2025-05-26 15:12:16.991,10.563599586486816,-3.576900005340576,89.69654083251953,-229.18312072753906,Going to 'eat test location' - Status: going - Unknown
2025-05-26 15:12:17.093,10.563599586486816,-3.576900005340576,89.69654083251953,-229.18312072753906,Going to 'eat test location' - Status: going - Unknown
2025-05-26 15:12:17.242,10.563599586486816,-3.576900005340576,89.69654083251953,-229.18312072753906,Going to 'eat test location' - Status: going - Unknown
2025-05-26 15:12:17.284,10.563599586486816,-3.576900005340576,89.69654083251953,-229.18312072753906,Going to 'eat test location' - Status: going - Unknown
2025-05-26 15:12:17.299,10.563599586486816,-3.576900005340576,89.69654083251953,-229.18312072753906,Going to 'eat test location' - Status: going - Unknown
2025-05-26 15:12:17.386,10.563599586486816,-3.576900005340576,89.69654083251953,-229.18312072753906,Going to 'eat test location' - Status: going - Unknown
2025-05-26 15:12:17.464,10.563599586486816,-3.576900005340576,89.69654083251953,-229.18312072753906,Going to 'eat test location' - Status: going - Unknown
2025-05-26 15:12:17.488,10.568300247192383,-3.143699884414673,89.57622528076172,-229.18312072753906,Going to 'eat test location' - Status: going - Unknown
2025-05-26 15:12:18.042,10.572500228881836,-2.661799907684326,89.63351440429688,-229.18312072753906,Going to 'eat test location' - Status: going - Unknown
2025-05-26 15:12:18.093,10.572500228881836,-2.661799907684326,89.63351440429688,-229.18312072753906,Going to 'eat test location' - Status: going - Unknown
2025-05-26 15:12:18.242,10.572500228881836,-2.661799907684326,89.63351440429688,-229.18312072753906,Going to 'eat test location' - Status: going - Unknown
2025-05-26 15:12:18.284,10.572500228881836,-2.661799907684326,89.63351440429688,-229.18312072753906,Going to 'eat test location' - Status: going - Unknown
2025-05-26 15:12:18.300,10.572500228881836,-2.661799907684326,89.63351440429688,-229.18312072753906,Going to 'eat test location' - Status: going - Unknown
2025-05-26 15:12:18.386,10.572500228881836,-2.661799907684326,89.63351440429688,-229.18312072753906,Going to 'eat test location' - Status: going - Unknown
2025-05-26 15:12:18.464,10.572500228881836,-2.661799907684326,89.63351440429688,-229.18312072753906,Going to 'eat test location' - Status: going - Unknown
2025-05-26 15:12:18.595,10.570899963378906,-2.187700033187866,92.17745208740234,-229.18312072753906,Going to 'eat test location' - Status: going - Unknown
2025-05-26 15:12:19.093,10.570899963378906,-2.187700033187866,92.17745208740234,-229.18312072753906,Going to 'eat test location' - Status: going - Unknown
2025-05-26 15:12:19.126,10.507399559020996,-1.8396999835968018,113.75503540039062,-229.18312072753906,Going to 'eat test location' - Status: going - Unknown
2025-05-26 15:12:19.242,10.507399559020996,-1.8396999835968018,113.75503540039062,-229.18312072753906,Going to 'eat test location' - Status: going - Unknown
2025-05-26 15:12:19.284,10.507399559020996,-1.8396999835968018,113.75503540039062,-229.18312072753906,Going to 'eat test location' - Status: going - Unknown
2025-05-26 15:12:19.299,10.507399559020996,-1.8396999835968018,113.75503540039062,-229.18312072753906,Going to 'eat test location' - Status: going - Unknown
2025-05-26 15:12:19.386,10.507399559020996,-1.8396999835968018,113.75503540039062,-229.18312072753906,Going to 'eat test location' - Status: going - Unknown
2025-05-26 15:12:19.464,10.507399559020996,-1.8396999835968018,113.75503540039062,-229.18312072753906,Going to 'eat test location' - Status: going - Unknown
2025-05-26 15:12:19.632,10.309700012207031,-1.5684000253677368,138.75318908691406,-229.18312072753906,Going to 'eat test location' - Status: going - Unknown
2025-05-26 15:12:20.093,10.309700012207031,-1.5684000253677368,138.75318908691406,-229.18312072753906,Going to 'eat test location' - Status: going - Unknown
2025-05-26 15:12:20.138,9.972299575805664,-1.4108999967575073,159.75209045410156,-229.18312072753906,Going to 'eat test location' - Status: going - Unknown
2025-05-26 15:12:20.242,9.972299575805664,-1.4108999967575073,159.75209045410156,-229.18312072753906,Going to 'eat test location' - Status: going - Unknown
2025-05-26 15:12:20.284,9.972299575805664,-1.4108999967575073,159.75209045410156,-229.18312072753906,Going to 'eat test location' - Status: going - Unknown
2025-05-26 15:12:20.299,9.972299575805664,-1.4108999967575073,159.75209045410156,-229.18312072753906,Going to 'eat test location' - Status: going - Unknown
2025-05-26 15:12:20.387,9.972299575805664,-1.4108999967575073,159.75209045410156,-229.18312072753906,Going to 'eat test location' - Status: going - Unknown
2025-05-26 15:12:20.464,9.972299575805664,-1.4108999967575073,159.75209045410156,-229.18312072753906,Going to 'eat test location' - Status: going - Unknown
2025-05-26 15:12:20.693,9.535400390625,-1.350600004196167,175.68605041503906,-229.18312072753906,Going to 'eat test location' - Status: going - Unknown
2025-05-26 15:12:21.094,9.535400390625,-1.350600004196167,175.68605041503906,-229.18312072753906,Going to 'eat test location' - Status: going - Unknown
2025-05-26 15:12:21.175,9.096599578857422,-1.3355000019073486,179.3243408203125,-229.18312072753906,Going to 'eat test location' - Status: going - Unknown
2025-05-26 15:12:21.242,9.096599578857422,-1.3355000019073486,179.3243408203125,-229.18312072753906,Going to 'eat test location' - Status: going - Unknown
2025-05-26 15:12:21.284,9.096599578857422,-1.3355000019073486,179.3243408203125,-229.18312072753906,Going to 'eat test location' - Status: going - Unknown
2025-05-26 15:12:21.299,9.096599578857422,-1.3355000019073486,179.3243408203125,-229.18312072753906,Going to 'eat test location' - Status: going - Unknown
2025-05-26 15:12:21.386,9.096599578857422,-1.3355000019073486,179.3243408203125,-229.18312072753906,Going to 'eat test location' - Status: going - Unknown
2025-05-26 15:12:21.464,9.096599578857422,-1.3355000019073486,179.3243408203125,-229.18312072753906,Going to 'eat test location' - Status: going - Unknown
2025-05-26 15:12:21.741,8.61460018157959,-1.3478000164031982,-178.6482391357422,-229.18312072753906,Going to 'eat test location' - Status: going - Unknown
2025-05-26 15:12:22.093,8.61460018157959,-1.3478000164031982,-178.6482391357422,-229.18312072753906,Going to 'eat test location' - Status: going - Unknown
2025-05-26 15:12:0022.242,8.19379997253418,-1.3514000177383423,-178.1784210205078,-229.18312072753906,Going to 'eat test location' - Status: going - Unknown
2025-05-26 15:12:22.242,8.19379997253418,-1.3514000177383423,-178.1784210205078,-229.18312072753906,Going to 'eat test location' - Status: going - Unknown
2025-05-26 15:12:22.284,8.19379997253418,-1.3514000177383423,-178.1784210205078,-229.18312072753906,Going to 'eat test location' - Status: going - Unknown
2025-05-26 15:12:22.300,8.19379997253418,-1.3514000177383423,-178.1784210205078,-229.18312072753906,Going to 'eat test location' - Status: going - Unknown
2025-05-26 15:12:22.386,8.19379997253418,-1.3514000177383423,-178.1784210205078,-229.18312072753906,Going to 'eat test location' - Status: going - Unknown
2025-05-26 15:12:22.464,8.19379997253418,-1.3514000177383423,-178.1784210205078,-229.18312072753906,Going to 'eat test location' - Status: going - Unknown
2025-05-26 15:12:22.797,7.695700168609619,-1.3655999898910522,-177.85182189941406,-229.18312072753906,Going to 'eat test location' - Status: going - Unknown
2025-05-26 15:12:23.093,7.695700168609619,-1.3655999898910522,-177.85182189941406,-229.18312072753906,Going to 'eat test location' - Status: going - Unknown
2025-05-26 15:12:23.242,7.695700168609619,-1.3655999898910522,-177.85182189941406,-229.18312072753906,Going to 'eat test location' - Status: going - Unknown
2025-05-26 15:12:23.280,7.266600131988525,-1.371500015258789,-175.6058349609375,-229.18312072753906,Going to 'eat test location' - Status: going - Unknown
2025-05-26 15:12:23.284,7.266600131988525,-1.371500015258789,-175.6058349609375,-229.18312072753906,Going to 'eat test location' - Status: going - Unknown
2025-05-26 15:12:23.299,7.266600131988525,-1.371500015258789,-175.6058349609375,-229.18312072753906,Going to 'eat test location' - Status: going - Unknown
2025-05-26 15:12:23.386,7.266600131988525,-1.371500015258789,-175.6058349609375,-229.18312072753906,Going to 'eat test location' - Status: going - Unknown
2025-05-26 15:12:23.464,7.266600131988525,-1.371500015258789,-175.6058349609375,-229.18312072753906,Going to 'eat test location' - Status: going - Unknown
2025-05-26 15:12:23.854,6.86929988861084,-1.409600019454956,-171.79566955566406,-229.18312072753906,Going to 'eat test location' - Status: going - Unknown
2025-05-26 15:12:24.093,6.86929988861084,-1.409600019454956,-171.79566955566406,-229.18312072753906,Going to 'eat test location' - Status: going - Unknown
2025-05-26 15:12:24.242,6.86929988861084,-1.409600019454956,-171.79566955566406,-229.18312072753906,Going to 'eat test location' - Status: going - Unknown
2025-05-26 15:12:24.284,6.86929988861084,-1.409600019454956,-171.79566955566406,-229.18312072753906,Going to 'eat test location' - Status: going - Unknown
2025-05-26 15:12:24.299,6.86929988861084,-1.409600019454956,-171.79566955566406,-229.18312072753906,Going to 'eat test location' - Status: going - Unknown
2025-05-26 15:12:24.385,6.6072001457214355,-1.4385000467300415,-168.3922882080078,-229.18312072753906,Going to 'eat test location' - Status: going - Unknown
2025-05-26 15:12:24.386,6.6072001457214355,-1.4385000467300415,-168.3922882080078,-229.18312072753906,Going to 'eat test location' - Status: going - Unknown
2025-05-26 15:12:24.464,6.6072001457214355,-1.4385000467300415,-168.3922882080078,-229.18312072753906,Going to 'eat test location' - Status: going - Unknown
2025-05-26 15:12:24.890,6.4857001304626465,-1.4617999792099,-161.41366577148438,-229.18312072753906,Going to 'eat test location' - Status: going - Unknown
2025-05-26 15:12:25.093,6.4857001304626465,-1.4617999792099,-161.41366577148438,-229.18312072753906,Going to 'eat test location' - Status: going - Unknown
2025-05-26 15:12:25.242,6.4857001304626465,-1.4617999792099,-161.41366577148438,-229.18312072753906,Going to 'eat test location' - Status: going - Unknown
2025-05-26 15:12:25.284,6.4857001304626465,-1.4617999792099,-161.41366577148438,-229.18312072753906,Going to 'eat test location' - Status: going - Unknown
2025-05-26 15:12:25.300,6.4857001304626465,-1.4617999792099,-161.41366577148438,-229.18312072753906,Going to 'eat test location' - Status: going - Unknown
2025-05-26 15:12:25.374,6.431700229644775,-1.4781999588012695,-150.3784942626953,-229.18312072753906,Going to 'eat test location' - Status: going - Unknown
2025-05-26 15:12:25.386,6.431700229644775,-1.4781999588012695,-150.3784942626953,-229.18312072753906,Going to 'eat test location' - Status: going - Unknown
2025-05-26 15:12:25.464,6.431700229644775,-1.4781999588012695,-150.3784942626953,-229.18312072753906,Going to 'eat test location' - Status: going - Unknown
2025-05-26 15:12:25.890,6.422999858856201,-1.4809000492095947,-143.33685302734375,-229.18312072753906,Going to 'eat test location' - Status: going - Unknown
2025-05-26 15:12:26.093,6.422999858856201,-1.4809000492095947,-143.33685302734375,-229.18312072753906,Going to 'eat test location' - Status: going - Unknown
2025-05-26 15:12:26.242,6.422999858856201,-1.4809000492095947,-143.33685302734375,-229.18312072753906,Going to 'eat test location' - Status: going - Unknown
2025-05-26 15:12:26.284,6.422999858856201,-1.4809000492095947,-143.33685302734375,-229.18312072753906,Going to 'eat test location' - Status: going - Unknown
2025-05-26 15:12:26.300,6.422999858856201,-1.4809000492095947,-143.33685302734375,-229.18312072753906,Going to 'eat test location' - Status: going - Unknown
2025-05-26 15:12:26.386,6.422999858856201,-1.4809000492095947,-143.33685302734375,-229.18312072753906,Going to 'eat test location' - Status: going - Unknown
2025-05-26 15:12:26.437,6.4253997802734375,-1.4779000282287598,-129.05874633789062,-229.18312072753906,Going to 'eat test location' - Status: going - Unknown
2025-05-26 15:12:26.464,6.4253997802734375,-1.4779000282287598,-129.05874633789062,-229.18312072753906,Going to 'eat test location' - Status: going - Unknown
2025-05-26 15:12:26.993,6.42710018157959,-1.4769999980926514,-113.9498519897461,-229.18312072753906,Going to 'eat test location' - Status: going - Unknown
2025-05-26 15:12:27.093,6.42710018157959,-1.4769999980926514,-113.9498519897461,-229.18312072753906,Going to 'eat test location' - Status: going - Unknown
2025-05-26 15:12:27.242,6.42710018157959,-1.4769999980926514,-113.9498519897461,-229.18312072753906,Going to 'eat test location' - Status: going - Unknown
2025-05-26 15:12:27.285,6.42710018157959,-1.4769999980926514,-113.9498519897461,-229.18312072753906,Going to 'eat test location' - Status: going - Unknown
2025-05-26 15:12:27.300,6.42710018157959,-1.4769999980926514,-113.9498519897461,-229.18312072753906,Going to 'eat test location' - Status: going - Unknown
2025-05-26 15:12:27.386,6.42710018157959,-1.4769999980926514,-113.9498519897461,-229.18312072753906,Going to 'eat test location' - Status: going - Unknown
2025-05-26 15:12:27.464,6.42710018157959,-1.4769999980926514,-113.9498519897461,-229.18312072753906,Going to 'eat test location' - Status: going - Unknown
2025-05-26 15:12:27.530,6.428800106048584,-1.4704999923706055,-100.1874008178711,-229.18312072753906,Going to 'eat test location' - Status: going - Unknown
2025-05-26 15:12:28.070,6.427000045776367,-1.4739999771118164,-90.88829803466797,-229.18312072753906,Going to 'eat test location' - Status: complete - Unknown
2025-05-26 15:12:28.093,6.427000045776367,-1.4739999771118164,-90.88829803466797,-229.18312072753906,Going to 'eat test location' - Status: complete - Unknown
2025-05-26 15:12:28.242,6.427000045776367,-1.4739999771118164,-90.88829803466797,-229.18312072753906,Going to 'eat test location' - Status: complete - Unknown
2025-05-26 15:12:28.284,6.427000045776367,-1.4739999771118164,-90.88829803466797,-229.18312072753906,Going to 'eat test location' - Status: complete - Unknown
2025-05-26 15:12:28.299,6.427000045776367,-1.4739999771118164,-90.88829803466797,-229.18312072753906,Going to 'eat test location' - Status: complete - Unknown
2025-05-26 15:12:28.386,6.427000045776367,-1.4739999771118164,-90.88829803466797,-229.18312072753906,Going to 'eat test location' - Status: complete - Unknown
2025-05-26 15:12:28.464,6.427000045776367,-1.4739999771118164,-90.88829803466797,-229.18312072753906,Going to 'eat test location' - Status: complete - Unknown
2025-05-26 15:12:29.093,6.427000045776367,-1.4739999771118164,-90.88829803466797,-229.18312072753906,Going to 'eat test location' - Status: complete - Unknown
2025-05-26 15:12:29.242,6.427000045776367,-1.4739999771118164,-90.88829803466797,-229.18312072753906,Going to 'eat test location' - Status: complete - Unknown
2025-05-26 15:12:29.284,6.427000045776367,-1.4739999771118164,-90.88829803466797,-229.18312072753906,Going to 'eat test location' - Status: complete - Unknown
2025-05-26 15:12:29.299,6.427000045776367,-1.4739999771118164,-90.88829803466797,-229.18312072753906,Going to 'eat test location' - Status: complete - Unknown
2025-05-26 15:12:29.386,6.427000045776367,-1.4739999771118164,-90.88829803466797,-229.18312072753906,Going to 'eat test location' - Status: complete - Unknown
2025-05-26 15:12:29.464,6.427000045776367,-1.4739999771118164,-90.88829803466797,-229.18312072753906,Going to 'eat test location' - Status: complete - Unknown
2025-05-26 15:12:30.093,6.427000045776367,-1.4739999771118164,-90.88829803466797,-229.18312072753906,Going to 'eat test location' - Status: complete - Unknown
2025-05-26 15:12:30.242,6.427000045776367,-1.4739999771118164,-90.88829803466797,-229.18312072753906,Going to 'eat test location' - Status: complete - Unknown
2025-05-26 15:12:30.284,6.427000045776367,-1.4739999771118164,-90.88829803466797,-229.18312072753906,Going to 'eat test location' - Status: complete - Unknown
2025-05-26 15:12:30.300,6.427000045776367,-1.4739999771118164,-90.88829803466797,-229.18312072753906,Going to 'eat test location' - Status: complete - Unknown
2025-05-26 15:12:30.386,6.427000045776367,-1.4739999771118164,-90.88829803466797,-229.18312072753906,Going to 'eat test location' - Status: complete - Unknown
2025-05-26 15:12:30.464,6.427000045776367,-1.4739999771118164,-90.88829803466797,-229.18312072753906,Going to 'eat test location' - Status: complete - Unknown
2025-05-26 15:12:31.093,6.427000045776367,-1.4739999771118164,-90.88829803466797,-229.18312072753906,Going to 'eat test location' - Status: complete - Unknown
2025-05-26 15:12:31.242,6.427000045776367,-1.4739999771118164,-90.88829803466797,-229.18312072753906,Going to 'eat test location' - Status: complete - Unknown
2025-05-26 15:12:31.284,6.427000045776367,-1.4739999771118164,-90.88829803466797,-229.18312072753906,Going to 'eat test location' - Status: complete - Unknown
2025-05-26 15:12:31.300,6.427000045776367,-1.4739999771118164,-90.88829803466797,-229.18312072753906,Going to 'eat test location' - Status: complete - Unknown
2025-05-26 15:12:31.386,6.427000045776367,-1.4739999771118164,-90.88829803466797,-229.18312072753906,Going to 'eat test location' - Status: complete - Unknown
2025-05-26 15:12:31.464,6.427000045776367,-1.4739999771118164,-90.88829803466797,-229.18312072753906,Going to 'eat test location' - Status: complete - Unknown
2025-05-26 15:12:32.093,6.427000045776367,-1.4739999771118164,-90.88829803466797,-229.18312072753906,Going to 'eat test location' - Status: complete - Unknown
2025-05-26 15:12:32.242,6.427000045776367,-1.4739999771118164,-90.88829803466797,-229.18312072753906,Going to 'eat test location' - Status: complete - Unknown
2025-05-26 15:12:32.284,6.427000045776367,-1.4739999771118164,-90.88829803466797,-229.18312072753906,Going to 'eat test location' - Status: complete - Unknown
2025-05-26 15:12:32.299,6.427000045776367,-1.4739999771118164,-90.88829803466797,-229.18312072753906,Going to 'eat test location' - Status: complete - Unknown
2025-05-26 15:12:32.386,6.427000045776367,-1.4739999771118164,-90.88829803466797,-229.18312072753906,Going to 'eat test location' - Status: complete - Unknown
2025-05-26 15:12:32.464,6.427000045776367,-1.4739999771118164,-90.88829803466797,-229.18312072753906,Going to 'eat test location' - Status: complete - Unknown
2025-05-26 15:12:33.093,6.427000045776367,-1.4739999771118164,-90.88829803466797,-229.18312072753906,Going to 'eat test location' - Status: complete - Unknown
2025-05-26 15:12:33.244,6.427000045776367,-1.4739999771118164,-90.88829803466797,-229.18312072753906,Going to 'eat test location' - Status: complete - Unknown
2025-05-26 15:12:33.284,6.427000045776367,-1.4739999771118164,-90.88829803466797,-229.18312072753906,Going to 'eat test location' - Status: complete - Unknown
2025-05-26 15:12:33.300,6.427000045776367,-1.4739999771118164,-90.88829803466797,-229.18312072753906,Going to 'eat test location' - Status: complete - Unknown
2025-05-26 15:12:33.386,6.427000045776367,-1.4739999771118164,-90.88829803466797,-229.18312072753906,Going to 'eat test location' - Status: complete - Unknown
2025-05-26 15:12:33.464,6.427000045776367,-1.4739999771118164,-90.88829803466797,-229.18312072753906,Going to 'eat test location' - Status: complete - Unknown
2025-05-26 15:12:34.093,6.427000045776367,-1.4739999771118164,-90.88829803466797,-229.18312072753906,Going to 'eat test location' - Status: complete - Unknown
2025-05-26 15:12:34.242,6.427000045776367,-1.4739999771118164,-90.88829803466797,-229.18312072753906,Going to 'eat test location' - Status: complete - Unknown
2025-05-26 15:12:34.284,6.427000045776367,-1.4739999771118164,-90.88829803466797,-229.18312072753906,Going to 'eat test location' - Status: complete - Unknown
2025-05-26 15:12:34.299,6.427000045776367,-1.4739999771118164,-90.88829803466797,-229.18312072753906,Going to 'eat test location' - Status: complete - Unknown
2025-05-26 15:12:34.386,6.427000045776367,-1.4739999771118164,-90.88829803466797,-229.18312072753906,Going to 'eat test location' - Status: complete - Unknown
2025-05-26 15:12:34.464,6.427000045776367,-1.4739999771118164,-90.88829803466797,-229.18312072753906,Going to 'eat test location' - Status: complete - Unknown
2025-05-26 15:12:35.093,6.427000045776367,-1.4739999771118164,-90.88829803466797,-229.18312072753906,Going to 'eat test location' - Status: complete - Unknown
2025-05-26 15:12:35.242,6.427000045776367,-1.4739999771118164,-90.88829803466797,-229.18312072753906,Going to 'eat test location' - Status: complete - Unknown
2025-05-26 15:12:35.284,6.427000045776367,-1.4739999771118164,-90.88829803466797,-229.18312072753906,Going to 'eat test location' - Status: complete - Unknown
2025-05-26 15:12:35.299,6.427000045776367,-1.4739999771118164,-90.88829803466797,-229.18312072753906,Going to 'eat test location' - Status: complete - Unknown
2025-05-26 15:12:35.386,6.427000045776367,-1.4739999771118164,-90.88829803466797,-229.18312072753906,Going to 'eat test location' - Status: complete - Unknown
2025-05-26 15:12:35.464,6.427000045776367,-1.4739999771118164,-90.88829803466797,-229.18312072753906,Going to 'eat test location' - Status: complete - Unknown
2025-05-26 15:12:36.093,6.427000045776367,-1.4739999771118164,-90.88829803466797,-229.18312072753906,Going to 'eat test location' - Status: complete - Unknown
2025-05-26 15:12:36.242,6.427000045776367,-1.4739999771118164,-90.88829803466797,-229.18312072753906,Going to 'eat test location' - Status: complete - Unknown
2025-05-26 15:12:36.284,6.427000045776367,-1.4739999771118164,-90.88829803466797,-229.18312072753906,Going to 'eat test location' - Status: complete - Unknown
2025-05-26 15:12:38.081,6.423099994659424,-1.475000023841858,-90.47576904296875,0,Data logging stopped. Total entries: 400
2025-05-26 15:12:40.341,6.422999858856201,-1.4739999771118164,-89.70227813720703,0,Data logging stopped. Total entries: 400
2025-05-26 15:12:40.672,6.422699928283691,-1.469599962234497,-83.99561309814453,0,Data logging stopped. Total entries: 400
2025-05-26 15:12:41.221,6.420899868011475,-1.4667999744415283,-72.69688415527344,-57.295780181884766,Data logging stopped. Total entries: 400
2025-05-26 15:12:41.723,6.416500091552734,-1.4696999788284302,-38.588706970214844,-57.295780181884766,Data logging stopped. Total entries: 400
2025-05-26 15:12:42.818,6.421899795532227,-1.4673999547958374,-20.39729881286621,-57.295780181884766,Data logging stopped. Total entries: 400
2025-05-26 15:12:43.369,6.420499801635742,-1.4680999517440796,-41.71705627441406,-57.295780181884766,Data logging stopped. Total entries: 400
2025-05-26 15:12:43.871,6.4166998863220215,-1.4673000574111938,-26.098228454589844,-57.295780181884766,Data logging stopped. Total entries: 400
2025-05-26 15:12:44.424,6.417300224304199,-1.4673000574111938,-35.758296966552734,-57.295780181884766,Data logging stopped. Total entries: 400
2025-05-26 15:12:44.972,6.40749979019165,-1.4575999975204468,-16.214704513549805,-57.295780181884766,Data logging stopped. Total entries: 400
2025-05-26 15:12:45.556,6.4039998054504395,-1.4564000368118286,-24.780424118041992,-57.295780181884766,Data logging stopped. Total entries: 400
2025-05-26 15:12:48.123,6.388700008392334,-1.4428000450134277,-46.92524337768555,-57.295780181884766,Data logging stopped. Total entries: 400
2025-05-26 15:12:48.671,6.3871002197265625,-1.4494999647140503,-57.599449157714844,-57.295780181884766,Data logging stopped. Total entries: 400
2025-05-26 15:12:49.783,6.412700176239014,-1.5,-72.34738159179688,2864.7890625,Data logging stopped. Total entries: 400
2025-05-26 15:12:50.322,6.423900127410889,-1.5218000411987305,-89.29547882080078,2864.7890625,Data logging stopped. Total entries: 400
2025-05-26 15:12:55.481,6.42110013961792,-1.5231000185012817,-89.9028091430664,2864.7890625,Data logging stopped. Total entries: 400
2025-05-26 15:14:26.852,6.42110013961792,-1.5268000364303589,-90.6247329711914,2864.7890625,Data logging stopped. Total entries: 400
2025-05-26 15:14:29.851,6.416999816894531,-1.5096999406814575,-96.69808959960938,2864.7890625,Data logging stopped. Total entries: 400
2025-05-26 15:14:36.895,6.411300182342529,-1.5047999620437622,-96.91008758544922,2864.7890625,Data logging stopped. Total entries: 400
None,None,None,None,None,
2025-05-26 16:13:25.874,8.568099975585938,-2.8929998874664307,-47.60133361816406,1031.323974609375,Data logging started
2025-05-26 16:13:26.869,8.568099975585938,-2.8929998874664307,-47.60133361816406,1031.323974609375,Data logging started
2025-05-26 16:13:27.869,8.568099975585938,-2.8929998874664307,-47.60133361816406,1031.323974609375,Data logging started
2025-05-26 16:13:28.869,8.568099975585938,-2.8929998874664307,-47.60133361816406,1031.323974609375,Data logging started
2025-05-26 16:13:29.869,8.568099975585938,-2.8929998874664307,-47.60133361816406,1031.323974609375,Selected location: eat test location
2025-05-26 16:13:30.869,8.568099975585938,-2.8929998874664307,-47.60133361816406,1031.323974609375,Selected location: eat test location
2025-05-26 16:13:31.869,8.568099975585938,-2.8929998874664307,-47.60133361816406,1031.323974609375,Selected location: eat test location
2025-05-26 16:13:32.869,8.568099975585938,-2.8929998874664307,-47.60133361816406,1031.323974609375,Selected location: eat test location
2025-05-26 16:13:33.869,8.568099975585938,-2.8929998874664307,-47.60133361816406,1031.323974609375,Selected location: eat test location
2025-05-26 16:13:34.869,8.568099975585938,-2.8929998874664307,-47.60133361816406,1031.323974609375,Selected location: eat test location
2025-05-26 16:13:35.869,8.568099975585938,-2.8929998874664307,-47.60133361816406,1031.323974609375,Selected location: eat test location
2025-05-26 16:13:36.869,8.568099975585938,-2.8929998874664307,-47.60133361816406,1031.323974609375,Selected location: eat test location
2025-05-26 16:13:37.869,8.568099975585938,-2.8929998874664307,-47.60133361816406,1031.323974609375,Selected location: eat test location
2025-05-26 16:13:38.869,8.568099975585938,-2.8929998874664307,-47.60133361816406,1031.323974609375,Selected location: eat test location
2025-05-26 16:13:39.869,8.568099975585938,-2.8929998874664307,-47.60133361816406,1031.323974609375,Selected location: eat test location
2025-05-26 16:13:40.869,8.568099975585938,-2.8929998874664307,-47.60133361816406,1031.323974609375,Selected location: eat test location
2025-05-26 16:13:41.869,8.568099975585938,-2.8929998874664307,-47.60133361816406,1031.323974609375,Speed set to: SLOW
None,None,None,None,None,
2025-05-26 16:13:43.869,8.568099975585938,-2.8929998874664307,-47.60133361816406,1031.323974609375,Speed set to: SLOW
2025-05-26 16:13:44.869,8.568099975585938,-2.8929998874664307,-47.60133361816406,1031.323974609375,Speed set to: SLOW
2025-05-26 16:13:45.869,8.568099975585938,-2.8929998874664307,-47.60133361816406,1031.323974609375,Speed set to: SLOW
2025-05-26 16:13:46.869,8.568099975585938,-2.8929998874664307,-47.60133361816406,1031.323974609375,Speed set to: SLOW
2025-05-26 16:13:47.869,8.568099975585938,-2.8929998874664307,-47.60133361816406,1031.323974609375,Speed set to: SLOW
2025-05-26 16:13:48.869,8.568099975585938,-2.8929998874664307,-47.60133361816406,1031.323974609375,Speed set to: SLOW
2025-05-26 16:13:49.869,8.568099975585938,-2.8929998874664307,-47.60133361816406,1031.323974609375,Speed set to: SLOW
2025-05-26 16:13:50.869,8.568099975585938,-2.8929998874664307,-47.60133361816406,1031.323974609375,Speed set to: SLOW
2025-05-26 16:13:51.869,8.568099975585938,-2.8929998874664307,-47.60133361816406,1031.323974609375,Speed set to: SLOW
2025-05-26 16:13:52.869,8.568099975585938,-2.8929998874664307,-47.60133361816406,1031.323974609375,Speed set to: SLOW
2025-05-26 16:13:53.870,8.568099975585938,-2.8929998874664307,-47.60133361816406,1031.323974609375,Speed set to: SLOW
2025-05-26 16:13:54.869,8.568099975585938,-2.8929998874664307,-47.60133361816406,1031.323974609375,Speed set to: SLOW
2025-05-26 16:13:55.869,8.568099975585938,-2.8929998874664307,-47.60133361816406,1031.323974609375,Speed set to: SLOW
2025-05-26 16:13:56.869,8.568099975585938,-2.8929998874664307,-47.60133361816406,1031.323974609375,Speed set to: SLOW
2025-05-26 16:13:57.870,8.568099975585938,-2.8929998874664307,-47.60133361816406,1031.323974609375,Speed set to: SLOW
2025-05-26 16:13:58.870,8.568099975585938,-2.8929998874664307,-47.60133361816406,1031.323974609375,Speed set to: SLOW
2025-05-26 16:13:59.869,8.568099975585938,-2.8929998874664307,-47.60133361816406,1031.323974609375,Speed set to: SLOW
2025-05-26 16:14:00.869,8.568099975585938,-2.8929998874664307,-47.60133361816406,1031.323974609375,Speed set to: SLOW
2025-05-26 16:14:01.870,8.568099975585938,-2.8929998874664307,-47.60133361816406,1031.323974609375,Speed set to: SLOW
2025-05-26 16:14:02.870,8.568099975585938,-2.8929998874664307,-47.60133361816406,1031.323974609375,Speed set to: SLOW
2025-05-26 16:14:03.869,8.568099975585938,-2.8929998874664307,-47.60133361816406,1031.323974609375,Speed set to: SLOW
2025-05-26 16:14:04.869,8.568099975585938,-2.8929998874664307,-47.60133361816406,1031.323974609375,Speed set to: SLOW
2025-05-26 16:14:05.869,8.568099975585938,-2.8929998874664307,-47.60133361816406,1031.323974609375,Speed set to: SLOW
2025-05-26 16:14:06.870,8.568099975585938,-2.8929998874664307,-47.60133361816406,1031.323974609375,Speed set to: SLOW
2025-05-26 16:14:07.870,8.568099975585938,-2.8929998874664307,-47.60133361816406,1031.323974609375,Speed set to: SLOW
2025-05-26 16:14:08.869,8.568099975585938,-2.8929998874664307,-47.60133361816406,1031.323974609375,Speed set to: SLOW
2025-05-26 16:14:09.870,8.568099975585938,-2.8929998874664307,-47.60133361816406,1031.323974609375,Speed set to: SLOW
2025-05-26 16:14:10.870,8.568099975585938,-2.8929998874664307,-47.60133361816406,1031.323974609375,Speed set to: SLOW
2025-05-26 16:14:11.870,8.568099975585938,-2.8929998874664307,-47.60133361816406,1031.323974609375,Speed set to: SLOW
2025-05-26 16:14:12.869,8.568099975585938,-2.8929998874664307,-47.60133361816406,1031.323974609375,Speed set to: SLOW
2025-05-26 16:14:13.869,8.568099975585938,-2.8929998874664307,-47.60133361816406,1031.323974609375,Speed set to: SLOW
2025-05-26 16:14:14.869,8.568099975585938,-2.8929998874664307,-47.60133361816406,1031.323974609375,Speed set to: SLOW
2025-05-26 16:14:15.869,8.568099975585938,-2.8929998874664307,-47.60133361816406,1031.323974609375,Speed set to: SLOW
2025-05-26 16:14:16.869,8.568099975585938,-2.8929998874664307,-47.60133361816406,1031.323974609375,Speed set to: SLOW
2025-05-26 16:14:17.869,8.568099975585938,-2.8929998874664307,-47.60133361816406,1031.323974609375,Speed set to: SLOW
2025-05-26 16:14:18.869,8.568099975585938,-2.8929998874664307,-47.60133361816406,1031.323974609375,Speed set to: SLOW
2025-05-26 16:14:19.869,8.568099975585938,-2.8929998874664307,-47.60133361816406,1031.323974609375,Speed set to: SLOW
2025-05-26 16:14:20.869,8.568099975585938,-2.8929998874664307,-47.60133361816406,1031.323974609375,Speed set to: SLOW
2025-05-26 16:14:21.869,8.568099975585938,-2.8929998874664307,-47.60133361816406,1031.323974609375,Speed set to: SLOW
2025-05-26 16:14:22.869,8.568099975585938,-2.8929998874664307,-47.60133361816406,1031.323974609375,Speed set to: SLOW
2025-05-26 16:14:23.869,8.568099975585938,-2.8929998874664307,-47.60133361816406,1031.323974609375,Speed set to: SLOW
2025-05-26 16:14:24.869,8.568099975585938,-2.8929998874664307,-47.60133361816406,1031.323974609375,Speed set to: SLOW
2025-05-26 16:14:25.869,8.568099975585938,-2.8929998874664307,-47.60133361816406,1031.323974609375,Speed set to: SLOW
2025-05-26 16:14:26.869,8.568099975585938,-2.8929998874664307,-47.60133361816406,1031.323974609375,Speed set to: SLOW
2025-05-26 16:14:27.869,8.568099975585938,-2.8929998874664307,-47.60133361816406,1031.323974609375,Speed set to: SLOW
2025-05-26 16:14:28.869,8.568099975585938,-2.8929998874664307,-47.60133361816406,1031.323974609375,Speed set to: SLOW
2025-05-26 16:14:29.869,8.568099975585938,-2.8929998874664307,-47.60133361816406,1031.323974609375,Speed set to: SLOW
2025-05-26 16:14:30.869,8.568099975585938,-2.8929998874664307,-47.60133361816406,1031.323974609375,Speed set to: SLOW
2025-05-26 16:14:31.869,8.568099975585938,-2.8929998874664307,-47.60133361816406,1031.323974609375,Speed set to: SLOW
2025-05-26 16:14:32.869,8.568099975585938,-2.8929998874664307,-47.60133361816406,1031.323974609375,Speed set to: SLOW
2025-05-26 16:14:33.869,8.568099975585938,-2.8929998874664307,-47.60133361816406,1031.323974609375,Speed set to: SLOW
2025-05-26 16:14:34.869,8.568099975585938,-2.8929998874664307,-47.60133361816406,1031.323974609375,Speed set to: SLOW
2025-05-26 16:14:35.869,8.568099975585938,-2.8929998874664307,-47.60133361816406,1031.323974609375,Speed set to: SLOW
2025-05-26 16:14:36.869,8.568099975585938,-2.8929998874664307,-47.60133361816406,1031.323974609375,Speed set to: SLOW
2025-05-26 16:14:37.869,8.568099975585938,-2.8929998874664307,-47.60133361816406,1031.323974609375,Speed set to: SLOW
2025-05-26 16:14:38.869,8.568099975585938,-2.8929998874664307,-47.60133361816406,1031.323974609375,Speed set to: SLOW
2025-05-26 16:14:39.869,8.568099975585938,-2.8929998874664307,-47.60133361816406,1031.323974609375,Speed set to: SLOW
2025-05-26 16:14:40.869,8.568099975585938,-2.8929998874664307,-47.60133361816406,1031.323974609375,Speed set to: SLOW
2025-05-26 16:14:41.869,8.568099975585938,-2.8929998874664307,-47.60133361816406,1031.323974609375,Speed set to: SLOW
2025-05-26 16:14:42.869,8.568099975585938,-2.8929998874664307,-47.60133361816406,1031.323974609375,Speed set to: SLOW
2025-05-26 16:14:43.869,8.568099975585938,-2.8929998874664307,-47.60133361816406,1031.323974609375,Speed set to: SLOW
2025-05-26 16:14:44.869,8.568099975585938,-2.8929998874664307,-47.60133361816406,1031.323974609375,Speed set to: SLOW
2025-05-26 16:14:45.869,8.568099975585938,-2.8929998874664307,-47.60133361816406,1031.323974609375,Speed set to: SLOW
2025-05-26 16:14:46.869,8.568099975585938,-2.8929998874664307,-47.60133361816406,1031.323974609375,Speed set to: SLOW
2025-05-26 16:14:47.869,8.568099975585938,-2.8929998874664307,-47.60133361816406,1031.323974609375,Speed set to: SLOW
2025-05-26 16:14:48.869,8.568099975585938,-2.8929998874664307,-47.60133361816406,1031.323974609375,Speed set to: SLOW
2025-05-26 16:14:49.869,8.568099975585938,-2.8929998874664307,-47.60133361816406,1031.323974609375,Speed set to: SLOW
2025-05-26 16:14:50.869,8.568099975585938,-2.8929998874664307,-47.60133361816406,1031.323974609375,Speed set to: SLOW
2025-05-26 16:14:51.870,8.568099975585938,-2.8929998874664307,-47.60133361816406,1031.323974609375,Speed set to: SLOW
2025-05-26 16:14:52.870,8.568099975585938,-2.8929998874664307,-47.60133361816406,1031.323974609375,Speed set to: SLOW
2025-05-26 16:14:53.870,8.568099975585938,-2.8929998874664307,-47.60133361816406,1031.323974609375,Speed set to: SLOW
2025-05-26 16:14:54.869,8.568099975585938,-2.8929998874664307,-47.60133361816406,1031.323974609375,Speed set to: SLOW
2025-05-26 16:14:55.869,8.568099975585938,-2.8929998874664307,-47.60133361816406,1031.323974609375,Speed set to: SLOW
2025-05-26 16:14:56.869,8.568099975585938,-2.8929998874664307,-47.60133361816406,1031.323974609375,Speed set to: SLOW
2025-05-26 16:14:57.869,8.568099975585938,-2.8929998874664307,-47.60133361816406,1031.323974609375,Speed set to: SLOW
2025-05-26 16:14:58.869,8.568099975585938,-2.8929998874664307,-47.60133361816406,1031.323974609375,Speed set to: SLOW
2025-05-26 16:14:59.869,8.568099975585938,-2.8929998874664307,-47.60133361816406,1031.323974609375,Speed set to: SLOW
2025-05-26 16:15:00.869,8.568099975585938,-2.8929998874664307,-47.60133361816406,1031.323974609375,Speed set to: SLOW
2025-05-26 16:15:01.869,8.568099975585938,-2.8929998874664307,-47.60133361816406,1031.323974609375,Speed set to: SLOW
2025-05-26 16:15:02.869,8.568099975585938,-2.8929998874664307,-47.60133361816406,1031.323974609375,Speed set to: SLOW
2025-05-26 16:15:03.869,8.568099975585938,-2.8929998874664307,-47.60133361816406,1031.323974609375,Speed set to: SLOW
2025-05-26 16:15:04.869,8.568099975585938,-2.8929998874664307,-47.60133361816406,1031.323974609375,Speed set to: SLOW
2025-05-26 16:15:05.869,8.568099975585938,-2.8929998874664307,-47.60133361816406,1031.323974609375,Speed set to: SLOW
2025-05-26 16:15:06.869,8.568099975585938,-2.8929998874664307,-47.60133361816406,1031.323974609375,Speed set to: SLOW
2025-05-26 16:15:07.869,8.568099975585938,-2.8929998874664307,-47.60133361816406,1031.323974609375,Speed set to: SLOW
2025-05-26 16:15:08.869,8.568099975585938,-2.8929998874664307,-47.60133361816406,1031.323974609375,Speed set to: SLOW
2025-05-26 16:15:09.869,8.568099975585938,-2.8929998874664307,-47.60133361816406,1031.323974609375,Speed set to: SLOW
2025-05-26 16:15:10.869,8.568099975585938,-2.8929998874664307,-47.60133361816406,1031.323974609375,Speed set to: SLOW
2025-05-26 16:15:11.869,8.568099975585938,-2.8929998874664307,-47.60133361816406,1031.323974609375,Speed set to: SLOW
2025-05-26 16:15:12.869,8.568099975585938,-2.8929998874664307,-47.60133361816406,1031.323974609375,Speed set to: SLOW
2025-05-26 16:15:13.869,8.568099975585938,-2.8929998874664307,-47.60133361816406,1031.323974609375,Speed set to: SLOW
2025-05-26 16:15:14.869,8.568099975585938,-2.8929998874664307,-47.60133361816406,1031.323974609375,Speed set to: SLOW
2025-05-26 16:15:15.869,8.568099975585938,-2.8929998874664307,-47.60133361816406,1031.323974609375,Speed set to: SLOW
2025-05-26 16:15:16.869,8.568099975585938,-2.8929998874664307,-47.60133361816406,1031.323974609375,Speed set to: SLOW
2025-05-26 16:15:17.869,8.568099975585938,-2.8929998874664307,-47.60133361816406,1031.323974609375,Speed set to: SLOW
2025-05-26 16:15:18.869,8.568099975585938,-2.8929998874664307,-47.60133361816406,1031.323974609375,Speed set to: SLOW
2025-05-26 16:15:19.869,8.568099975585938,-2.8929998874664307,-47.60133361816406,1031.323974609375,Speed set to: SLOW
2025-05-26 16:15:20.869,8.568099975585938,-2.8929998874664307,-47.60133361816406,1031.323974609375,Speed set to: SLOW
2025-05-26 16:15:21.869,8.568099975585938,-2.8929998874664307,-47.60133361816406,1031.323974609375,Speed set to: SLOW
2025-05-26 16:15:22.869,8.568099975585938,-2.8929998874664307,-47.60133361816406,1031.323974609375,Speed set to: SLOW
2025-05-26 16:15:23.869,8.568099975585938,-2.8929998874664307,-47.60133361816406,1031.323974609375,Speed set to: SLOW
2025-05-26 16:15:24.869,8.568099975585938,-2.8929998874664307,-47.60133361816406,1031.323974609375,Speed set to: SLOW
2025-05-26 16:15:25.869,8.568099975585938,-2.8929998874664307,-47.60133361816406,1031.323974609375,Speed set to: SLOW
2025-05-26 16:15:26.869,8.568099975585938,-2.8929998874664307,-47.60133361816406,1031.323974609375,Speed set to: SLOW
2025-05-26 16:15:27.869,8.568099975585938,-2.8929998874664307,-47.60133361816406,1031.323974609375,Speed set to: SLOW
None,None,None,None,None,
2025-05-26 16:15:29.869,8.568099975585938,-2.8929998874664307,-47.60133361816406,1031.323974609375,Speed set to: SLOW
2025-05-26 16:15:30.869,8.568099975585938,-2.8929998874664307,-47.60133361816406,1031.323974609375,Speed set to: SLOW
2025-05-26 16:15:31.869,8.568099975585938,-2.8929998874664307,-47.60133361816406,1031.323974609375,Speed set to: SLOW
2025-05-26 16:15:32.869,8.568099975585938,-2.8929998874664307,-47.60133361816406,1031.323974609375,Speed set to: SLOW
2025-05-26 16:15:33.869,8.568099975585938,-2.8929998874664307,-47.60133361816406,1031.323974609375,Speed set to: SLOW
2025-05-26 16:15:34.869,8.568099975585938,-2.8929998874664307,-47.60133361816406,1031.323974609375,Speed set to: SLOW
2025-05-26 16:15:35.869,8.568099975585938,-2.8929998874664307,-47.60133361816406,1031.323974609375,Speed set to: SLOW
2025-05-26 16:15:36.869,8.568099975585938,-2.8929998874664307,-47.60133361816406,1031.323974609375,Speed set to: SLOW
2025-05-26 16:15:37.870,8.568099975585938,-2.8929998874664307,-47.60133361816406,1031.323974609375,Speed set to: SLOW
2025-05-26 16:15:38.870,8.568099975585938,-2.8929998874664307,-47.60133361816406,1031.323974609375,Speed set to: SLOW
2025-05-26 16:15:39.869,8.568099975585938,-2.8929998874664307,-47.60133361816406,1031.323974609375,Speed set to: SLOW
2025-05-26 16:15:40.869,8.568099975585938,-2.8929998874664307,-47.60133361816406,1031.323974609375,Speed set to: SLOW
2025-05-26 16:15:41.869,8.568099975585938,-2.8929998874664307,-47.60133361816406,1031.323974609375,Speed set to: SLOW
2025-05-26 16:15:42.870,8.568099975585938,-2.8929998874664307,-47.60133361816406,1031.323974609375,Speed set to: SLOW
2025-05-26 16:15:43.870,8.568099975585938,-2.8929998874664307,-47.60133361816406,1031.323974609375,Speed set to: SLOW
2025-05-26 16:15:44.869,8.568099975585938,-2.8929998874664307,-47.60133361816406,1031.323974609375,Speed set to: SLOW
2025-05-26 16:15:45.869,8.568099975585938,-2.8929998874664307,-47.60133361816406,1031.323974609375,Speed set to: SLOW
2025-05-26 16:15:46.869,8.568099975585938,-2.8929998874664307,-47.60133361816406,1031.323974609375,Speed set to: SLOW
2025-05-26 16:15:47.869,8.568099975585938,-2.8929998874664307,-47.60133361816406,1031.323974609375,Speed set to: SLOW
2025-05-26 16:15:48.869,8.568099975585938,-2.8929998874664307,-47.60133361816406,1031.323974609375,Speed set to: SLOW
2025-05-26 16:15:49.869,8.568099975585938,-2.8929998874664307,-47.60133361816406,1031.323974609375,Speed set to: SLOW
2025-05-26 16:15:50.869,8.568099975585938,-2.8929998874664307,-47.60133361816406,1031.323974609375,Speed set to: SLOW
2025-05-26 16:15:51.869,8.568099975585938,-2.8929998874664307,-47.60133361816406,1031.323974609375,Speed set to: SLOW
2025-05-26 16:15:52.869,8.568099975585938,-2.8929998874664307,-47.60133361816406,1031.323974609375,Speed set to: SLOW
2025-05-26 16:15:53.869,8.568099975585938,-2.8929998874664307,-47.60133361816406,1031.323974609375,Speed set to: SLOW
2025-05-26 16:15:54.869,8.568099975585938,-2.8929998874664307,-47.60133361816406,1031.323974609375,Speed set to: SLOW
2025-05-26 16:15:55.870,8.568099975585938,-2.8929998874664307,-47.60133361816406,1031.323974609375,Speed set to: SLOW
2025-05-26 16:15:56.429,8.570500373840332,-2.8954999446868896,-47.66436004638672,974.0282592773438,Speed set to: SLOW
2025-05-26 16:15:56.869,8.570500373840332,-2.8954999446868896,-47.66436004638672,974.0282592773438,Speed set to: SLOW
2025-05-26 16:15:57.373,8.639699935913086,-2.9798998832702637,-46.340824127197266,1031.323974609375,Speed set to: SLOW
2025-05-26 16:15:57.869,8.71049976348877,-3.0566000938415527,-42.33012008666992,974.0282592773438,Speed set to: SLOW
2025-05-26 16:15:57.877,8.71049976348877,-3.0566000938415527,-42.33012008666992,974.0282592773438,Speed set to: SLOW
2025-05-26 16:15:58.434,8.803799629211426,-3.1361000537872314,-40.29039001464844,1031.323974609375,Speed set to: SLOW
2025-05-26 16:15:58.869,8.803799629211426,-3.1361000537872314,-40.29039001464844,1031.323974609375,Speed set to: SLOW
2025-05-26 16:15:58.956,8.903499603271484,-3.2256999015808105,-42.26709747314453,1031.323974609375,Speed set to: SLOW
2025-05-26 16:15:59.507,9.012299537658691,-3.3340001106262207,-45.424095153808594,1031.323974609375,Speed set to: SLOW
2025-05-26 16:15:59.869,9.012299537658691,-3.3340001106262207,-45.424095153808594,1031.323974609375,Speed set to: SLOW
2025-05-26 16:16:00.029,9.116600036621094,-3.4172000885009766,-45.80224609375,1031.323974609375,Speed set to: SLOW
2025-05-26 16:16:00.577,9.234800338745117,-3.56030011177063,-50.52341842651367,1031.323974609375,Speed set to: SLOW
2025-05-26 16:16:00.869,9.234800338745117,-3.56030011177063,-50.52341842651367,1031.323974609375,Speed set to: SLOW
2025-05-26 16:16:01.091,9.335700035095215,-3.6803998947143555,-48.00813293457031,1031.323974609375,Speed set to: SLOW
2025-05-26 16:16:01.628,9.435700416564941,-3.809000015258789,-52.66054916381836,1031.323974609375,Speed set to: SLOW
2025-05-26 16:16:01.869,9.435700416564941,-3.809000015258789,-52.66054916381836,1031.323974609375,Speed set to: SLOW
2025-05-26 16:16:02.176,9.525300025939941,-3.926300048828125,-56.82022476196289,1031.323974609375,Speed set to: SLOW
2025-05-26 16:16:02.681,9.603300094604492,-4.061600208282471,-62.578453063964844,1031.323974609375,Speed set to: SLOW
2025-05-26 16:16:02.870,9.603300094604492,-4.061600208282471,-62.578453063964844,1031.323974609375,Speed set to: SLOW
2025-05-26 16:16:03.204,9.688199996948242,-4.186100006103516,-41.41911697387695,1031.323974609375,Speed set to: SLOW
2025-05-26 16:16:03.869,9.688199996948242,-4.186100006103516,-41.41911697387695,1031.323974609375,Speed set to: SLOW
2025-05-26 16:16:04.869,9.688199996948242,-4.186100006103516,-41.41911697387695,1031.323974609375,Speed set to: SLOW
2025-05-26 16:16:05.869,9.688199996948242,-4.186100006103516,-41.41911697387695,1031.323974609375,Speed set to: SLOW
2025-05-26 16:16:06.869,9.688199996948242,-4.186100006103516,-41.41911697387695,1031.323974609375,Speed set to: SLOW
2025-05-26 16:16:07.869,9.688199996948242,-4.186100006103516,-41.41911697387695,1031.323974609375,Speed set to: SLOW
2025-05-26 16:16:08.869,9.688199996948242,-4.186100006103516,-41.41911697387695,1031.323974609375,Speed set to: SLOW
2025-05-26 16:16:09.073,9.744099617004395,-4.235099792480469,-38.96113204956055,1031.323974609375,Speed set to: SLOW
2025-05-26 16:16:09.869,9.744099617004395,-4.235099792480469,-38.96113204956055,1031.323974609375,Speed set to: SLOW
2025-05-26 16:16:10.869,9.744099617004395,-4.235099792480469,-38.96113204956055,1031.323974609375,Speed set to: SLOW
2025-05-26 16:16:11.869,9.744099617004395,-4.235099792480469,-38.96113204956055,1031.323974609375,Speed set to: SLOW
2025-05-26 16:16:12.869,9.744099617004395,-4.235099792480469,-38.96113204956055,1031.323974609375,Speed set to: SLOW
2025-05-26 16:16:13.869,9.744099617004395,-4.235099792480469,-38.96113204956055,1031.323974609375,Speed set to: SLOW
2025-05-26 16:16:14.869,9.744099617004395,-4.235099792480469,-38.96113204956055,1031.323974609375,Speed set to: SLOW
2025-05-26 16:16:15.869,9.744099617004395,-4.235099792480469,-38.96113204956055,1031.323974609375,Speed set to: SLOW
2025-05-26 16:16:16.869,9.744099617004395,-4.235099792480469,-38.96113204956055,1031.323974609375,Speed set to: SLOW
2025-05-26 16:16:17.869,9.744099617004395,-4.235099792480469,-38.96113204956055,1031.323974609375,Speed set to: SLOW
2025-05-26 16:16:18.869,9.744099617004395,-4.235099792480469,-38.96113204956055,1031.323974609375,Speed set to: SLOW
2025-05-26 16:16:19.869,9.744099617004395,-4.235099792480469,-38.96113204956055,1031.323974609375,Speed set to: SLOW
2025-05-26 16:16:20.869,9.744099617004395,-4.235099792480469,-38.96113204956055,1031.323974609375,Speed set to: SLOW
2025-05-26 16:16:21.869,9.744099617004395,-4.235099792480469,-38.96113204956055,1031.323974609375,Speed set to: SLOW
2025-05-26 16:16:22.869,9.744099617004395,-4.235099792480469,-38.96113204956055,1031.323974609375,Speed set to: SLOW
2025-05-26 16:16:23.869,9.744099617004395,-4.235099792480469,-38.96113204956055,1031.323974609375,Speed set to: SLOW
2025-05-26 16:16:24.869,9.744099617004395,-4.235099792480469,-38.96113204956055,1031.323974609375,Speed set to: SLOW
2025-05-26 16:16:25.869,9.744099617004395,-4.235099792480469,-38.96113204956055,1031.323974609375,Speed set to: SLOW
2025-05-26 16:16:26.869,9.744099617004395,-4.235099792480469,-38.96113204956055,1031.323974609375,Speed set to: SLOW
2025-05-26 16:16:27.869,9.744099617004395,-4.235099792480469,-38.96113204956055,1031.323974609375,Speed set to: SLOW
2025-05-26 16:16:28.869,9.744099617004395,-4.235099792480469,-38.96113204956055,1031.323974609375,Speed set to: SLOW
2025-05-26 16:16:29.869,9.744099617004395,-4.235099792480469,-38.96113204956055,1031.323974609375,Speed set to: SLOW
2025-05-26 16:16:30.869,9.744099617004395,-4.235099792480469,-38.96113204956055,1031.323974609375,Speed set to: SLOW
2025-05-26 16:16:31.869,9.744099617004395,-4.235099792480469,-38.96113204956055,1031.323974609375,Speed set to: SLOW
None,None,None,None,None,
2025-05-26 17:45:44.881,8.657899856567383,-2.873500108718872,-37.83240509033203,2864.7890625,Data logging started
2025-05-26 17:45:45.880,8.657899856567383,-2.873500108718872,-37.83240509033203,2864.7890625,Data logging started
2025-05-26 17:45:46.880,8.657899856567383,-2.873500108718872,-37.83240509033203,2864.7890625,Data logging started
2025-05-26 17:45:47.880,8.657899856567383,-2.873500108718872,-37.83240509033203,2864.7890625,Data logging started
2025-05-26 17:45:48.880,8.657899856567383,-2.873500108718872,-37.83240509033203,2864.7890625,Data logging started
2025-05-26 17:45:49.880,8.657899856567383,-2.873500108718872,-37.83240509033203,2864.7890625,Data logging started
2025-05-26 17:45:50.880,8.657899856567383,-2.873500108718872,-37.83240509033203,2864.7890625,Data logging started
2025-05-26 17:45:51.880,8.657899856567383,-2.873500108718872,-37.83240509033203,2864.7890625,Data logging started
2025-05-26 17:45:52.880,8.657899856567383,-2.873500108718872,-37.83240509033203,2864.7890625,Data logging started
2025-05-26 17:45:53.880,8.657899856567383,-2.873500108718872,-37.83240509033203,2864.7890625,Data logging started
2025-05-26 17:45:54.880,8.657899856567383,-2.873500108718872,-37.83240509033203,2864.7890625,Data logging started
2025-05-26 17:45:55.880,8.657899856567383,-2.873500108718872,-37.83240509033203,2864.7890625,Data logging started
2025-05-26 17:45:56.880,8.657899856567383,-2.873500108718872,-37.83240509033203,2864.7890625,Data logging started
2025-05-26 17:45:57.880,8.657899856567383,-2.873500108718872,-37.83240509033203,2864.7890625,Data logging started
2025-05-26 17:45:58.880,8.657899856567383,-2.873500108718872,-37.83240509033203,2864.7890625,Data logging started
2025-05-26 17:45:59.880,8.657899856567383,-2.873500108718872,-37.83240509033203,2864.7890625,Data logging started
2025-05-26 17:46:00.880,8.657899856567383,-2.873500108718872,-37.83240509033203,2864.7890625,Data logging started
2025-05-26 17:46:01.880,8.657899856567383,-2.873500108718872,-37.83240509033203,2864.7890625,Data logging started
2025-05-26 17:46:02.880,8.657899856567383,-2.873500108718872,-37.83240509033203,2864.7890625,Data logging started
2025-05-26 17:46:03.880,8.657899856567383,-2.873500108718872,-37.83240509033203,2864.7890625,Data logging started
2025-05-26 17:46:04.880,8.657899856567383,-2.873500108718872,-37.83240509033203,2864.7890625,Data logging started
2025-05-26 17:46:05.880,8.657899856567383,-2.873500108718872,-37.83240509033203,2864.7890625,Data logging started
2025-05-26 17:46:06.880,8.657899856567383,-2.873500108718872,-37.83240509033203,2864.7890625,Data logging started
2025-05-26 17:46:07.880,8.657899856567383,-2.873500108718872,-37.83240509033203,2864.7890625,Data logging started
2025-05-26 17:46:08.880,8.657899856567383,-2.873500108718872,-37.83240509033203,2864.7890625,Data logging started
2025-05-26 17:46:09.880,8.657899856567383,-2.873500108718872,-37.83240509033203,2864.7890625,Data logging started
2025-05-26 17:46:10.880,8.657899856567383,-2.873500108718872,-37.83240509033203,2864.7890625,Data logging started
2025-05-26 17:46:11.880,8.657899856567383,-2.873500108718872,-37.83240509033203,2864.7890625,Data logging started
2025-05-26 17:46:12.880,8.657899856567383,-2.873500108718872,-37.83240509033203,2864.7890625,Data logging started
2025-05-26 17:46:13.880,8.657899856567383,-2.873500108718872,-37.83240509033203,2864.7890625,Data logging started
2025-05-26 17:46:14.880,8.657899856567383,-2.873500108718872,-37.83240509033203,2864.7890625,Data logging started
2025-05-26 17:46:15.880,8.657899856567383,-2.873500108718872,-37.83240509033203,2864.7890625,Data logging started
2025-05-26 17:46:16.880,8.657899856567383,-2.873500108718872,-37.83240509033203,2864.7890625,Data logging started
2025-05-26 17:46:17.880,8.657899856567383,-2.873500108718872,-37.83240509033203,2864.7890625,Data logging started
2025-05-26 17:46:18.880,8.657899856567383,-2.873500108718872,-37.83240509033203,2864.7890625,Data logging started
2025-05-26 17:46:19.880,8.657899856567383,-2.873500108718872,-37.83240509033203,2864.7890625,Data logging started
2025-05-26 17:46:20.880,8.657899856567383,-2.873500108718872,-37.83240509033203,2864.7890625,Data logging started
2025-05-26 17:46:21.880,8.657899856567383,-2.873500108718872,-37.83240509033203,2864.7890625,Data logging started
2025-05-26 17:46:22.880,8.657899856567383,-2.873500108718872,-37.83240509033203,2864.7890625,Data logging started
2025-05-26 17:46:23.880,8.657899856567383,-2.873500108718872,-37.83240509033203,2864.7890625,Data logging started
2025-05-26 17:46:24.880,8.657899856567383,-2.873500108718872,-37.83240509033203,2864.7890625,Data logging started
2025-05-26 17:46:25.880,8.657899856567383,-2.873500108718872,-37.83240509033203,2864.7890625,Data logging started
2025-05-26 17:46:26.880,8.657899856567383,-2.873500108718872,-37.83240509033203,2864.7890625,Data logging started
2025-05-26 17:46:27.880,8.657899856567383,-2.873500108718872,-37.83240509033203,2864.7890625,Data logging started
2025-05-26 17:46:28.880,8.657899856567383,-2.873500108718872,-37.83240509033203,2864.7890625,Data logging started
2025-05-26 17:46:29.880,8.657899856567383,-2.873500108718872,-37.83240509033203,2864.7890625,Data logging started
2025-05-26 17:46:30.880,8.657899856567383,-2.873500108718872,-37.83240509033203,2864.7890625,Data logging started
2025-05-26 17:46:31.880,8.657899856567383,-2.873500108718872,-37.83240509033203,2864.7890625,Data logging started
2025-05-26 17:46:32.880,8.657899856567383,-2.873500108718872,-37.83240509033203,2864.7890625,Data logging started
2025-05-26 17:46:33.880,8.657899856567383,-2.873500108718872,-37.83240509033203,2864.7890625,Data logging started
2025-05-26 17:46:34.880,8.657899856567383,-2.873500108718872,-37.83240509033203,2864.7890625,Data logging started
2025-05-26 17:46:35.880,8.657899856567383,-2.873500108718872,-37.83240509033203,2864.7890625,Data logging started
2025-05-26 17:46:36.880,8.657899856567383,-2.873500108718872,-37.83240509033203,2864.7890625,Data logging started
2025-05-26 17:46:37.880,8.657899856567383,-2.873500108718872,-37.83240509033203,2864.7890625,Data logging started
2025-05-26 17:46:38.880,8.657899856567383,-2.873500108718872,-37.83240509033203,2864.7890625,Data logging started
2025-05-26 17:46:39.880,8.657899856567383,-2.873500108718872,-37.83240509033203,2864.7890625,Data logging started
2025-05-26 17:46:40.880,8.657899856567383,-2.873500108718872,-37.83240509033203,2864.7890625,Data logging started
2025-05-26 17:46:41.880,8.657899856567383,-2.873500108718872,-37.83240509033203,2864.7890625,Data logging started
2025-05-26 17:46:42.880,8.657899856567383,-2.873500108718872,-37.83240509033203,2864.7890625,Data logging started
2025-05-26 17:46:43.880,8.657899856567383,-2.873500108718872,-37.83240509033203,2864.7890625,Data logging started
2025-05-26 17:46:44.880,8.657899856567383,-2.873500108718872,-37.83240509033203,2864.7890625,Data logging started
2025-05-26 17:46:45.880,8.657899856567383,-2.873500108718872,-37.83240509033203,2864.7890625,Data logging started
2025-05-26 17:46:46.881,8.657899856567383,-2.873500108718872,-37.83240509033203,2864.7890625,Data logging started
2025-05-26 17:46:47.881,8.657899856567383,-2.873500108718872,-37.83240509033203,2864.7890625,Data logging started
2025-05-26 17:46:48.880,8.657899856567383,-2.873500108718872,-37.83240509033203,2864.7890625,Data logging started
2025-05-26 17:46:49.880,8.657899856567383,-2.873500108718872,-37.83240509033203,2864.7890625,Data logging started
2025-05-26 17:46:50.880,8.657899856567383,-2.873500108718872,-37.83240509033203,2864.7890625,Data logging started
2025-05-26 17:46:51.880,8.657899856567383,-2.873500108718872,-37.83240509033203,2864.7890625,Data logging started
2025-05-26 17:46:52.880,8.657899856567383,-2.873500108718872,-37.83240509033203,2864.7890625,Data logging started
2025-05-26 17:46:53.880,8.657899856567383,-2.873500108718872,-37.83240509033203,2864.7890625,Data logging started
2025-05-26 17:46:54.880,8.657899856567383,-2.873500108718872,-37.83240509033203,2864.7890625,Data logging started
2025-05-26 17:46:55.880,8.657899856567383,-2.873500108718872,-37.83240509033203,2864.7890625,Data logging started
2025-05-26 17:46:56.880,8.657899856567383,-2.873500108718872,-37.83240509033203,2864.7890625,Data logging started
2025-05-26 17:46:57.880,8.657899856567383,-2.873500108718872,-37.83240509033203,2864.7890625,Data logging started
2025-05-26 17:46:58.880,8.657899856567383,-2.873500108718872,-37.83240509033203,2864.7890625,Data logging started
2025-05-26 17:46:59.880,8.657899856567383,-2.873500108718872,-37.83240509033203,2864.7890625,Data logging started
2025-05-26 17:47:00.880,8.657899856567383,-2.873500108718872,-37.83240509033203,2864.7890625,Data logging started
2025-05-26 17:47:01.880,8.657899856567383,-2.873500108718872,-37.83240509033203,2864.7890625,Data logging started
2025-05-26 17:47:02.880,8.657899856567383,-2.873500108718872,-37.83240509033203,2864.7890625,Data logging started
2025-05-26 17:47:03.880,8.657899856567383,-2.873500108718872,-37.83240509033203,2864.7890625,Data logging started
2025-05-26 17:47:04.880,8.657899856567383,-2.873500108718872,-37.83240509033203,2864.7890625,Data logging started
2025-05-26 17:47:05.880,8.657899856567383,-2.873500108718872,-37.83240509033203,2864.7890625,Data logging started
2025-05-26 17:47:06.880,8.657899856567383,-2.873500108718872,-37.83240509033203,2864.7890625,Data logging started
2025-05-26 17:47:07.880,8.657899856567383,-2.873500108718872,-37.83240509033203,2864.7890625,Data logging started
2025-05-26 17:47:08.880,8.657899856567383,-2.873500108718872,-37.83240509033203,2864.7890625,Data logging started
2025-05-26 17:47:09.880,8.657899856567383,-2.873500108718872,-37.83240509033203,2864.7890625,Data logging started
2025-05-26 17:47:10.880,8.657899856567383,-2.873500108718872,-37.83240509033203,2864.7890625,Data logging started
2025-05-26 17:47:11.880,8.657899856567383,-2.873500108718872,-37.83240509033203,2864.7890625,Data logging started
2025-05-26 17:47:12.880,8.657899856567383,-2.873500108718872,-37.83240509033203,2864.7890625,Data logging started
2025-05-26 17:47:13.880,8.657899856567383,-2.873500108718872,-37.83240509033203,2864.7890625,Data logging started
2025-05-26 17:47:14.880,8.657899856567383,-2.873500108718872,-37.83240509033203,2864.7890625,Data logging started
2025-05-26 17:47:15.880,8.657899856567383,-2.873500108718872,-37.83240509033203,2864.7890625,Data logging started
2025-05-26 17:47:16.880,8.657899856567383,-2.873500108718872,-37.83240509033203,2864.7890625,Data logging started
2025-05-26 17:47:17.880,8.657899856567383,-2.873500108718872,-37.83240509033203,2864.7890625,Data logging started
2025-05-26 17:47:18.880,8.657899856567383,-2.873500108718872,-37.83240509033203,2864.7890625,Data logging started
2025-05-26 17:47:19.880,8.657899856567383,-2.873500108718872,-37.83240509033203,2864.7890625,Data logging started
2025-05-26 17:47:20.880,8.657899856567383,-2.873500108718872,-37.83240509033203,2864.7890625,Data logging started
2025-05-26 17:47:21.880,8.657899856567383,-2.873500108718872,-37.83240509033203,2864.7890625,Data logging started
2025-05-26 17:47:22.880,8.657899856567383,-2.873500108718872,-37.83240509033203,2864.7890625,Data logging started
2025-05-26 17:47:23.880,8.657899856567383,-2.873500108718872,-37.83240509033203,2864.7890625,Data logging started
2025-05-26 17:47:24.880,8.657899856567383,-2.873500108718872,-37.83240509033203,2864.7890625,Data logging started
2025-05-26 17:47:25.880,8.657899856567383,-2.873500108718872,-37.83240509033203,2864.7890625,Data logging started
2025-05-26 17:47:26.880,8.657899856567383,-2.873500108718872,-37.83240509033203,2864.7890625,Data logging started
2025-05-26 17:47:27.880,8.657899856567383,-2.873500108718872,-37.83240509033203,2864.7890625,Data logging started
2025-05-26 17:47:28.880,8.657899856567383,-2.873500108718872,-37.83240509033203,2864.7890625,Data logging started
2025-05-26 17:47:29.880,8.657899856567383,-2.873500108718872,-37.83240509033203,2864.7890625,Data logging started
2025-05-26 17:47:30.880,8.657899856567383,-2.873500108718872,-37.83240509033203,2864.7890625,Data logging started
2025-05-26 17:47:31.880,8.657899856567383,-2.873500108718872,-37.83240509033203,2864.7890625,Data logging started
2025-05-26 17:47:32.880,8.657899856567383,-2.873500108718872,-37.83240509033203,2864.7890625,Data logging started
2025-05-26 17:47:33.880,8.657899856567383,-2.873500108718872,-37.83240509033203,2864.7890625,Data logging started
2025-05-26 17:47:34.880,8.657899856567383,-2.873500108718872,-37.83240509033203,2864.7890625,Data logging started
2025-05-26 17:47:35.880,8.657899856567383,-2.873500108718872,-37.83240509033203,2864.7890625,Data logging started
2025-05-26 17:47:36.880,8.657899856567383,-2.873500108718872,-37.83240509033203,2864.7890625,Data logging started
2025-05-26 17:47:37.880,8.657899856567383,-2.873500108718872,-37.83240509033203,2864.7890625,Data logging started
2025-05-26 17:47:38.880,8.657899856567383,-2.873500108718872,-37.83240509033203,2864.7890625,Data logging started
2025-05-26 17:47:39.880,8.657899856567383,-2.873500108718872,-37.83240509033203,2864.7890625,Data logging started
2025-05-26 17:47:40.880,8.657899856567383,-2.873500108718872,-37.83240509033203,2864.7890625,Data logging started
2025-05-26 17:47:41.880,8.657899856567383,-2.873500108718872,-37.83240509033203,2864.7890625,Data logging started
2025-05-26 17:47:42.880,8.657899856567383,-2.873500108718872,-37.83240509033203,2864.7890625,Data logging started
2025-05-26 17:47:43.880,8.657899856567383,-2.873500108718872,-37.83240509033203,2864.7890625,Data logging started
2025-05-26 17:47:44.880,8.657899856567383,-2.873500108718872,-37.83240509033203,2864.7890625,Data logging started
2025-05-26 17:47:45.880,8.657899856567383,-2.873500108718872,-37.83240509033203,2864.7890625,Data logging started
2025-05-26 17:47:46.880,8.657899856567383,-2.873500108718872,-37.83240509033203,2864.7890625,Data logging started
2025-05-26 17:47:47.880,8.657899856567383,-2.873500108718872,-37.83240509033203,2864.7890625,Data logging started
2025-05-26 17:47:48.880,8.657899856567383,-2.873500108718872,-37.83240509033203,2864.7890625,Data logging started
2025-05-26 17:47:49.880,8.657899856567383,-2.873500108718872,-37.83240509033203,2864.7890625,Data logging started
2025-05-26 17:47:50.880,8.657899856567383,-2.873500108718872,-37.83240509033203,2864.7890625,Data logging started
2025-05-26 17:47:51.881,8.657899856567383,-2.873500108718872,-37.83240509033203,2864.7890625,Data logging started
2025-05-26 17:47:52.881,8.657899856567383,-2.873500108718872,-37.83240509033203,2864.7890625,Data logging started
2025-05-26 17:47:53.881,8.657899856567383,-2.873500108718872,-37.83240509033203,2864.7890625,Data logging started
2025-05-26 17:47:54.880,8.657899856567383,-2.873500108718872,-37.83240509033203,2864.7890625,Data logging started
2025-05-26 17:47:55.880,8.657899856567383,-2.873500108718872,-37.83240509033203,2864.7890625,Data logging started
2025-05-26 17:47:56.881,8.657899856567383,-2.873500108718872,-37.83240509033203,2864.7890625,Data logging started
2025-05-26 17:47:57.881,8.657899856567383,-2.873500108718872,-37.83240509033203,2864.7890625,Data logging started
2025-05-26 17:47:58.880,8.657899856567383,-2.873500108718872,-37.83240509033203,2864.7890625,Data logging started
2025-05-26 17:47:59.880,8.657899856567383,-2.873500108718872,-37.83240509033203,2864.7890625,Data logging started
2025-05-26 17:48:00.880,8.657899856567383,-2.873500108718872,-37.83240509033203,2864.7890625,Data logging started
2025-05-26 17:48:01.880,8.657899856567383,-2.873500108718872,-37.83240509033203,2864.7890625,Data logging started
2025-05-26 17:48:02.880,8.657899856567383,-2.873500108718872,-37.83240509033203,2864.7890625,Data logging started
2025-05-26 17:48:03.880,8.657899856567383,-2.873500108718872,-37.83240509033203,2864.7890625,Data logging started
2025-05-26 17:48:04.880,8.657899856567383,-2.873500108718872,-37.83240509033203,2864.7890625,Data logging started
2025-05-26 17:48:05.880,8.657899856567383,-2.873500108718872,-37.83240509033203,2864.7890625,Data logging started
2025-05-26 17:48:06.880,8.657899856567383,-2.873500108718872,-37.83240509033203,2864.7890625,Data logging started
2025-05-26 17:48:07.880,8.657899856567383,-2.873500108718872,-37.83240509033203,2864.7890625,Data logging started
2025-05-26 17:48:08.880,8.657899856567383,-2.873500108718872,-37.83240509033203,2864.7890625,Data logging started
2025-05-26 17:48:09.880,8.657899856567383,-2.873500108718872,-37.83240509033203,2864.7890625,Data logging started
2025-05-26 17:48:10.880,8.657899856567383,-2.873500108718872,-37.83240509033203,2864.7890625,Data logging started
2025-05-26 17:48:11.880,8.657899856567383,-2.873500108718872,-37.83240509033203,2864.7890625,Data logging started
2025-05-26 17:48:12.880,8.657899856567383,-2.873500108718872,-37.83240509033203,2864.7890625,Data logging started
2025-05-26 17:48:13.880,8.657899856567383,-2.873500108718872,-37.83240509033203,2864.7890625,Data logging started
2025-05-26 17:48:14.880,8.657899856567383,-2.873500108718872,-37.83240509033203,2864.7890625,Data logging started
2025-05-26 17:48:15.880,8.657899856567383,-2.873500108718872,-37.83240509033203,2864.7890625,Data logging started
2025-05-26 17:48:16.880,8.657899856567383,-2.873500108718872,-37.83240509033203,2864.7890625,Data logging started
2025-05-26 17:48:17.880,8.657899856567383,-2.873500108718872,-37.83240509033203,2864.7890625,Data logging started
2025-05-26 17:48:18.880,8.657899856567383,-2.873500108718872,-37.83240509033203,2864.7890625,Data logging started
2025-05-26 17:48:19.880,8.657899856567383,-2.873500108718872,-37.83240509033203,2864.7890625,Data logging started
2025-05-26 17:48:20.880,8.657899856567383,-2.873500108718872,-37.83240509033203,2864.7890625,Data logging started
2025-05-26 17:48:21.880,8.657899856567383,-2.873500108718872,-37.83240509033203,2864.7890625,Data logging started
2025-05-26 17:48:22.880,8.657899856567383,-2.873500108718872,-37.83240509033203,2864.7890625,Data logging started
2025-05-26 17:48:23.880,8.657899856567383,-2.873500108718872,-37.83240509033203,2864.7890625,Data logging started
2025-05-26 17:48:24.880,8.657899856567383,-2.873500108718872,-37.83240509033203,2864.7890625,Data logging started
2025-05-26 17:48:25.880,8.657899856567383,-2.873500108718872,-37.83240509033203,2864.7890625,Data logging started
2025-05-26 17:48:26.880,8.657899856567383,-2.873500108718872,-37.83240509033203,2864.7890625,Data logging started
2025-05-26 17:48:27.880,8.657899856567383,-2.873500108718872,-37.83240509033203,2864.7890625,Data logging started
2025-05-26 17:48:28.880,8.657899856567383,-2.873500108718872,-37.83240509033203,2864.7890625,Data logging started
2025-05-26 17:48:29.880,8.657899856567383,-2.873500108718872,-37.83240509033203,2864.7890625,Data logging started
2025-05-26 17:48:30.880,8.657899856567383,-2.873500108718872,-37.83240509033203,2864.7890625,Data logging started
2025-05-26 17:48:31.880,8.657899856567383,-2.873500108718872,-37.83240509033203,2864.7890625,Data logging started
2025-05-26 17:48:32.880,8.657899856567383,-2.873500108718872,-37.83240509033203,2864.7890625,Data logging started
2025-05-26 17:48:33.880,8.657899856567383,-2.873500108718872,-37.83240509033203,2864.7890625,Data logging started
2025-05-26 17:48:34.880,8.657899856567383,-2.873500108718872,-37.83240509033203,2864.7890625,Data logging started
2025-05-26 17:48:35.880,8.657899856567383,-2.873500108718872,-37.83240509033203,2864.7890625,Data logging started
2025-05-26 17:48:36.880,8.657899856567383,-2.873500108718872,-37.83240509033203,2864.7890625,Data logging started
2025-05-26 17:48:37.880,8.657899856567383,-2.873500108718872,-37.83240509033203,2864.7890625,Data logging started
2025-05-26 17:48:38.880,8.657899856567383,-2.873500108718872,-37.83240509033203,2864.7890625,Data logging started
2025-05-26 17:48:39.880,8.657899856567383,-2.873500108718872,-37.83240509033203,2864.7890625,Data logging started
2025-05-26 17:48:40.880,8.657899856567383,-2.873500108718872,-37.83240509033203,2864.7890625,Data logging started
2025-05-26 17:48:41.880,8.657899856567383,-2.873500108718872,-37.83240509033203,2864.7890625,Data logging started
2025-05-26 17:48:42.880,8.657899856567383,-2.873500108718872,-37.83240509033203,2864.7890625,Data logging started
2025-05-26 17:48:43.880,8.657899856567383,-2.873500108718872,-37.83240509033203,2864.7890625,Data logging started
2025-05-26 17:48:44.880,8.657899856567383,-2.873500108718872,-37.83240509033203,2864.7890625,Data logging started
2025-05-26 17:48:45.880,8.657899856567383,-2.873500108718872,-37.83240509033203,2864.7890625,Data logging started
2025-05-26 17:48:46.880,8.657899856567383,-2.873500108718872,-37.83240509033203,2864.7890625,Data logging started
2025-05-26 17:48:47.880,8.657899856567383,-2.873500108718872,-37.83240509033203,2864.7890625,Data logging started
2025-05-26 17:48:48.880,8.657899856567383,-2.873500108718872,-37.83240509033203,2864.7890625,Data logging started
2025-05-26 17:48:49.880,8.657899856567383,-2.873500108718872,-37.83240509033203,2864.7890625,Data logging started
2025-05-26 17:48:50.880,8.657899856567383,-2.873500108718872,-37.83240509033203,2864.7890625,Data logging started
2025-05-26 17:48:51.880,8.657899856567383,-2.873500108718872,-37.83240509033203,2864.7890625,Data logging started
2025-05-26 17:48:52.880,8.657899856567383,-2.873500108718872,-37.83240509033203,2864.7890625,Data logging started
2025-05-26 17:48:53.880,8.657899856567383,-2.873500108718872,-37.83240509033203,2864.7890625,Data logging started
2025-05-26 17:48:54.880,8.657899856567383,-2.873500108718872,-37.83240509033203,2864.7890625,Data logging started
2025-05-26 17:48:55.880,8.657899856567383,-2.873500108718872,-37.83240509033203,2864.7890625,Data logging started
2025-05-26 17:48:56.880,8.657899856567383,-2.873500108718872,-37.83240509033203,2864.7890625,Data logging started
2025-05-26 17:48:57.880,8.657899856567383,-2.873500108718872,-37.83240509033203,2864.7890625,Data logging started
2025-05-26 17:48:58.880,8.657899856567383,-2.873500108718872,-37.83240509033203,2864.7890625,Data logging started
2025-05-26 17:48:59.880,8.657899856567383,-2.873500108718872,-37.83240509033203,2864.7890625,Data logging started
2025-05-26 17:49:00.881,8.657899856567383,-2.873500108718872,-37.83240509033203,2864.7890625,Data logging started
2025-05-26 17:49:01.881,8.657899856567383,-2.873500108718872,-37.83240509033203,2864.7890625,Data logging started
2025-05-26 17:49:02.881,8.657899856567383,-2.873500108718872,-37.83240509033203,2864.7890625,Data logging started
2025-05-26 17:49:03.881,8.657899856567383,-2.873500108718872,-37.83240509033203,2864.7890625,Data logging started
2025-05-26 17:49:04.880,8.657899856567383,-2.873500108718872,-37.83240509033203,2864.7890625,Data logging started
2025-05-26 17:49:05.880,8.657899856567383,-2.873500108718872,-37.83240509033203,2864.7890625,Data logging started
2025-05-26 17:49:06.881,8.657899856567383,-2.873500108718872,-37.83240509033203,2864.7890625,Data logging started
2025-05-26 17:49:07.881,8.657899856567383,-2.873500108718872,-37.83240509033203,2864.7890625,Data logging started
2025-05-26 17:49:08.880,8.657899856567383,-2.873500108718872,-37.83240509033203,2864.7890625,Data logging started
2025-05-26 17:49:09.880,8.657899856567383,-2.873500108718872,-37.83240509033203,2864.7890625,Data logging started
2025-05-26 17:49:10.880,8.657899856567383,-2.873500108718872,-37.83240509033203,2864.7890625,Data logging started
2025-05-26 17:49:11.880,8.657899856567383,-2.873500108718872,-37.83240509033203,2864.7890625,Data logging started
2025-05-26 17:49:12.880,8.657899856567383,-2.873500108718872,-37.83240509033203,2864.7890625,Data logging started
2025-05-26 17:49:13.880,8.657899856567383,-2.873500108718872,-37.83240509033203,2864.7890625,Data logging started
2025-05-26 17:49:14.880,8.657899856567383,-2.873500108718872,-37.83240509033203,2864.7890625,Data logging started
2025-05-26 17:49:15.880,8.657899856567383,-2.873500108718872,-37.83240509033203,2864.7890625,Data logging started
2025-05-26 17:49:16.880,8.657899856567383,-2.873500108718872,-37.83240509033203,2864.7890625,Data logging started
2025-05-26 17:49:17.880,8.657899856567383,-2.873500108718872,-37.83240509033203,2864.7890625,Data logging started
2025-05-26 17:49:18.880,8.657899856567383,-2.873500108718872,-37.83240509033203,2864.7890625,Data logging started
2025-05-26 17:49:19.880,8.657899856567383,-2.873500108718872,-37.83240509033203,2864.7890625,Data logging started
2025-05-26 17:49:20.880,8.657899856567383,-2.873500108718872,-37.83240509033203,2864.7890625,Data logging started
2025-05-26 17:49:21.880,8.657899856567383,-2.873500108718872,-37.83240509033203,2864.7890625,Data logging started
2025-05-26 17:49:22.880,8.657899856567383,-2.873500108718872,-37.83240509033203,2864.7890625,Data logging started
2025-05-26 17:49:23.880,8.657899856567383,-2.873500108718872,-37.83240509033203,2864.7890625,Data logging started
2025-05-26 17:49:24.880,8.657899856567383,-2.873500108718872,-37.83240509033203,2864.7890625,Data logging started
2025-05-26 17:49:25.880,8.657899856567383,-2.873500108718872,-37.83240509033203,2864.7890625,Data logging started
2025-05-26 17:49:26.880,8.657899856567383,-2.873500108718872,-37.83240509033203,2864.7890625,Data logging started
2025-05-26 17:49:27.880,8.657899856567383,-2.873500108718872,-37.83240509033203,2864.7890625,Data logging started
2025-05-26 17:49:28.880,8.657899856567383,-2.873500108718872,-37.83240509033203,2864.7890625,Data logging started
2025-05-26 17:49:29.880,8.657899856567383,-2.873500108718872,-37.83240509033203,2864.7890625,Data logging started
2025-05-26 17:49:30.880,8.657899856567383,-2.873500108718872,-37.83240509033203,2864.7890625,Data logging started
2025-05-26 17:49:31.880,8.657899856567383,-2.873500108718872,-37.83240509033203,2864.7890625,Data logging started
2025-05-26 17:49:32.880,8.657899856567383,-2.873500108718872,-37.83240509033203,2864.7890625,Data logging started
2025-05-26 17:49:33.880,8.657899856567383,-2.873500108718872,-37.83240509033203,2864.7890625,Data logging started
2025-05-26 17:49:34.880,8.657899856567383,-2.873500108718872,-37.83240509033203,2864.7890625,Data logging started
2025-05-26 17:49:35.880,8.657899856567383,-2.873500108718872,-37.83240509033203,2864.7890625,Data logging started
2025-05-26 17:49:36.880,8.657899856567383,-2.873500108718872,-37.83240509033203,2864.7890625,Data logging started
2025-05-26 17:49:37.880,8.657899856567383,-2.873500108718872,-37.83240509033203,2864.7890625,Data logging started
2025-05-26 17:49:38.880,8.657899856567383,-2.873500108718872,-37.83240509033203,2864.7890625,Data logging started
2025-05-26 17:49:39.880,8.657899856567383,-2.873500108718872,-37.83240509033203,2864.7890625,Data logging started
2025-05-26 17:49:40.880,8.657899856567383,-2.873500108718872,-37.83240509033203,2864.7890625,Data logging started
2025-05-26 17:49:41.880,8.657899856567383,-2.873500108718872,-37.83240509033203,2864.7890625,Data logging started
2025-05-26 17:49:42.880,8.657899856567383,-2.873500108718872,-37.83240509033203,2864.7890625,Data logging started
2025-05-26 17:49:43.880,8.657899856567383,-2.873500108718872,-37.83240509033203,2864.7890625,Data logging started
2025-05-26 17:49:44.880,8.657899856567383,-2.873500108718872,-37.83240509033203,2864.7890625,Data logging started
2025-05-26 17:49:45.880,8.657899856567383,-2.873500108718872,-37.83240509033203,2864.7890625,Data logging started
2025-05-26 17:49:46.880,8.657899856567383,-2.873500108718872,-37.83240509033203,2864.7890625,Data logging started
2025-05-26 17:49:47.880,8.657899856567383,-2.873500108718872,-37.83240509033203,2864.7890625,Data logging started
2025-05-26 17:49:48.880,8.657899856567383,-2.873500108718872,-37.83240509033203,2864.7890625,Data logging started
2025-05-26 17:49:49.880,8.657899856567383,-2.873500108718872,-37.83240509033203,2864.7890625,Data logging started
2025-05-26 17:49:50.880,8.657899856567383,-2.873500108718872,-37.83240509033203,2864.7890625,Data logging started
2025-05-26 17:49:51.880,8.657899856567383,-2.873500108718872,-37.83240509033203,2864.7890625,Data logging started
2025-05-26 17:49:52.880,8.657899856567383,-2.873500108718872,-37.83240509033203,2864.7890625,Data logging started
2025-05-26 17:49:53.880,8.657899856567383,-2.873500108718872,-37.83240509033203,2864.7890625,Data logging started
2025-05-26 17:49:54.880,8.657899856567383,-2.873500108718872,-37.83240509033203,2864.7890625,Data logging started
2025-05-26 17:49:55.880,8.657899856567383,-2.873500108718872,-37.83240509033203,2864.7890625,Data logging started
2025-05-26 17:49:56.880,8.657899856567383,-2.873500108718872,-37.83240509033203,2864.7890625,Data logging started
2025-05-26 17:49:57.880,8.657899856567383,-2.873500108718872,-37.83240509033203,2864.7890625,Data logging started
2025-05-26 17:49:58.880,8.657899856567383,-2.873500108718872,-37.83240509033203,2864.7890625,Data logging started
2025-05-26 17:49:59.880,8.657899856567383,-2.873500108718872,-37.83240509033203,2864.7890625,Data logging started
2025-05-26 17:50:00.880,8.657899856567383,-2.873500108718872,-37.83240509033203,2864.7890625,Data logging started
2025-05-26 17:50:01.880,8.657899856567383,-2.873500108718872,-37.83240509033203,2864.7890625,Data logging started
2025-05-26 17:50:02.880,8.657899856567383,-2.873500108718872,-37.83240509033203,2864.7890625,Data logging started
2025-05-26 17:50:03.880,8.657899856567383,-2.873500108718872,-37.83240509033203,2864.7890625,Data logging started
2025-05-26 17:50:04.880,8.657899856567383,-2.873500108718872,-37.83240509033203,2864.7890625,Data logging started
2025-05-26 17:50:05.880,8.657899856567383,-2.873500108718872,-37.83240509033203,2864.7890625,Data logging started
2025-05-26 17:50:06.880,8.657899856567383,-2.873500108718872,-37.83240509033203,2864.7890625,Data logging started
2025-05-26 17:50:07.880,8.657899856567383,-2.873500108718872,-37.83240509033203,2864.7890625,Data logging started
2025-05-26 17:50:08.880,8.657899856567383,-2.873500108718872,-37.83240509033203,2864.7890625,Data logging started
2025-05-26 17:50:09.880,8.657899856567383,-2.873500108718872,-37.83240509033203,2864.7890625,Data logging started
2025-05-26 17:50:10.880,8.657899856567383,-2.873500108718872,-37.83240509033203,2864.7890625,Data logging started
2025-05-26 17:50:11.881,8.657899856567383,-2.873500108718872,-37.83240509033203,2864.7890625,Data logging started
2025-05-26 17:50:12.881,8.657899856567383,-2.873500108718872,-37.83240509033203,2864.7890625,Data logging started
2025-05-26 17:50:13.881,8.657899856567383,-2.873500108718872,-37.83240509033203,2864.7890625,Data logging started
2025-05-26 17:50:14.880,8.657899856567383,-2.873500108718872,-37.83240509033203,2864.7890625,Data logging started
2025-05-26 17:50:15.881,8.657899856567383,-2.873500108718872,-37.83240509033203,2864.7890625,Data logging started
2025-05-26 17:50:16.881,8.657899856567383,-2.873500108718872,-37.83240509033203,2864.7890625,Data logging started
2025-05-26 17:50:17.881,8.657899856567383,-2.873500108718872,-37.83240509033203,2864.7890625,Data logging started
2025-05-26 17:50:18.880,8.657899856567383,-2.873500108718872,-37.83240509033203,2864.7890625,Data logging started
2025-05-26 17:50:19.880,8.657899856567383,-2.873500108718872,-37.83240509033203,2864.7890625,Data logging started
2025-05-26 17:50:20.880,8.657899856567383,-2.873500108718872,-37.83240509033203,2864.7890625,Data logging started
2025-05-26 17:50:21.880,8.657899856567383,-2.873500108718872,-37.83240509033203,2864.7890625,Data logging started
2025-05-26 17:50:22.880,8.657899856567383,-2.873500108718872,-37.83240509033203,2864.7890625,Data logging started
2025-05-26 17:50:23.880,8.657899856567383,-2.873500108718872,-37.83240509033203,2864.7890625,Data logging started
2025-05-26 17:50:24.880,8.657899856567383,-2.873500108718872,-37.83240509033203,2864.7890625,Data logging started
2025-05-26 17:50:25.880,8.657899856567383,-2.873500108718872,-37.83240509033203,2864.7890625,Data logging started
2025-05-26 17:50:26.880,8.657899856567383,-2.873500108718872,-37.83240509033203,2864.7890625,Data logging started
2025-05-26 17:50:27.880,8.657899856567383,-2.873500108718872,-37.83240509033203,2864.7890625,Data logging started
2025-05-26 17:50:28.880,8.657899856567383,-2.873500108718872,-37.83240509033203,2864.7890625,Data logging started
2025-05-26 17:50:29.880,8.657899856567383,-2.873500108718872,-37.83240509033203,2864.7890625,Data logging started
2025-05-26 17:50:30.880,8.657899856567383,-2.873500108718872,-37.83240509033203,2864.7890625,Data logging started
2025-05-26 17:50:31.880,8.657899856567383,-2.873500108718872,-37.83240509033203,2864.7890625,Data logging started
2025-05-26 17:50:32.880,8.657899856567383,-2.873500108718872,-37.83240509033203,2864.7890625,Data logging started
2025-05-26 17:50:33.880,8.657899856567383,-2.873500108718872,-37.83240509033203,2864.7890625,Data logging started
2025-05-26 17:50:34.880,8.657899856567383,-2.873500108718872,-37.83240509033203,2864.7890625,Data logging started
2025-05-26 17:50:35.880,8.657899856567383,-2.873500108718872,-37.83240509033203,2864.7890625,Data logging started
2025-05-26 17:50:36.880,8.657899856567383,-2.873500108718872,-37.83240509033203,2864.7890625,Data logging started
2025-05-26 17:50:37.880,8.657899856567383,-2.873500108718872,-37.83240509033203,2864.7890625,Data logging started
2025-05-26 17:50:38.880,8.657899856567383,-2.873500108718872,-37.83240509033203,2864.7890625,Data logging started
2025-05-26 17:50:39.880,8.657899856567383,-2.873500108718872,-37.83240509033203,2864.7890625,Data logging started
2025-05-26 17:50:40.880,8.657899856567383,-2.873500108718872,-37.83240509033203,2864.7890625,Data logging started
2025-05-26 17:50:41.880,8.657899856567383,-2.873500108718872,-37.83240509033203,2864.7890625,Data logging started
2025-05-26 17:50:42.880,8.657899856567383,-2.873500108718872,-37.83240509033203,2864.7890625,Data logging started
2025-05-26 17:50:43.880,8.657899856567383,-2.873500108718872,-37.83240509033203,2864.7890625,Data logging started
2025-05-26 17:50:44.880,8.657899856567383,-2.873500108718872,-37.83240509033203,2864.7890625,Data logging started
2025-05-26 17:50:45.880,8.657899856567383,-2.873500108718872,-37.83240509033203,2864.7890625,Data logging started
2025-05-26 17:50:46.880,8.657899856567383,-2.873500108718872,-37.83240509033203,2864.7890625,Data logging started
2025-05-26 17:50:47.880,8.657899856567383,-2.873500108718872,-37.83240509033203,2864.7890625,Data logging started
2025-05-26 17:50:48.880,8.657899856567383,-2.873500108718872,-37.83240509033203,2864.7890625,Data logging started
2025-05-26 17:50:49.880,8.657899856567383,-2.873500108718872,-37.83240509033203,2864.7890625,Data logging started
2025-05-26 17:50:50.880,8.657899856567383,-2.873500108718872,-37.83240509033203,2864.7890625,Data logging started
2025-05-26 17:50:51.880,8.657899856567383,-2.873500108718872,-37.83240509033203,2864.7890625,Data logging started
2025-05-26 17:50:52.880,8.657899856567383,-2.873500108718872,-37.83240509033203,2864.7890625,Data logging started
2025-05-26 17:50:53.880,8.657899856567383,-2.873500108718872,-37.83240509033203,2864.7890625,Data logging started
2025-05-26 17:50:54.880,8.657899856567383,-2.873500108718872,-37.83240509033203,2864.7890625,Data logging started
2025-05-26 17:50:55.880,8.657899856567383,-2.873500108718872,-37.83240509033203,2864.7890625,Data logging started
2025-05-26 17:50:56.880,8.657899856567383,-2.873500108718872,-37.83240509033203,2864.7890625,Data logging started
2025-05-26 17:50:57.880,8.657899856567383,-2.873500108718872,-37.83240509033203,2864.7890625,Data logging started
2025-05-26 17:50:58.880,8.657899856567383,-2.873500108718872,-37.83240509033203,2864.7890625,Data logging started
2025-05-26 17:50:59.880,8.657899856567383,-2.873500108718872,-37.83240509033203,2864.7890625,Data logging started
2025-05-26 17:51:00.880,8.657899856567383,-2.873500108718872,-37.83240509033203,2864.7890625,Data logging started
2025-05-26 17:51:01.880,8.657899856567383,-2.873500108718872,-37.83240509033203,2864.7890625,Data logging started
2025-05-26 17:51:02.880,8.657899856567383,-2.873500108718872,-37.83240509033203,2864.7890625,Data logging started
2025-05-26 17:51:03.880,8.657899856567383,-2.873500108718872,-37.83240509033203,2864.7890625,Data logging started
2025-05-26 17:51:04.880,8.657899856567383,-2.873500108718872,-37.83240509033203,2864.7890625,Data logging started
2025-05-26 17:51:05.880,8.657899856567383,-2.873500108718872,-37.83240509033203,2864.7890625,Data logging started
2025-05-26 17:51:06.880,8.657899856567383,-2.873500108718872,-37.83240509033203,2864.7890625,Data logging started
2025-05-26 17:51:07.880,8.657899856567383,-2.873500108718872,-37.83240509033203,2864.7890625,Data logging started
2025-05-26 17:51:08.880,8.657899856567383,-2.873500108718872,-37.83240509033203,2864.7890625,Data logging started
2025-05-26 17:51:09.880,8.657899856567383,-2.873500108718872,-37.83240509033203,2864.7890625,Data logging started
2025-05-26 17:51:10.880,8.657899856567383,-2.873500108718872,-37.83240509033203,2864.7890625,Data logging started
2025-05-26 17:51:11.880,8.657899856567383,-2.873500108718872,-37.83240509033203,2864.7890625,Data logging started
2025-05-26 17:51:12.880,8.657899856567383,-2.873500108718872,-37.83240509033203,2864.7890625,Data logging started
2025-05-26 17:51:13.880,8.657899856567383,-2.873500108718872,-37.83240509033203,2864.7890625,Data logging started
2025-05-26 17:51:14.880,8.657899856567383,-2.873500108718872,-37.83240509033203,2864.7890625,Data logging started
2025-05-26 17:51:15.880,8.657899856567383,-2.873500108718872,-37.83240509033203,2864.7890625,Data logging started
2025-05-26 17:51:16.880,8.657899856567383,-2.873500108718872,-37.83240509033203,2864.7890625,Data logging started
2025-05-26 17:51:17.880,8.657899856567383,-2.873500108718872,-37.83240509033203,2864.7890625,Data logging started
2025-05-26 17:51:18.880,8.657899856567383,-2.873500108718872,-37.83240509033203,2864.7890625,Data logging started
2025-05-26 17:51:19.880,8.657899856567383,-2.873500108718872,-37.83240509033203,2864.7890625,Data logging started
2025-05-26 17:51:20.881,8.657899856567383,-2.873500108718872,-37.83240509033203,2864.7890625,Data logging started
2025-05-26 17:51:21.880,8.657899856567383,-2.873500108718872,-37.83240509033203,2864.7890625,Data logging started
2025-05-26 17:51:22.881,8.657899856567383,-2.873500108718872,-37.83240509033203,2864.7890625,Data logging started
2025-05-26 17:51:23.880,8.657899856567383,-2.873500108718872,-37.83240509033203,2864.7890625,Data logging started
2025-05-26 17:51:24.880,8.657899856567383,-2.873500108718872,-37.83240509033203,2864.7890625,Data logging started
2025-05-26 17:51:25.880,8.657899856567383,-2.873500108718872,-37.83240509033203,2864.7890625,Data logging started
2025-05-26 17:51:26.880,8.657899856567383,-2.873500108718872,-37.83240509033203,2864.7890625,Data logging started
2025-05-26 17:51:27.880,8.657899856567383,-2.873500108718872,-37.83240509033203,2864.7890625,Data logging started
2025-05-26 17:51:28.880,8.657899856567383,-2.873500108718872,-37.83240509033203,2864.7890625,Data logging started
2025-05-26 17:51:29.880,8.657899856567383,-2.873500108718872,-37.83240509033203,2864.7890625,Data logging started
2025-05-26 17:51:30.880,8.657899856567383,-2.873500108718872,-37.83240509033203,2864.7890625,Data logging started
2025-05-26 17:51:31.880,8.657899856567383,-2.873500108718872,-37.83240509033203,2864.7890625,Data logging started
2025-05-26 17:51:32.880,8.657899856567383,-2.873500108718872,-37.83240509033203,2864.7890625,Data logging started
2025-05-26 17:51:33.880,8.657899856567383,-2.873500108718872,-37.83240509033203,2864.7890625,Data logging started
2025-05-26 17:51:34.880,8.657899856567383,-2.873500108718872,-37.83240509033203,2864.7890625,Data logging started
2025-05-26 17:51:35.880,8.657899856567383,-2.873500108718872,-37.83240509033203,2864.7890625,Data logging started
2025-05-26 17:51:36.880,8.657899856567383,-2.873500108718872,-37.83240509033203,2864.7890625,Data logging started
2025-05-26 17:51:37.880,8.657899856567383,-2.873500108718872,-37.83240509033203,2864.7890625,Data logging started
2025-05-26 17:51:38.880,8.657899856567383,-2.873500108718872,-37.83240509033203,2864.7890625,Data logging started
2025-05-26 17:51:39.880,8.657899856567383,-2.873500108718872,-37.83240509033203,2864.7890625,Data logging started
2025-05-26 17:51:40.880,8.657899856567383,-2.873500108718872,-37.83240509033203,2864.7890625,Data logging started
2025-05-26 17:51:41.880,8.657899856567383,-2.873500108718872,-37.83240509033203,2864.7890625,Data logging started
2025-05-26 17:51:42.880,8.657899856567383,-2.873500108718872,-37.83240509033203,2864.7890625,Data logging started
2025-05-26 17:51:43.880,8.657899856567383,-2.873500108718872,-37.83240509033203,2864.7890625,Data logging started
2025-05-26 17:51:44.880,8.657899856567383,-2.873500108718872,-37.83240509033203,2864.7890625,Data logging started
2025-05-26 17:51:45.880,8.657899856567383,-2.873500108718872,-37.83240509033203,2864.7890625,Data logging started
2025-05-26 17:51:46.880,8.657899856567383,-2.873500108718872,-37.83240509033203,2864.7890625,Data logging started
2025-05-26 17:51:47.880,8.657899856567383,-2.873500108718872,-37.83240509033203,2864.7890625,Data logging started
2025-05-26 17:51:48.880,8.657899856567383,-2.873500108718872,-37.83240509033203,2864.7890625,Data logging started
2025-05-26 17:51:49.880,8.657899856567383,-2.873500108718872,-37.83240509033203,2864.7890625,Data logging started
2025-05-26 17:51:50.880,8.657899856567383,-2.873500108718872,-37.83240509033203,2864.7890625,Data logging started
2025-05-26 17:51:51.880,8.657899856567383,-2.873500108718872,-37.83240509033203,2864.7890625,Data logging started
2025-05-26 17:51:52.880,8.657899856567383,-2.873500108718872,-37.83240509033203,2864.7890625,Data logging started
2025-05-26 17:51:53.880,8.657899856567383,-2.873500108718872,-37.83240509033203,2864.7890625,Data logging started
2025-05-26 17:51:54.880,8.657899856567383,-2.873500108718872,-37.83240509033203,2864.7890625,Data logging started
2025-05-26 17:51:55.880,8.657899856567383,-2.873500108718872,-37.83240509033203,2864.7890625,Data logging started
2025-05-26 17:51:56.880,8.657899856567383,-2.873500108718872,-37.83240509033203,2864.7890625,Data logging started
2025-05-26 17:51:57.880,8.657899856567383,-2.873500108718872,-37.83240509033203,2864.7890625,Data logging started
2025-05-26 17:51:58.880,8.657899856567383,-2.873500108718872,-37.83240509033203,2864.7890625,Data logging started
2025-05-26 17:51:59.880,8.657899856567383,-2.873500108718872,-37.83240509033203,2864.7890625,Data logging started
2025-05-26 17:52:00.880,8.657899856567383,-2.873500108718872,-37.83240509033203,2864.7890625,Data logging started
2025-05-26 17:52:01.880,8.657899856567383,-2.873500108718872,-37.83240509033203,2864.7890625,Data logging started
2025-05-26 17:52:02.880,8.657899856567383,-2.873500108718872,-37.83240509033203,2864.7890625,Data logging started
2025-05-26 17:52:03.880,8.657899856567383,-2.873500108718872,-37.83240509033203,2864.7890625,Data logging started
2025-05-26 17:52:04.880,8.657899856567383,-2.873500108718872,-37.83240509033203,2864.7890625,Data logging started
2025-05-26 17:52:05.880,8.657899856567383,-2.873500108718872,-37.83240509033203,2864.7890625,Data logging started
2025-05-26 17:52:06.880,8.657899856567383,-2.873500108718872,-37.83240509033203,2864.7890625,Data logging started
2025-05-26 17:52:07.880,8.657899856567383,-2.873500108718872,-37.83240509033203,2864.7890625,Data logging started
2025-05-26 17:52:08.880,8.657899856567383,-2.873500108718872,-37.83240509033203,2864.7890625,Data logging started
2025-05-26 17:52:09.880,8.657899856567383,-2.873500108718872,-37.83240509033203,2864.7890625,Data logging started
2025-05-26 17:52:10.880,8.657899856567383,-2.873500108718872,-37.83240509033203,2864.7890625,Data logging started
2025-05-26 17:52:11.880,8.657899856567383,-2.873500108718872,-37.83240509033203,2864.7890625,Data logging started
2025-05-26 17:52:12.880,8.657899856567383,-2.873500108718872,-37.83240509033203,2864.7890625,Data logging started
2025-05-26 17:52:13.880,8.657899856567383,-2.873500108718872,-37.83240509033203,2864.7890625,Data logging started
2025-05-26 17:52:14.880,8.657899856567383,-2.873500108718872,-37.83240509033203,2864.7890625,Data logging started
2025-05-26 17:52:15.880,8.657899856567383,-2.873500108718872,-37.83240509033203,2864.7890625,Data logging started
2025-05-26 17:52:16.880,8.657899856567383,-2.873500108718872,-37.83240509033203,2864.7890625,Data logging started
2025-05-26 17:52:17.880,8.657899856567383,-2.873500108718872,-37.83240509033203,2864.7890625,Data logging started
2025-05-26 17:52:18.880,8.657899856567383,-2.873500108718872,-37.83240509033203,2864.7890625,Data logging started
2025-05-26 17:52:19.880,8.657899856567383,-2.873500108718872,-37.83240509033203,2864.7890625,Data logging started
2025-05-26 17:52:20.880,8.657899856567383,-2.873500108718872,-37.83240509033203,2864.7890625,Data logging started
2025-05-26 17:52:21.880,8.657899856567383,-2.873500108718872,-37.83240509033203,2864.7890625,Data logging started
2025-05-26 17:52:22.880,8.657899856567383,-2.873500108718872,-37.83240509033203,2864.7890625,Data logging started
2025-05-26 17:52:23.880,8.657899856567383,-2.873500108718872,-37.83240509033203,2864.7890625,Data logging started
2025-05-26 17:52:24.880,8.657899856567383,-2.873500108718872,-37.83240509033203,2864.7890625,Data logging started
2025-05-26 17:52:25.880,8.657899856567383,-2.873500108718872,-37.83240509033203,2864.7890625,Data logging started
2025-05-26 17:52:26.881,8.657899856567383,-2.873500108718872,-37.83240509033203,2864.7890625,Data logging started
2025-05-26 17:52:27.880,8.657899856567383,-2.873500108718872,-37.83240509033203,2864.7890625,Data logging started
2025-05-26 17:52:28.880,8.657899856567383,-2.873500108718872,-37.83240509033203,2864.7890625,Data logging started
2025-05-26 17:52:29.880,8.657899856567383,-2.873500108718872,-37.83240509033203,2864.7890625,Data logging started
2025-05-26 17:52:30.880,8.657899856567383,-2.873500108718872,-37.83240509033203,2864.7890625,Data logging started
2025-05-26 17:52:31.880,8.657899856567383,-2.873500108718872,-37.83240509033203,2864.7890625,Data logging started
2025-05-26 17:52:32.880,8.657899856567383,-2.873500108718872,-37.83240509033203,2864.7890625,Data logging started
2025-05-26 17:52:33.880,8.657899856567383,-2.873500108718872,-37.83240509033203,2864.7890625,Data logging started
2025-05-26 17:52:34.880,8.657899856567383,-2.873500108718872,-37.83240509033203,2864.7890625,Data logging started
2025-05-26 17:52:35.880,8.657899856567383,-2.873500108718872,-37.83240509033203,2864.7890625,Data logging started
2025-05-26 17:52:36.880,8.657899856567383,-2.873500108718872,-37.83240509033203,2864.7890625,Data logging started
2025-05-26 17:52:37.880,8.657899856567383,-2.873500108718872,-37.83240509033203,2864.7890625,Data logging started
2025-05-26 17:52:38.880,8.657899856567383,-2.873500108718872,-37.83240509033203,2864.7890625,Data logging started
2025-05-26 17:52:39.880,8.657899856567383,-2.873500108718872,-37.83240509033203,2864.7890625,Data logging started
2025-05-26 17:52:40.880,8.657899856567383,-2.873500108718872,-37.83240509033203,2864.7890625,Data logging started
2025-05-26 17:52:41.880,8.657899856567383,-2.873500108718872,-37.83240509033203,2864.7890625,Data logging started
2025-05-26 17:52:42.880,8.657899856567383,-2.873500108718872,-37.83240509033203,2864.7890625,Data logging started
2025-05-26 17:52:43.880,8.657899856567383,-2.873500108718872,-37.83240509033203,2864.7890625,Data logging started
2025-05-26 17:52:44.880,8.657899856567383,-2.873500108718872,-37.83240509033203,2864.7890625,Data logging started
2025-05-26 17:52:45.880,8.657899856567383,-2.873500108718872,-37.83240509033203,2864.7890625,Data logging started
2025-05-26 17:52:46.880,8.657899856567383,-2.873500108718872,-37.83240509033203,2864.7890625,Data logging started
2025-05-26 17:52:47.880,8.657899856567383,-2.873500108718872,-37.83240509033203,2864.7890625,Data logging started
2025-05-26 17:52:48.880,8.657899856567383,-2.873500108718872,-37.83240509033203,2864.7890625,Data logging started
2025-05-26 17:52:49.880,8.657899856567383,-2.873500108718872,-37.83240509033203,2864.7890625,Data logging started
2025-05-26 17:52:50.880,8.657899856567383,-2.873500108718872,-37.83240509033203,2864.7890625,Data logging started
2025-05-26 17:52:51.880,8.657899856567383,-2.873500108718872,-37.83240509033203,2864.7890625,Data logging started
2025-05-26 17:52:52.880,8.657899856567383,-2.873500108718872,-37.83240509033203,2864.7890625,Data logging started
2025-05-26 17:52:53.880,8.657899856567383,-2.873500108718872,-37.83240509033203,2864.7890625,Data logging started
2025-05-26 17:52:54.880,8.657899856567383,-2.873500108718872,-37.83240509033203,2864.7890625,Data logging started
2025-05-26 17:52:55.880,8.657899856567383,-2.873500108718872,-37.83240509033203,2864.7890625,Data logging started
2025-05-26 17:52:56.880,8.657899856567383,-2.873500108718872,-37.83240509033203,2864.7890625,Data logging started
2025-05-26 17:52:57.880,8.657899856567383,-2.873500108718872,-37.83240509033203,2864.7890625,Data logging started
2025-05-26 17:52:58.880,8.657899856567383,-2.873500108718872,-37.83240509033203,2864.7890625,Data logging started
2025-05-26 17:52:59.880,8.657899856567383,-2.873500108718872,-37.83240509033203,2864.7890625,Data logging started
2025-05-26 17:53:00.880,8.657899856567383,-2.873500108718872,-37.83240509033203,2864.7890625,Data logging started
2025-05-26 17:53:01.880,8.657899856567383,-2.873500108718872,-37.83240509033203,2864.7890625,Data logging started
2025-05-26 17:53:02.880,8.657899856567383,-2.873500108718872,-37.83240509033203,2864.7890625,Data logging started
2025-05-26 17:53:03.880,8.657899856567383,-2.873500108718872,-37.83240509033203,2864.7890625,Data logging started
2025-05-26 17:53:04.880,8.657899856567383,-2.873500108718872,-37.83240509033203,2864.7890625,Data logging started
2025-05-26 17:53:05.880,8.657899856567383,-2.873500108718872,-37.83240509033203,2864.7890625,Data logging started
2025-05-26 17:53:06.880,8.657899856567383,-2.873500108718872,-37.83240509033203,2864.7890625,Data logging started
2025-05-26 17:53:07.880,8.657899856567383,-2.873500108718872,-37.83240509033203,2864.7890625,Data logging started
2025-05-26 17:53:08.880,8.657899856567383,-2.873500108718872,-37.83240509033203,2864.7890625,Data logging started
2025-05-26 17:53:09.880,8.657899856567383,-2.873500108718872,-37.83240509033203,2864.7890625,Data logging started
2025-05-26 17:53:10.880,8.657899856567383,-2.873500108718872,-37.83240509033203,2864.7890625,Data logging started
2025-05-26 17:53:11.880,8.657899856567383,-2.873500108718872,-37.83240509033203,2864.7890625,Data logging started
2025-05-26 17:53:12.880,8.657899856567383,-2.873500108718872,-37.83240509033203,2864.7890625,Data logging started
2025-05-26 17:53:13.880,8.657899856567383,-2.873500108718872,-37.83240509033203,2864.7890625,Data logging started
2025-05-26 17:53:14.880,8.657899856567383,-2.873500108718872,-37.83240509033203,2864.7890625,Data logging started
2025-05-26 17:53:15.880,8.657899856567383,-2.873500108718872,-37.83240509033203,2864.7890625,Data logging started
2025-05-26 17:53:16.880,8.657899856567383,-2.873500108718872,-37.83240509033203,2864.7890625,Data logging started
2025-05-26 17:53:17.880,8.657899856567383,-2.873500108718872,-37.83240509033203,2864.7890625,Data logging started
2025-05-26 17:53:18.880,8.657899856567383,-2.873500108718872,-37.83240509033203,2864.7890625,Data logging started
2025-05-26 17:53:19.880,8.657899856567383,-2.873500108718872,-37.83240509033203,2864.7890625,Data logging started
2025-05-26 17:53:20.880,8.657899856567383,-2.873500108718872,-37.83240509033203,2864.7890625,Data logging started
2025-05-26 17:53:21.880,8.657899856567383,-2.873500108718872,-37.83240509033203,2864.7890625,Data logging started
2025-05-26 17:53:22.880,8.657899856567383,-2.873500108718872,-37.83240509033203,2864.7890625,Data logging started
2025-05-26 17:53:23.880,8.657899856567383,-2.873500108718872,-37.83240509033203,2864.7890625,Data logging started
2025-05-26 17:53:24.880,8.657899856567383,-2.873500108718872,-37.83240509033203,2864.7890625,Data logging started
2025-05-26 17:53:25.880,8.657899856567383,-2.873500108718872,-37.83240509033203,2864.7890625,Data logging started
2025-05-26 17:53:26.880,8.657899856567383,-2.873500108718872,-37.83240509033203,2864.7890625,Data logging started
2025-05-26 17:53:27.880,8.657899856567383,-2.873500108718872,-37.83240509033203,2864.7890625,Data logging started
2025-05-26 17:53:28.880,8.657899856567383,-2.873500108718872,-37.83240509033203,2864.7890625,Data logging started
2025-05-26 17:53:29.880,8.657899856567383,-2.873500108718872,-37.83240509033203,2864.7890625,Data logging started
2025-05-26 17:53:30.881,8.657899856567383,-2.873500108718872,-37.83240509033203,2864.7890625,Data logging started
2025-05-26 17:53:31.880,8.657899856567383,-2.873500108718872,-37.83240509033203,2864.7890625,Data logging started
2025-05-26 17:53:32.881,8.657899856567383,-2.873500108718872,-37.83240509033203,2864.7890625,Data logging started
2025-05-26 17:53:33.880,8.657899856567383,-2.873500108718872,-37.83240509033203,2864.7890625,Data logging started
2025-05-26 17:53:34.880,8.657899856567383,-2.873500108718872,-37.83240509033203,2864.7890625,Data logging started
2025-05-26 17:53:35.881,8.657899856567383,-2.873500108718872,-37.83240509033203,2864.7890625,Data logging started
2025-05-26 17:53:36.881,8.657899856567383,-2.873500108718872,-37.83240509033203,2864.7890625,Data logging started
2025-05-26 17:53:37.881,8.657899856567383,-2.873500108718872,-37.83240509033203,2864.7890625,Data logging started
2025-05-26 17:53:38.881,8.657899856567383,-2.873500108718872,-37.83240509033203,2864.7890625,Data logging started
2025-05-26 17:53:39.880,8.657899856567383,-2.873500108718872,-37.83240509033203,2864.7890625,Data logging started
2025-05-26 17:53:40.881,8.657899856567383,-2.873500108718872,-37.83240509033203,2864.7890625,Data logging started
2025-05-26 17:53:41.881,8.657899856567383,-2.873500108718872,-37.83240509033203,2864.7890625,Data logging started
2025-05-26 17:53:42.881,8.657899856567383,-2.873500108718872,-37.83240509033203,2864.7890625,Data logging started
2025-05-26 17:53:43.881,8.657899856567383,-2.873500108718872,-37.83240509033203,2864.7890625,Data logging started
2025-05-26 17:53:44.880,8.657899856567383,-2.873500108718872,-37.83240509033203,2864.7890625,Data logging started
2025-05-26 17:53:45.880,8.657899856567383,-2.873500108718872,-37.83240509033203,2864.7890625,Data logging started
2025-05-26 17:53:46.881,8.657899856567383,-2.873500108718872,-37.83240509033203,2864.7890625,Data logging started
2025-05-26 17:53:47.881,8.657899856567383,-2.873500108718872,-37.83240509033203,2864.7890625,Data logging started
2025-05-26 17:53:48.880,8.657899856567383,-2.873500108718872,-37.83240509033203,2864.7890625,Data logging started
2025-05-26 17:53:49.880,8.657899856567383,-2.873500108718872,-37.83240509033203,2864.7890625,Data logging started
2025-05-26 17:53:50.880,8.657899856567383,-2.873500108718872,-37.83240509033203,2864.7890625,Data logging started
2025-05-26 17:53:51.881,8.657899856567383,-2.873500108718872,-37.83240509033203,2864.7890625,Data logging started
2025-05-26 17:53:52.881,8.657899856567383,-2.873500108718872,-37.83240509033203,2864.7890625,Data logging started
2025-05-26 17:53:53.881,8.657899856567383,-2.873500108718872,-37.83240509033203,2864.7890625,Data logging started
2025-05-26 17:53:54.880,8.657899856567383,-2.873500108718872,-37.83240509033203,2864.7890625,Data logging started
2025-05-26 17:53:55.881,8.657899856567383,-2.873500108718872,-37.83240509033203,2864.7890625,Data logging started
2025-05-26 17:53:56.881,8.657899856567383,-2.873500108718872,-37.83240509033203,2864.7890625,Data logging started
2025-05-26 17:53:57.881,8.657899856567383,-2.873500108718872,-37.83240509033203,2864.7890625,Data logging started
2025-05-26 17:53:58.881,8.657899856567383,-2.873500108718872,-37.83240509033203,2864.7890625,Data logging started
2025-05-26 17:53:59.880,8.657899856567383,-2.873500108718872,-37.83240509033203,2864.7890625,Data logging started
2025-05-26 17:54:00.880,8.657899856567383,-2.873500108718872,-37.83240509033203,2864.7890625,Data logging started
2025-05-26 17:54:01.881,8.657899856567383,-2.873500108718872,-37.83240509033203,2864.7890625,Data logging started
2025-05-26 17:54:02.880,8.657899856567383,-2.873500108718872,-37.83240509033203,2864.7890625,Data logging started
2025-05-26 17:54:03.881,8.657899856567383,-2.873500108718872,-37.83240509033203,2864.7890625,Data logging started
2025-05-26 17:54:04.880,8.657899856567383,-2.873500108718872,-37.83240509033203,2864.7890625,Data logging started
2025-05-26 17:54:05.881,8.657899856567383,-2.873500108718872,-37.83240509033203,2864.7890625,Data logging started
2025-05-26 17:54:06.881,8.657899856567383,-2.873500108718872,-37.83240509033203,2864.7890625,Data logging started
2025-05-26 17:54:07.881,8.657899856567383,-2.873500108718872,-37.83240509033203,2864.7890625,Data logging started
2025-05-26 17:54:08.881,8.657899856567383,-2.873500108718872,-37.83240509033203,2864.7890625,Data logging started
2025-05-26 17:54:09.880,8.657899856567383,-2.873500108718872,-37.83240509033203,2864.7890625,Data logging started
2025-05-26 17:54:10.881,8.657899856567383,-2.873500108718872,-37.83240509033203,2864.7890625,Data logging started
2025-05-26 17:54:11.881,8.657899856567383,-2.873500108718872,-37.83240509033203,2864.7890625,Data logging started
2025-05-26 17:54:12.881,8.657899856567383,-2.873500108718872,-37.83240509033203,2864.7890625,Data logging started
2025-05-26 17:54:13.881,8.657899856567383,-2.873500108718872,-37.83240509033203,2864.7890625,Data logging started
2025-05-26 17:54:14.881,8.657899856567383,-2.873500108718872,-37.83240509033203,2864.7890625,Data logging started
2025-05-26 17:54:15.881,8.657899856567383,-2.873500108718872,-37.83240509033203,2864.7890625,Data logging started
2025-05-26 17:54:16.881,8.657899856567383,-2.873500108718872,-37.83240509033203,2864.7890625,Data logging started
2025-05-26 17:54:17.881,8.657899856567383,-2.873500108718872,-37.83240509033203,2864.7890625,Data logging started
2025-05-26 17:54:18.881,8.657899856567383,-2.873500108718872,-37.83240509033203,2864.7890625,Data logging started
2025-05-26 17:54:19.880,8.657899856567383,-2.873500108718872,-37.83240509033203,2864.7890625,Data logging started
2025-05-26 17:54:20.880,8.657899856567383,-2.873500108718872,-37.83240509033203,2864.7890625,Data logging started
2025-05-26 17:54:21.881,8.657899856567383,-2.873500108718872,-37.83240509033203,2864.7890625,Data logging started
2025-05-26 17:54:22.881,8.657899856567383,-2.873500108718872,-37.83240509033203,2864.7890625,Data logging started
2025-05-26 17:54:23.881,8.657899856567383,-2.873500108718872,-37.83240509033203,2864.7890625,Data logging started
2025-05-26 17:54:24.880,8.657899856567383,-2.873500108718872,-37.83240509033203,2864.7890625,Data logging started
2025-05-26 17:54:25.880,8.657899856567383,-2.873500108718872,-37.83240509033203,2864.7890625,Data logging started
2025-05-26 17:54:26.881,8.657899856567383,-2.873500108718872,-37.83240509033203,2864.7890625,Data logging started
2025-05-26 17:54:27.881,8.657899856567383,-2.873500108718872,-37.83240509033203,2864.7890625,Data logging started
2025-05-26 17:54:28.881,8.657899856567383,-2.873500108718872,-37.83240509033203,2864.7890625,Data logging started
2025-05-26 17:54:29.881,8.657899856567383,-2.873500108718872,-37.83240509033203,2864.7890625,Data logging started
2025-05-26 17:54:30.881,8.657899856567383,-2.873500108718872,-37.83240509033203,2864.7890625,Data logging started
2025-05-26 17:54:31.881,8.657899856567383,-2.873500108718872,-37.83240509033203,2864.7890625,Data logging started
2025-05-26 17:54:32.880,8.657899856567383,-2.873500108718872,-37.83240509033203,2864.7890625,Data logging started
2025-05-26 17:54:33.881,8.657899856567383,-2.873500108718872,-37.83240509033203,2864.7890625,Data logging started
2025-05-26 17:54:34.880,8.657899856567383,-2.873500108718872,-37.83240509033203,2864.7890625,Data logging started
2025-05-26 17:54:35.881,8.657899856567383,-2.873500108718872,-37.83240509033203,2864.7890625,Data logging started
2025-05-26 17:54:36.881,8.657899856567383,-2.873500108718872,-37.83240509033203,2864.7890625,Data logging started
2025-05-26 17:54:37.881,8.657899856567383,-2.873500108718872,-37.83240509033203,2864.7890625,Data logging started
2025-05-26 17:54:38.880,8.657899856567383,-2.873500108718872,-37.83240509033203,2864.7890625,Data logging started
2025-05-26 17:54:39.880,8.657899856567383,-2.873500108718872,-37.83240509033203,2864.7890625,Data logging started
2025-05-26 17:54:40.880,8.657899856567383,-2.873500108718872,-37.83240509033203,2864.7890625,Data logging started
2025-05-26 17:54:41.880,8.657899856567383,-2.873500108718872,-37.83240509033203,2864.7890625,Data logging started
2025-05-26 17:54:42.880,8.657899856567383,-2.873500108718872,-37.83240509033203,2864.7890625,Data logging started
2025-05-26 17:54:43.880,8.657899856567383,-2.873500108718872,-37.83240509033203,2864.7890625,Data logging started
2025-05-26 17:54:44.880,8.657899856567383,-2.873500108718872,-37.83240509033203,2864.7890625,Data logging started
2025-05-26 17:54:45.880,8.657899856567383,-2.873500108718872,-37.83240509033203,2864.7890625,Data logging started
2025-05-26 17:54:46.880,8.657899856567383,-2.873500108718872,-37.83240509033203,2864.7890625,Data logging started
2025-05-26 17:54:47.880,8.657899856567383,-2.873500108718872,-37.83240509033203,2864.7890625,Data logging started
2025-05-26 17:54:48.880,8.657899856567383,-2.873500108718872,-37.83240509033203,2864.7890625,Data logging started
2025-05-26 17:54:49.880,8.657899856567383,-2.873500108718872,-37.83240509033203,2864.7890625,Data logging started
2025-05-26 17:54:50.880,8.657899856567383,-2.873500108718872,-37.83240509033203,2864.7890625,Data logging started
2025-05-26 17:54:51.880,8.657899856567383,-2.873500108718872,-37.83240509033203,2864.7890625,Data logging started
2025-05-26 17:54:52.880,8.657899856567383,-2.873500108718872,-37.83240509033203,2864.7890625,Data logging started
2025-05-26 17:54:53.880,8.657899856567383,-2.873500108718872,-37.83240509033203,2864.7890625,Data logging started
2025-05-26 17:54:54.880,8.657899856567383,-2.873500108718872,-37.83240509033203,2864.7890625,Data logging started
2025-05-26 17:54:55.880,8.657899856567383,-2.873500108718872,-37.83240509033203,2864.7890625,Data logging started
2025-05-26 17:54:56.880,8.657899856567383,-2.873500108718872,-37.83240509033203,2864.7890625,Data logging started
2025-05-26 17:54:57.880,8.657899856567383,-2.873500108718872,-37.83240509033203,2864.7890625,Data logging started
2025-05-26 17:54:58.880,8.657899856567383,-2.873500108718872,-37.83240509033203,2864.7890625,Data logging started
2025-05-26 17:54:59.880,8.657899856567383,-2.873500108718872,-37.83240509033203,2864.7890625,Data logging started
2025-05-26 17:55:00.880,8.657899856567383,-2.873500108718872,-37.83240509033203,2864.7890625,Data logging started
2025-05-26 17:55:01.880,8.657899856567383,-2.873500108718872,-37.83240509033203,2864.7890625,Data logging started
2025-05-26 17:55:02.880,8.657899856567383,-2.873500108718872,-37.83240509033203,2864.7890625,Data logging started
2025-05-26 17:55:03.880,8.657899856567383,-2.873500108718872,-37.83240509033203,2864.7890625,Data logging started
2025-05-26 17:55:04.880,8.657899856567383,-2.873500108718872,-37.83240509033203,2864.7890625,Data logging started
2025-05-26 17:55:05.880,8.657899856567383,-2.873500108718872,-37.83240509033203,2864.7890625,Data logging started
2025-05-26 17:55:06.880,8.657899856567383,-2.873500108718872,-37.83240509033203,2864.7890625,Data logging started
2025-05-26 17:55:07.880,8.657899856567383,-2.873500108718872,-37.83240509033203,2864.7890625,Data logging started
2025-05-26 17:55:08.880,8.657899856567383,-2.873500108718872,-37.83240509033203,2864.7890625,Data logging started
2025-05-26 17:55:09.880,8.657899856567383,-2.873500108718872,-37.83240509033203,2864.7890625,Data logging started
2025-05-26 17:55:10.880,8.657899856567383,-2.873500108718872,-37.83240509033203,2864.7890625,Data logging started
2025-05-26 17:55:11.880,8.657899856567383,-2.873500108718872,-37.83240509033203,2864.7890625,Data logging started
2025-05-26 17:55:12.880,8.657899856567383,-2.873500108718872,-37.83240509033203,2864.7890625,Data logging started
2025-05-26 17:55:13.880,8.657899856567383,-2.873500108718872,-37.83240509033203,2864.7890625,Data logging started
2025-05-26 17:55:14.880,8.657899856567383,-2.873500108718872,-37.83240509033203,2864.7890625,Data logging started
2025-05-26 17:55:15.880,8.657899856567383,-2.873500108718872,-37.83240509033203,2864.7890625,Data logging started
2025-05-26 17:55:16.880,8.657899856567383,-2.873500108718872,-37.83240509033203,2864.7890625,Data logging started
2025-05-26 17:55:17.880,8.657899856567383,-2.873500108718872,-37.83240509033203,2864.7890625,Data logging started
2025-05-26 17:55:18.880,8.657899856567383,-2.873500108718872,-37.83240509033203,2864.7890625,Data logging started
2025-05-26 17:55:19.880,8.657899856567383,-2.873500108718872,-37.83240509033203,2864.7890625,Data logging started
2025-05-26 17:55:20.880,8.657899856567383,-2.873500108718872,-37.83240509033203,2864.7890625,Data logging started
2025-05-26 17:55:21.880,8.657899856567383,-2.873500108718872,-37.83240509033203,2864.7890625,Data logging started
2025-05-26 17:55:22.880,8.657899856567383,-2.873500108718872,-37.83240509033203,2864.7890625,Data logging started
2025-05-26 17:55:23.880,8.657899856567383,-2.873500108718872,-37.83240509033203,2864.7890625,Data logging started
2025-05-26 17:55:24.880,8.657899856567383,-2.873500108718872,-37.83240509033203,2864.7890625,Data logging started
2025-05-26 17:55:25.880,8.657899856567383,-2.873500108718872,-37.83240509033203,2864.7890625,Data logging started
2025-05-26 17:55:26.880,8.657899856567383,-2.873500108718872,-37.83240509033203,2864.7890625,Data logging started
2025-05-26 17:55:27.880,8.657899856567383,-2.873500108718872,-37.83240509033203,2864.7890625,Data logging started
2025-05-26 17:55:28.880,8.657899856567383,-2.873500108718872,-37.83240509033203,2864.7890625,Data logging started
2025-05-26 17:55:29.880,8.657899856567383,-2.873500108718872,-37.83240509033203,2864.7890625,Data logging started
2025-05-26 17:55:30.880,8.657899856567383,-2.873500108718872,-37.83240509033203,2864.7890625,Data logging started
2025-05-26 17:55:31.880,8.657899856567383,-2.873500108718872,-37.83240509033203,2864.7890625,Data logging started
2025-05-26 17:55:32.880,8.657899856567383,-2.873500108718872,-37.83240509033203,2864.7890625,Data logging started
2025-05-26 17:55:33.880,8.657899856567383,-2.873500108718872,-37.83240509033203,2864.7890625,Data logging started
2025-05-26 17:55:34.880,8.657899856567383,-2.873500108718872,-37.83240509033203,2864.7890625,Data logging started
2025-05-26 17:55:35.880,8.657899856567383,-2.873500108718872,-37.83240509033203,2864.7890625,Data logging started
2025-05-26 17:55:36.880,8.657899856567383,-2.873500108718872,-37.83240509033203,2864.7890625,Data logging started
2025-05-26 17:55:37.539,8.657899856567383,-2.873500108718872,-37.775108337402344,2864.7890625,Going to 'eat test location' - Status: start - Unknown
2025-05-26 17:55:37.880,8.657899856567383,-2.873500108718872,-37.775108337402344,2864.7890625,Going to 'eat test location' - Status: reposing - Unknown
2025-05-26 17:55:38.880,8.657899856567383,-2.873500108718872,-37.775108337402344,2864.7890625,Going to 'eat test location' - Status: reposing - Unknown
2025-05-26 17:55:39.880,8.657899856567383,-2.873500108718872,-37.775108337402344,2864.7890625,Going to 'eat test location' - Status: reposing - Unknown
2025-05-26 17:55:40.880,8.657899856567383,-2.873500108718872,-37.775108337402344,2864.7890625,Going to 'eat test location' - Status: reposing - Unknown
2025-05-26 17:55:41.880,8.657899856567383,-2.873500108718872,-37.775108337402344,2864.7890625,Going to 'eat test location' - Status: reposing - Unknown
2025-05-26 17:55:42.880,8.657899856567383,-2.873500108718872,-37.775108337402344,2864.7890625,Going to 'eat test location' - Status: reposing - Unknown
2025-05-26 17:55:43.751,8.665300369262695,-2.8787999153137207,-31.833534240722656,-515.6619873046875,Going to 'eat test location' - Status: reposing - Unknown
2025-05-26 17:55:43.880,8.665300369262695,-2.8787999153137207,-31.833534240722656,-515.6619873046875,Going to 'eat test location' - Status: reposing - Unknown
2025-05-26 17:55:44.250,8.659899711608887,-2.876300096511841,-16.495454788208008,-515.6619873046875,Going to 'eat test location' - Status: reposing - Unknown
2025-05-26 17:55:44.804,8.65839958190918,-2.876499891281128,9.041274070739746,-515.6619873046875,Going to 'eat test location' - Status: reposing - Unknown
2025-05-26 17:55:44.880,8.65839958190918,-2.876499891281128,9.041274070739746,-515.6619873046875,Going to 'eat test location' - Status: reposing - Unknown
2025-05-26 17:55:45.880,8.65839958190918,-2.876499891281128,9.041274070739746,-515.6619873046875,Going to 'eat test location' - Status: reposing - Unknown
2025-05-26 17:55:46.880,8.65839958190918,-2.876499891281128,9.041274070739746,-515.6619873046875,Going to 'eat test location' - Status: reposing - Unknown
2025-05-26 17:55:47.407,8.651900291442871,-2.8773999214172363,-2.4465298652648926,-515.6619873046875,Going to 'eat test location' - Status: reposing - Unknown
2025-05-26 17:55:47.880,8.651900291442871,-2.8773999214172363,-2.4465298652648926,-515.6619873046875,Going to 'eat test location' - Status: reposing - Unknown
2025-05-26 17:55:47.943,8.662300109863281,-2.8803999423980713,-25.616943359375,-515.6619873046875,Going to 'eat test location' - Status: reposing - Unknown
2025-05-26 17:55:48.491,0.9165999889373779,-0.34040001034736633,-51.8755989074707,-343.7746887207031,Going to 'eat test location' - Status: reposing - Unknown
2025-05-26 17:55:48.880,0.9165999889373779,-0.34040001034736633,-51.8755989074707,-343.7746887207031,Going to 'eat test location' - Status: reposing - Unknown
2025-05-26 17:55:49.547,1.0027999877929688,-0.4731000065803528,-54.6830940246582,-286.4789123535156,Going to 'eat test location' - Status: going - Unknown
2025-05-26 17:55:49.880,1.0027999877929688,-0.4731000065803528,-54.6830940246582,-286.4789123535156,Going to 'eat test location' - Status: going - Unknown
2025-05-26 17:55:50.088,1.0342999696731567,-0.5224000215530396,-60.18348693847656,-286.4789123535156,Going to 'eat test location' - Status: going - Unknown
2025-05-26 17:55:50.640,1.0810999870300293,-0.6251999735832214,-70.1357650756836,-286.4789123535156,Going to 'eat test location' - Status: going - Unknown
2025-05-26 17:55:50.880,1.0810999870300293,-0.6251999735832214,-70.1357650756836,-286.4789123535156,Going to 'eat test location' - Status: going - Unknown
2025-05-26 17:55:51.144,1.132200002670288,-0.892300009727478,-79.37757873535156,-286.4789123535156,Going to 'eat test location' - Status: going - Unknown
2025-05-26 17:55:51.686,0.6470000147819519,-1.1778000593185425,-115.5770492553711,-286.4789123535156,Going to 'eat test location' - Status: going - Unknown
2025-05-26 17:55:51.880,0.6470000147819519,-1.1778000593185425,-115.5770492553711,-286.4789123535156,Going to 'eat test location' - Status: going - Unknown
2025-05-26 17:55:52.188,0.614799976348877,-1.3172999620437622,-89.7080078125,-286.4789123535156,Going to 'eat test location' - Status: going - Unknown
2025-05-26 17:55:52.744,0.6664999723434448,-1.5405000448226929,-66.37715911865234,-286.4789123535156,Going to 'eat test location' - Status: going - Unknown
2025-05-26 17:55:52.880,0.6664999723434448,-1.5405000448226929,-66.37715911865234,-286.4789123535156,Going to 'eat test location' - Status: going - Unknown
2025-05-26 17:55:53.302,0.7433000206947327,-1.712399959564209,-71.86036682128906,-286.4789123535156,Going to 'eat test location' - Status: going - Unknown
2025-05-26 17:55:53.838,0.786899983882904,-1.9424999952316284,-82.46581268310547,-286.4789123535156,Going to 'eat test location' - Status: going - Unknown
2025-05-26 17:55:53.880,0.786899983882904,-1.9424999952316284,-82.46581268310547,-286.4789123535156,Going to 'eat test location' - Status: going - Unknown
2025-05-26 17:55:54.341,0.8159000277519226,-2.304500102996826,-86.80310821533203,-286.4789123535156,Going to 'eat test location' - Status: going - Unknown
2025-05-26 17:55:54.880,0.8159000277519226,-2.304500102996826,-86.80310821533203,-286.4789123535156,Going to 'eat test location' - Status: going - Unknown
2025-05-26 17:55:54.899,0.8317000269889832,-2.76990008354187,-88.05215454101562,-286.4789123535156,Going to 'eat test location' - Status: going - Unknown
2025-05-26 17:55:55.446,0.8324999809265137,-3.260499954223633,-90.32679748535156,-286.4789123535156,Going to 'eat test location' - Status: going - Unknown
2025-05-26 17:55:55.880,0.8324999809265137,-3.260499954223633,-90.32679748535156,-286.4789123535156,Going to 'eat test location' - Status: going - Unknown
2025-05-26 17:55:55.952,0.8574000000953674,-3.684999942779541,-86.49371337890625,-286.4789123535156,Going to 'eat test location' - Status: going - Unknown
2025-05-26 17:55:56.486,0.8738999962806702,-4.167600154876709,-89.28401184082031,-286.4789123535156,Going to 'eat test location' - Status: going - Unknown
2025-05-26 17:55:56.880,0.8738999962806702,-4.167600154876709,-89.28401184082031,-286.4789123535156,Going to 'eat test location' - Status: going - Unknown
2025-05-26 17:55:56.989,0.9018999934196472,-4.577499866485596,-87.46773529052734,-286.4789123535156,Going to 'eat test location' - Status: going - Unknown
2025-05-26 17:55:57.491,0.9103999733924866,-4.9120001792907715,-89.08348083496094,-286.4789123535156,Going to 'eat test location' - Status: going - Unknown
2025-05-26 17:55:57.880,0.9103999733924866,-4.9120001792907715,-89.08348083496094,-286.4789123535156,Going to 'eat test location' - Status: going - Unknown
2025-05-26 17:55:58.044,0.9117000102996826,-5.293300151824951,-87.69119262695312,-286.4789123535156,Going to 'eat test location' - Status: going - Unknown
2025-05-26 17:55:58.551,0.930400013923645,-5.694300174713135,-88.37300872802734,-286.4789123535156,Going to 'eat test location' - Status: going - Unknown
2025-05-26 17:55:58.880,0.930400013923645,-5.694300174713135,-88.37300872802734,-286.4789123535156,Going to 'eat test location' - Status: going - Unknown
2025-05-26 17:55:59.089,0.9430999755859375,-6.165599822998047,-87.95475006103516,-286.4789123535156,Going to 'eat test location' - Status: going - Unknown
2025-05-26 17:55:59.588,0.9524000287055969,-6.599699974060059,-89.81686401367188,-286.4789123535156,Going to 'eat test location' - Status: going - Unknown
2025-05-26 17:55:59.880,0.9524000287055969,-6.599699974060059,-89.81686401367188,-286.4789123535156,Going to 'eat test location' - Status: going - Unknown
2025-05-26 17:56:00.144,0.949400007724762,-7.06850004196167,-88.84284210205078,-286.4789123535156,Going to 'eat test location' - Status: going - Unknown
2025-05-26 17:56:00.692,0.9539999961853027,-7.535699844360352,-88.4188461303711,-286.4789123535156,Going to 'eat test location' - Status: going - Unknown
2025-05-26 17:56:00.880,0.9539999961853027,-7.535699844360352,-88.4188461303711,-286.4789123535156,Going to 'eat test location' - Status: going - Unknown
2025-05-26 17:56:01.238,0.9689000248908997,-8.02340030670166,-89.34130859375,-286.4789123535156,Going to 'eat test location' - Status: going - Unknown
2025-05-26 17:56:01.740,0.9832000136375427,-8.451499938964844,-87.14115142822266,-286.4789123535156,Going to 'eat test location' - Status: going - Unknown
2025-05-26 17:56:01.880,0.9832000136375427,-8.451499938964844,-87.14115142822266,-286.4789123535156,Going to 'eat test location' - Status: going - Unknown
2025-05-26 17:56:02.244,0.9998999834060669,-8.888699531555176,-87.38751983642578,-286.4789123535156,Going to 'eat test location' - Status: going - Unknown
2025-05-26 17:56:02.794,1.0089999437332153,-9.318699836730957,-87.80005645751953,-286.4789123535156,Going to 'eat test location' - Status: going - Unknown
2025-05-26 17:56:02.880,1.0089999437332153,-9.318699836730957,-87.80005645751953,-286.4789123535156,Going to 'eat test location' - Status: going - Unknown
2025-05-26 17:56:03.291,1.038599967956543,-9.535699844360352,-80.40316772460938,-286.4789123535156,Going to 'eat test location' - Status: going - Unknown
2025-05-26 17:56:03.845,1.0533000230789185,-9.67609977722168,-81.33708953857422,-286.4789123535156,Going to 'eat test location' - Status: going - Unknown
2025-05-26 17:56:03.880,1.0533000230789185,-9.67609977722168,-81.33708953857422,-286.4789123535156,Going to 'eat test location' - Status: going - Unknown
2025-05-26 17:56:04.396,1.0823999643325806,-9.800299644470215,-65.8786849975586,-286.4789123535156,Going to 'eat test location' - Status: going - Unknown
2025-05-26 17:56:04.880,1.0823999643325806,-9.800299644470215,-65.8786849975586,-286.4789123535156,Going to 'eat test location' - Status: going - Unknown
2025-05-26 17:56:04.898,1.2063000202178955,-9.96619987487793,-39.55127716064453,-286.4789123535156,Going to 'eat test location' - Status: going - Unknown
2025-05-26 17:56:05.448,1.5500999689102173,-10.08810043334961,-17.251758575439453,-286.4789123535156,Going to 'eat test location' - Status: going - Unknown
2025-05-26 17:56:05.880,1.5500999689102173,-10.08810043334961,-17.251758575439453,-286.4789123535156,Going to 'eat test location' - Status: going - Unknown
2025-05-26 17:56:05.988,1.9383000135421753,-10.041600227355957,5.339966773986816,-286.4789123535156,Going to 'eat test location' - Status: going - Unknown
2025-05-26 17:56:06.492,2.335700035095215,-10.036100387573242,2.320479154586792,-286.4789123535156,Going to 'eat test location' - Status: going - Unknown
2025-05-26 17:56:06.880,2.335700035095215,-10.036100387573242,2.320479154586792,-286.4789123535156,Going to 'eat test location' - Status: going - Unknown
2025-05-26 17:56:06.990,2.7630999088287354,-10.017900466918945,3.8674652576446533,-286.4789123535156,Going to 'eat test location' - Status: going - Unknown
2025-05-26 17:56:07.545,3.176100015640259,-10.00220012664795,3.2200229167938232,-286.4789123535156,Going to 'eat test location' - Status: going - Unknown
2025-05-26 17:56:07.880,3.176100015640259,-10.00220012664795,3.2200229167938232,-286.4789123535156,Going to 'eat test location' - Status: going - Unknown
2025-05-26 17:56:08.091,3.6565001010894775,-9.995400428771973,0.09740282595157623,-286.4789123535156,Going to 'eat test location' - Status: going - Unknown
2025-05-26 17:56:08.644,4.131499767303467,-9.988100051879883,2.1543211936950684,-286.4789123535156,Going to 'eat test location' - Status: going - Unknown
2025-05-26 17:56:08.880,4.131499767303467,-9.988100051879883,2.1543211936950684,-286.4789123535156,Going to 'eat test location' - Status: going - Unknown
2025-05-26 17:56:09.187,4.614299774169922,-9.987299919128418,0.2406422644853592,-286.4789123535156,Going to 'eat test location' - Status: going - Unknown
2025-05-26 17:56:09.689,5.054500102996826,-9.972599983215332,2.4522595405578613,-286.4789123535156,Going to 'eat test location' - Status: going - Unknown
2025-05-26 17:56:09.880,5.054500102996826,-9.972599983215332,2.4522595405578613,-286.4789123535156,Going to 'eat test location' - Status: going - Unknown
2025-05-26 17:56:10.244,5.516200065612793,-9.960399627685547,2.6069579124450684,-286.4789123535156,Going to 'eat test location' - Status: going - Unknown
2025-05-26 17:56:10.792,5.997000217437744,-9.945199966430664,1.9824340343475342,-286.4789123535156,Going to 'eat test location' - Status: going - Unknown
2025-05-26 17:56:10.880,5.997000217437744,-9.945199966430664,1.9824340343475342,-286.4789123535156,Going to 'eat test location' - Status: going - Unknown
2025-05-26 17:56:11.298,6.436500072479248,-9.934599876403809,1.524067759513855,-286.4789123535156,Going to 'eat test location' - Status: going - Unknown
2025-05-26 17:56:11.848,6.905600070953369,-9.936300277709961,1.3693691492080688,-286.4789123535156,Going to 'eat test location' - Status: going - Unknown
2025-05-26 17:56:11.880,6.905600070953369,-9.936300277709961,1.3693691492080688,-286.4789123535156,Going to 'eat test location' - Status: going - Unknown
2025-05-26 17:56:12.356,7.3495001792907715,-9.926400184631348,2.7043609619140625,-286.4789123535156,Going to 'eat test location' - Status: going - Unknown
2025-05-26 17:56:12.880,7.3495001792907715,-9.926400184631348,2.7043609619140625,-286.4789123535156,Going to 'eat test location' - Status: going - Unknown
2025-05-26 17:56:12.901,7.827199935913086,-9.90820026397705,1.5297973155975342,-286.4789123535156,Going to 'eat test location' - Status: going - Unknown
2025-05-26 17:56:13.389,8.245800018310547,-9.89579963684082,0.03437747061252594,-286.4789123535156,Going to 'eat test location' - Status: going - Unknown
2025-05-26 17:56:13.880,8.245800018310547,-9.89579963684082,0.03437747061252594,-286.4789123535156,Going to 'eat test location' - Status: going - Unknown
2025-05-26 17:56:13.899,8.680000305175781,-9.889200210571289,1.5469861030578613,-286.4789123535156,Going to 'eat test location' - Status: going - Unknown
2025-05-26 17:56:14.394,9.130800247192383,-9.888500213623047,-1.42666494846344,-286.4789123535156,Going to 'eat test location' - Status: going - Unknown
2025-05-26 17:56:14.880,9.130800247192383,-9.888500213623047,-1.42666494846344,-286.4789123535156,Going to 'eat test location' - Status: going - Unknown
2025-05-26 17:56:14.901,9.562800407409668,-9.887100219726562,-0.4812845289707184,-286.4789123535156,Going to 'eat test location' - Status: going - Unknown
2025-05-26 17:56:15.442,9.969300270080566,-9.855299949645996,19.280029296875,-286.4789123535156,Going to 'eat test location' - Status: going - Unknown
2025-05-26 17:56:15.880,9.969300270080566,-9.855299949645996,19.280029296875,-286.4789123535156,Going to 'eat test location' - Status: going - Unknown
2025-05-26 17:56:15.947,10.254599571228027,-9.703300476074219,38.23347473144531,-286.4789123535156,Going to 'eat test location' - Status: going - Unknown
2025-05-26 17:56:16.492,10.490900039672852,-9.409600257873535,64.33743286132812,-286.4789123535156,Going to 'eat test location' - Status: going - Unknown
2025-05-26 17:56:16.880,10.490900039672852,-9.409600257873535,64.33743286132812,-286.4789123535156,Going to 'eat test location' - Status: going - Unknown
2025-05-26 17:56:16.993,10.616100311279297,-9.044899940490723,80.10523223876953,-286.4789123535156,Going to 'eat test location' - Status: going - Unknown
2025-05-26 17:56:17.551,10.621899604797363,-8.553500175476074,91.0601806640625,-286.4789123535156,Going to 'eat test location' - Status: going - Unknown
2025-05-26 17:56:17.880,10.621899604797363,-8.553500175476074,91.0601806640625,-286.4789123535156,Going to 'eat test location' - Status: going - Unknown
2025-05-26 17:56:18.093,10.615900039672852,-8.097299575805664,90.31533813476562,-286.4789123535156,Going to 'eat test location' - Status: going - Unknown
2025-05-26 17:56:18.647,10.598899841308594,-7.633200168609619,91.9826431274414,-286.4789123535156,Going to 'eat test location' - Status: going - Unknown
2025-05-26 17:56:18.880,10.598899841308594,-7.633200168609619,91.9826431274414,-286.4789123535156,Going to 'eat test location' - Status: going - Unknown
2025-05-26 17:56:19.193,10.586099624633789,-7.163300037384033,90.48149871826172,-286.4789123535156,Going to 'eat test location' - Status: going - Unknown
2025-05-26 17:56:19.703,10.570799827575684,-6.717400074005127,91.54146575927734,-286.4789123535156,Going to 'eat test location' - Status: going - Unknown
2025-05-26 17:56:19.880,10.570799827575684,-6.717400074005127,91.54146575927734,-286.4789123535156,Going to 'eat test location' - Status: going - Unknown
2025-05-26 17:56:20.264,10.571499824523926,-6.243100166320801,91.66751861572266,-286.4789123535156,Going to 'eat test location' - Status: going - Unknown
2025-05-26 17:56:20.761,10.569700241088867,-5.813799858093262,90.2293930053711,-286.4789123535156,Going to 'eat test location' - Status: going - Unknown
2025-05-26 17:56:20.880,10.569700241088867,-5.813799858093262,90.2293930053711,-286.4789123535156,Going to 'eat test location' - Status: going - Unknown
2025-05-26 17:56:21.302,10.57390022277832,-5.325200080871582,90.91693878173828,-286.4789123535156,Going to 'eat test location' - Status: going - Unknown
2025-05-26 17:56:21.851,10.562199592590332,-4.833099842071533,90.43566131591797,-286.4789123535156,Going to 'eat test location' - Status: going - Unknown
2025-05-26 17:56:21.880,10.562199592590332,-4.833099842071533,90.43566131591797,-286.4789123535156,Going to 'eat test location' - Status: going - Unknown
2025-05-26 17:56:22.398,10.558099746704102,-4.354800224304199,91.25498962402344,-286.4789123535156,Going to 'eat test location' - Status: going - Unknown
2025-05-26 17:56:22.880,10.558099746704102,-4.354800224304199,91.25498962402344,-286.4789123535156,Going to 'eat test location' - Status: going - Unknown
2025-05-26 17:56:22.899,10.566200256347656,-3.9226999282836914,87.16407012939453,-286.4789123535156,Going to 'eat test location' - Status: going - Unknown
2025-05-26 17:56:23.447,10.57390022277832,-3.4326000213623047,89.46163177490234,-286.4789123535156,Going to 'eat test location' - Status: going - Unknown
2025-05-26 17:56:23.880,10.57390022277832,-3.4326000213623047,89.46163177490234,-286.4789123535156,Going to 'eat test location' - Status: going - Unknown
2025-05-26 17:56:23.950,10.56779956817627,-3.0030999183654785,87.59951782226562,-286.4789123535156,Going to 'eat test location' - Status: going - Unknown
2025-05-26 17:56:24.498,10.569199562072754,-2.5276999473571777,88.28706359863281,-286.4789123535156,Going to 'eat test location' - Status: going - Unknown
2025-05-26 17:56:24.880,10.569199562072754,-2.5276999473571777,88.28706359863281,-286.4789123535156,Going to 'eat test location' - Status: going - Unknown
2025-05-26 17:56:25.053,10.5733003616333,-2.053100109100342,92.36079406738281,-286.4789123535156,Going to 'eat test location' - Status: going - Unknown
2025-05-26 17:56:25.597,10.52280044555664,-1.7913999557495117,113.5258560180664,-286.4789123535156,Going to 'eat test location' - Status: going - Unknown
2025-05-26 17:56:25.880,10.52280044555664,-1.7913999557495117,113.5258560180664,-286.4789123535156,Going to 'eat test location' - Status: going - Unknown
2025-05-26 17:56:26.097,10.376999855041504,-1.5784000158309937,137.8536376953125,-286.4789123535156,Going to 'eat test location' - Status: going - Unknown
2025-05-26 17:56:26.650,10.058500289916992,-1.3960000276565552,152.2864532470703,-286.4789123535156,Going to 'eat test location' - Status: going - Unknown
2025-05-26 17:56:26.880,10.058500289916992,-1.3960000276565552,152.2864532470703,-286.4789123535156,Going to 'eat test location' - Status: going - Unknown
2025-05-26 17:56:27.192,9.644000053405762,-1.4019999504089355,178.00079345703125,-286.4789123535156,Going to 'eat test location' - Status: going - Unknown
2025-05-26 17:56:27.706,9.288700103759766,-1.406999945640564,176.35067749023438,-286.4789123535156,Going to 'eat test location' - Status: going - Unknown
2025-05-26 17:56:27.880,9.288700103759766,-1.406999945640564,176.35067749023438,-286.4789123535156,Going to 'eat test location' - Status: going - Unknown
2025-05-26 17:56:28.197,8.89109992980957,-1.388800024986267,178.27581787109375,-286.4789123535156,Going to 'eat test location' - Status: going - Unknown
2025-05-26 17:56:28.745,8.416399955749512,-1.382599949836731,177.61119079589844,-286.4789123535156,Going to 'eat test location' - Status: going - Unknown
2025-05-26 17:56:28.880,8.416399955749512,-1.382599949836731,177.61119079589844,-286.4789123535156,Going to 'eat test location' - Status: going - Unknown
2025-05-26 17:56:29.296,7.950699806213379,-1.3818000555038452,-179.50767517089844,-286.4789123535156,Going to 'eat test location' - Status: going - Unknown
2025-05-26 17:56:29.850,7.471099853515625,-1.3823000192642212,-179.1925506591797,-286.4789123535156,Going to 'eat test location' - Status: going - Unknown
2025-05-26 17:56:29.880,7.471099853515625,-1.3823000192642212,-179.1925506591797,-286.4789123535156,Going to 'eat test location' - Status: going - Unknown
2025-05-26 17:56:30.367,7.0528998374938965,-1.3966000080108643,-173.97291564941406,-286.4789123535156,Going to 'eat test location' - Status: going - Unknown
2025-05-26 17:56:30.845,6.738500118255615,-1.4234999418258667,-173.81820678710938,-286.4789123535156,Going to 'eat test location' - Status: going - Unknown
2025-05-26 17:56:30.880,6.738500118255615,-1.4234999418258667,-173.81820678710938,-286.4789123535156,Going to 'eat test location' - Status: going - Unknown
2025-05-26 17:56:31.414,6.55049991607666,-1.4523999691009521,-169.9564666748047,-286.4789123535156,Going to 'eat test location' - Status: going - Unknown
2025-05-26 17:56:31.880,6.55049991607666,-1.4523999691009521,-169.9564666748047,-286.4789123535156,Going to 'eat test location' - Status: going - Unknown
2025-05-26 17:56:31.945,6.44320011138916,-1.469099998474121,-163.03514099121094,-286.4789123535156,Going to 'eat test location' - Status: going - Unknown
2025-05-26 17:56:32.493,6.417699813842773,-1.4732999801635742,-153.01983642578125,-286.4789123535156,Going to 'eat test location' - Status: going - Unknown
2025-05-26 17:56:32.880,6.417699813842773,-1.4732999801635742,-153.01983642578125,-286.4789123535156,Going to 'eat test location' - Status: going - Unknown
2025-05-26 17:56:32.994,6.407700061798096,-1.4788000583648682,-141.6981964111328,-286.4789123535156,Going to 'eat test location' - Status: going - Unknown
2025-05-26 17:56:33.494,6.4095001220703125,-1.4717999696731567,-123.82190704345703,-286.4789123535156,Going to 'eat test location' - Status: going - Unknown
2025-05-26 17:56:33.880,6.4095001220703125,-1.4717999696731567,-123.82190704345703,-286.4789123535156,Going to 'eat test location' - Status: going - Unknown
2025-05-26 17:56:34.045,6.406099796295166,-1.4711999893188477,-109.23440551757812,-286.4789123535156,Going to 'eat test location' - Status: going - Unknown
2025-05-26 17:56:34.599,6.405600070953369,-1.4694000482559204,-97.62054443359375,-286.4789123535156,Going to 'eat test location' - Status: going - Unknown
2025-05-26 17:56:34.880,6.405600070953369,-1.4694000482559204,-97.62054443359375,-286.4789123535156,Going to 'eat test location' - Status: going - Unknown
2025-05-26 17:56:35.147,6.404799938201904,-1.4701000452041626,-87.54222106933594,-286.4789123535156,Going to 'eat test location' - Status: complete - Unknown
2025-05-26 17:56:35.880,6.404799938201904,-1.4701000452041626,-87.54222106933594,-286.4789123535156,Going to 'eat test location' - Status: complete - Unknown
2025-05-26 17:56:36.880,6.404799938201904,-1.4701000452041626,-87.54222106933594,-286.4789123535156,Going to 'eat test location' - Status: complete - Unknown
2025-05-26 17:56:37.880,6.404799938201904,-1.4701000452041626,-87.54222106933594,-286.4789123535156,Going to 'eat test location' - Status: complete - Unknown
2025-05-26 17:56:38.880,6.404799938201904,-1.4701000452041626,-87.54222106933594,-286.4789123535156,Going to 'eat test location' - Status: complete - Unknown
2025-05-26 17:56:39.880,6.404799938201904,-1.4701000452041626,-87.54222106933594,-286.4789123535156,Going to 'eat test location' - Status: complete - Unknown
2025-05-26 17:56:40.880,6.404799938201904,-1.4701000452041626,-87.54222106933594,-286.4789123535156,Going to 'eat test location' - Status: complete - Unknown
2025-05-26 17:56:41.880,6.404799938201904,-1.4701000452041626,-87.54222106933594,-286.4789123535156,Going to 'eat test location' - Status: complete - Unknown
2025-05-26 17:56:42.880,6.404799938201904,-1.4701000452041626,-87.54222106933594,-286.4789123535156,Going to 'eat test location' - Status: complete - Unknown
2025-05-26 17:56:43.880,6.404799938201904,-1.4701000452041626,-87.54222106933594,-286.4789123535156,Going to 'eat test location' - Status: complete - Unknown
2025-05-26 17:56:44.880,6.404799938201904,-1.4701000452041626,-87.54222106933594,-286.4789123535156,Going to 'eat test location' - Status: complete - Unknown
2025-05-26 17:56:44.964,6.403600215911865,-1.4744000434875488,-86.56246185302734,0,Going to 'eat test location' - Status: complete - Unknown
2025-05-26 17:56:45.250,6.4039998054504395,-1.4773000478744507,-86.05825805664062,0,Going to 'eat test location' - Status: complete - Unknown
2025-05-26 17:56:45.794,6.4045000076293945,-1.4788000583648682,-77.36076354980469,0,Going to 'eat test location' - Status: complete - Unknown
2025-05-26 17:56:45.880,6.4045000076293945,-1.4788000583648682,-77.36076354980469,0,Going to 'eat test location' - Status: complete - Unknown
2025-05-26 17:56:46.294,6.405700206756592,-1.4781999588012695,-50.74114227294922,0,Going to 'eat test location' - Status: complete - Unknown
2025-05-26 17:56:46.844,6.406300067901611,-1.4774999618530273,-34.096717834472656,0,Going to 'eat test location' - Status: complete - Unknown
2025-05-26 17:56:46.880,6.406300067901611,-1.4774999618530273,-34.096717834472656,0,Going to 'eat test location' - Status: complete - Unknown
2025-05-26 17:56:47.845,6.404600143432617,-1.478600025177002,-24.854909896850586,0,Going to 'eat test location' - Status: complete - Unknown
2025-05-26 17:56:47.880,6.404600143432617,-1.478600025177002,-24.854909896850586,0,Going to 'eat test location' - Status: complete - Unknown
2025-05-26 17:56:48.880,6.404600143432617,-1.478600025177002,-24.854909896850586,0,Going to 'eat test location' - Status: complete - Unknown
2025-05-26 17:56:48.901,6.403900146484375,-1.4779000282287598,-30.20633316040039,0,Going to 'eat test location' - Status: complete - Unknown
2025-05-26 17:56:49.458,6.404300212860107,-1.4809000492095947,-40.4622802734375,-57.295780181884766,Going to 'eat test location' - Status: complete - Unknown
2025-05-26 17:56:49.880,6.404300212860107,-1.4809000492095947,-40.4622802734375,-57.295780181884766,Going to 'eat test location' - Status: complete - Unknown
2025-05-26 17:56:49.996,6.400000095367432,-1.4531999826431274,-59.16362380981445,0,Going to 'eat test location' - Status: complete - Unknown
2025-05-26 17:56:50.509,6.396399974822998,-1.4325000047683716,-72.0379867553711,0,Going to 'eat test location' - Status: complete - Unknown
2025-05-26 17:56:50.880,6.396399974822998,-1.4325000047683716,-72.0379867553711,0,Going to 'eat test location' - Status: complete - Unknown
2025-05-26 17:56:51.046,6.392000198364258,-1.4198999404907227,-87.6396255493164,0,Going to 'eat test location' - Status: complete - Unknown
2025-05-26 17:56:51.547,6.378699779510498,-1.4163999557495117,-94.503662109375,0,Going to 'eat test location' - Status: complete - Unknown
2025-05-26 17:56:51.880,6.378699779510498,-1.4163999557495117,-94.503662109375,0,Going to 'eat test location' - Status: complete - Unknown
2025-05-26 17:56:52.880,6.378699779510498,-1.4163999557495117,-94.503662109375,0,Going to 'eat test location' - Status: complete - Unknown
2025-05-26 17:56:53.880,6.378699779510498,-1.4163999557495117,-94.503662109375,0,Going to 'eat test location' - Status: complete - Unknown
2025-05-26 17:56:54.880,6.378699779510498,-1.4163999557495117,-94.503662109375,0,Going to 'eat test location' - Status: complete - Unknown
2025-05-26 17:56:55.880,6.378699779510498,-1.4163999557495117,-94.503662109375,0,Going to 'eat test location' - Status: complete - Unknown
2025-05-26 17:56:56.880,6.378699779510498,-1.4163999557495117,-94.503662109375,0,Going to 'eat test location' - Status: complete - Unknown
2025-05-26 17:56:57.880,6.378699779510498,-1.4163999557495117,-94.503662109375,0,Going to 'eat test location' - Status: complete - Unknown
2025-05-26 17:56:57.956,6.352200031280518,-1.4198999404907227,-98.25653076171875,0,Going to 'eat test location' - Status: complete - Unknown
2025-05-26 17:56:58.880,6.352200031280518,-1.4198999404907227,-98.25653076171875,0,Going to 'eat test location' - Status: complete - Unknown
2025-05-26 17:56:59.880,6.352200031280518,-1.4198999404907227,-98.25653076171875,0,Going to 'eat test location' - Status: complete - Unknown
2025-05-26 17:57:00.880,6.352200031280518,-1.4198999404907227,-98.25653076171875,0,Going to 'eat test location' - Status: complete - Unknown
2025-05-26 17:57:01.880,6.352200031280518,-1.4198999404907227,-98.25653076171875,0,Going to 'eat test location' - Status: complete - Unknown
2025-05-26 17:57:02.880,6.352200031280518,-1.4198999404907227,-98.25653076171875,0,Going to 'eat test location' - Status: complete - Unknown
2025-05-26 17:57:03.880,6.352200031280518,-1.4198999404907227,-98.25653076171875,0,Going to 'eat test location' - Status: complete - Unknown
2025-05-26 17:57:04.880,6.352200031280518,-1.4198999404907227,-98.25653076171875,0,Going to 'eat test location' - Status: complete - Unknown
2025-05-26 17:58:26.026,6.352200031280518,-1.4198999404907227,-98.25653076171875,0,Data logging started
2025-05-26 17:58:26.880,6.352200031280518,-1.4198999404907227,-98.25653076171875,0,Data logging started
2025-05-26 17:58:27.026,6.352200031280518,-1.4198999404907227,-98.25653076171875,0,Data logging started
2025-05-26 17:58:27.880,6.352200031280518,-1.4198999404907227,-98.25653076171875,0,Data logging started
2025-05-26 17:58:28.026,6.352200031280518,-1.4198999404907227,-98.25653076171875,0,Data logging started
2025-05-26 17:58:28.880,6.352200031280518,-1.4198999404907227,-98.25653076171875,0,Data logging started
2025-05-26 17:58:29.026,6.352200031280518,-1.4198999404907227,-98.25653076171875,0,Data logging started
2025-05-26 17:58:29.880,6.352200031280518,-1.4198999404907227,-98.25653076171875,0,Data logging started
2025-05-26 17:58:30.026,6.352200031280518,-1.4198999404907227,-98.25653076171875,0,Data logging started
2025-05-26 17:58:30.880,6.352200031280518,-1.4198999404907227,-98.25653076171875,0,Data logging started
2025-05-26 17:58:31.026,6.352200031280518,-1.4198999404907227,-98.25653076171875,0,Data logging started
2025-05-26 17:58:31.880,6.352200031280518,-1.4198999404907227,-98.25653076171875,0,Data logging started
2025-05-26 17:58:32.026,6.352200031280518,-1.4198999404907227,-98.25653076171875,0,Data logging started
2025-05-26 17:58:32.880,6.352200031280518,-1.4198999404907227,-98.25653076171875,0,Data logging started
2025-05-26 17:58:33.026,6.352200031280518,-1.4198999404907227,-98.25653076171875,0,Data logging started
2025-05-26 17:58:33.880,6.352200031280518,-1.4198999404907227,-98.25653076171875,0,Data logging started
2025-05-26 17:58:34.026,6.352200031280518,-1.4198999404907227,-98.25653076171875,0,Data logging started
2025-05-26 17:58:34.880,6.352200031280518,-1.4198999404907227,-98.25653076171875,0,Data logging started
2025-05-26 17:58:35.026,6.352200031280518,-1.4198999404907227,-98.25653076171875,0,Data logging started
2025-05-26 17:58:35.880,6.352200031280518,-1.4198999404907227,-98.25653076171875,0,Data logging started
2025-05-26 17:58:36.026,6.352200031280518,-1.4198999404907227,-98.25653076171875,0,Data logging started
2025-05-26 17:58:36.880,6.352200031280518,-1.4198999404907227,-98.25653076171875,0,Data logging started
2025-05-26 17:58:37.026,6.352200031280518,-1.4198999404907227,-98.25653076171875,0,Data logging started
2025-05-26 17:58:37.880,6.352200031280518,-1.4198999404907227,-98.25653076171875,0,Data logging started
2025-05-26 17:58:38.026,6.352200031280518,-1.4198999404907227,-98.25653076171875,0,Data logging started
2025-05-26 17:58:38.880,6.352200031280518,-1.4198999404907227,-98.25653076171875,0,Data logging started
2025-05-26 17:58:39.026,6.352200031280518,-1.4198999404907227,-98.25653076171875,0,Data logging started
2025-05-26 17:58:39.880,6.352200031280518,-1.4198999404907227,-98.25653076171875,0,Data logging started
2025-05-26 17:58:40.026,6.352200031280518,-1.4198999404907227,-98.25653076171875,0,Data logging started
2025-05-26 17:58:40.880,6.352200031280518,-1.4198999404907227,-98.25653076171875,0,Data logging started
2025-05-26 17:58:41.026,6.352200031280518,-1.4198999404907227,-98.25653076171875,0,Data logging started
2025-05-26 17:58:41.880,6.352200031280518,-1.4198999404907227,-98.25653076171875,0,Data logging started
2025-05-26 17:58:42.026,6.352200031280518,-1.4198999404907227,-98.25653076171875,0,Data logging started
2025-05-26 17:58:42.880,6.352200031280518,-1.4198999404907227,-98.25653076171875,0,Data logging started
2025-05-26 17:58:43.026,6.352200031280518,-1.4198999404907227,-98.25653076171875,0,Data logging started
2025-05-26 17:58:43.880,6.352200031280518,-1.4198999404907227,-98.25653076171875,0,Data logging started
2025-05-26 17:58:44.026,6.352200031280518,-1.4198999404907227,-98.25653076171875,0,Data logging started
2025-05-26 17:58:44.880,6.352200031280518,-1.4198999404907227,-98.25653076171875,0,Data logging started
2025-05-26 17:58:45.026,6.352200031280518,-1.4198999404907227,-98.25653076171875,0,Data logging started
2025-05-26 17:58:45.880,6.352200031280518,-1.4198999404907227,-98.25653076171875,0,Data logging started
2025-05-26 17:58:46.026,6.352200031280518,-1.4198999404907227,-98.25653076171875,0,Data logging started
2025-05-26 17:58:46.880,6.352200031280518,-1.4198999404907227,-98.25653076171875,0,Data logging started
2025-05-26 17:58:47.026,6.352200031280518,-1.4198999404907227,-98.25653076171875,0,Data logging started
2025-05-26 17:58:47.880,6.352200031280518,-1.4198999404907227,-98.25653076171875,0,Data logging started
2025-05-26 17:58:48.026,6.352200031280518,-1.4198999404907227,-98.25653076171875,0,Data logging started
2025-05-26 17:58:48.880,6.352200031280518,-1.4198999404907227,-98.25653076171875,0,Data logging started
2025-05-26 17:58:49.026,6.352200031280518,-1.4198999404907227,-98.25653076171875,0,Data logging started
2025-05-26 17:58:49.880,6.352200031280518,-1.4198999404907227,-98.25653076171875,0,Data logging started
2025-05-26 17:58:50.026,6.352200031280518,-1.4198999404907227,-98.25653076171875,0,Data logging started
2025-05-26 17:58:50.880,6.352200031280518,-1.4198999404907227,-98.25653076171875,0,Data logging started
2025-05-26 17:58:51.026,6.352200031280518,-1.4198999404907227,-98.25653076171875,0,Data logging started
2025-05-26 17:58:51.880,6.352200031280518,-1.4198999404907227,-98.25653076171875,0,Data logging started
2025-05-26 17:58:52.026,6.352200031280518,-1.4198999404907227,-98.25653076171875,0,Data logging started
2025-05-26 17:58:52.880,6.352200031280518,-1.4198999404907227,-98.25653076171875,0,Data logging started
2025-05-26 17:58:53.026,6.352200031280518,-1.4198999404907227,-98.25653076171875,0,Data logging started
2025-05-26 17:58:53.880,6.352200031280518,-1.4198999404907227,-98.25653076171875,0,Data logging started
2025-05-26 17:58:54.026,6.352200031280518,-1.4198999404907227,-98.25653076171875,0,Data logging started
2025-05-26 17:58:54.880,6.352200031280518,-1.4198999404907227,-98.25653076171875,0,Data logging started
2025-05-26 17:58:55.026,6.352200031280518,-1.4198999404907227,-98.25653076171875,0,Data logging started
2025-05-26 17:58:55.320,6.352499961853027,-1.4204000234603882,-98.09610748291016,0,Going to location: eat test location
2025-05-26 17:58:55.880,6.352499961853027,-1.4204000234603882,-98.09610748291016,0,Going to 'eat test location' - Status: start - Unknown
2025-05-26 17:58:56.026,6.352499961853027,-1.4204000234603882,-98.09610748291016,0,Going to 'eat test location' - Status: start - Unknown
2025-05-26 17:58:56.868,6.35260009765625,-1.4115999937057495,-82.72364807128906,-229.18312072753906,Going to 'eat test location' - Status: going - Unknown
2025-05-26 17:58:56.880,6.35260009765625,-1.4115999937057495,-82.72364807128906,-229.18312072753906,Going to 'eat test location' - Status: going - Unknown
2025-05-26 17:58:57.026,6.35260009765625,-1.4115999937057495,-82.72364807128906,-229.18312072753906,Going to 'eat test location' - Status: going - Unknown
2025-05-26 17:58:57.427,6.351600170135498,-1.4119000434875488,-55.55398941040039,-229.18312072753906,Going to 'eat test location' - Status: going - Unknown
2025-05-26 17:58:57.880,6.351600170135498,-1.4119000434875488,-55.55398941040039,-229.18312072753906,Going to 'eat test location' - Status: going - Unknown
2025-05-26 17:58:57.960,6.353499889373779,-1.414199948310852,-49.32020950317383,-229.18312072753906,Going to 'eat test location' - Status: going - Unknown
2025-05-26 17:58:58.026,6.353499889373779,-1.414199948310852,-49.32020950317383,-229.18312072753906,Going to 'eat test location' - Status: going - Unknown
2025-05-26 17:58:58.505,6.372700214385986,-1.4326000213623047,-38.53141403198242,-229.18312072753906,Going to 'eat test location' - Status: going - Unknown
2025-05-26 17:58:58.880,6.372700214385986,-1.4326000213623047,-38.53141403198242,-229.18312072753906,Going to 'eat test location' - Status: going - Unknown
2025-05-26 17:58:59.026,6.372700214385986,-1.4326000213623047,-38.53141403198242,-229.18312072753906,Going to 'eat test location' - Status: going - Unknown
2025-05-26 17:58:59.561,6.408299922943115,-1.4693000316619873,-68.46273040771484,-229.18312072753906,Going to 'eat test location' - Status: going - Unknown
2025-05-26 17:58:59.880,6.408299922943115,-1.4693000316619873,-68.46273040771484,-229.18312072753906,Going to 'eat test location' - Status: going - Unknown
2025-05-26 17:59:00.029,6.408299922943115,-1.4693000316619873,-68.46273040771484,-229.18312072753906,Going to 'eat test location' - Status: complete - Unknown
2025-05-26 17:59:00.110,6.411099910736084,-1.534500002861023,-98.57738494873047,-229.18312072753906,Going to 'eat test location' - Status: complete - Unknown
2025-05-26 17:59:00.659,6.404900074005127,-1.5497000217437744,-107.51553344726562,0,Going to 'eat test location' - Status: complete - Unknown
2025-05-26 17:59:00.880,6.404900074005127,-1.5497000217437744,-107.51553344726562,0,Going to 'eat test location' - Status: complete - Unknown
2025-05-26 17:59:01.026,6.404900074005127,-1.5497000217437744,-107.51553344726562,0,Going to 'eat test location' - Status: complete - Unknown
2025-05-26 17:59:01.880,6.404900074005127,-1.5497000217437744,-107.51553344726562,0,Going to 'eat test location' - Status: complete - Unknown
2025-05-26 17:59:02.026,6.404900074005127,-1.5497000217437744,-107.51553344726562,0,Going to 'eat test location' - Status: complete - Unknown
2025-05-26 17:59:02.880,6.404900074005127,-1.5497000217437744,-107.51553344726562,0,Going to 'eat test location' - Status: complete - Unknown
2025-05-26 17:59:03.026,6.404900074005127,-1.5497000217437744,-107.51553344726562,0,Going to 'eat test location' - Status: complete - Unknown
2025-05-26 17:59:03.880,6.404900074005127,-1.5497000217437744,-107.51553344726562,0,Going to 'eat test location' - Status: complete - Unknown
2025-05-26 17:59:04.026,6.404900074005127,-1.5497000217437744,-107.51553344726562,0,Going to 'eat test location' - Status: complete - Unknown
2025-05-26 17:59:04.880,6.404900074005127,-1.5497000217437744,-107.51553344726562,0,Going to 'eat test location' - Status: complete - Unknown
2025-05-26 17:59:05.026,6.404900074005127,-1.5497000217437744,-107.51553344726562,0,Going to 'eat test location' - Status: complete - Unknown
2025-05-26 17:59:05.880,6.404900074005127,-1.5497000217437744,-107.51553344726562,0,Going to 'eat test location' - Status: complete - Unknown
2025-05-26 17:59:06.026,6.404900074005127,-1.5497000217437744,-107.51553344726562,0,Going to 'eat test location' - Status: complete - Unknown
2025-05-26 17:59:06.880,6.404900074005127,-1.5497000217437744,-107.51553344726562,0,Going to 'eat test location' - Status: complete - Unknown
2025-05-26 17:59:07.026,6.404900074005127,-1.5497000217437744,-107.51553344726562,0,Going to 'eat test location' - Status: complete - Unknown
2025-05-26 17:59:07.880,6.404900074005127,-1.5497000217437744,-107.51553344726562,0,Going to 'eat test location' - Status: complete - Unknown
2025-05-26 17:59:08.026,6.404900074005127,-1.5497000217437744,-107.51553344726562,0,Going to 'eat test location' - Status: complete - Unknown
2025-05-26 17:59:08.880,6.404900074005127,-1.5497000217437744,-107.51553344726562,0,Going to 'eat test location' - Status: complete - Unknown
2025-05-26 17:59:09.026,6.404900074005127,-1.5497000217437744,-107.51553344726562,0,Going to 'eat test location' - Status: complete - Unknown
2025-05-26 17:59:09.885,6.404900074005127,-1.5497000217437744,-107.51553344726562,0,Going to 'eat test location' - Status: start - Unknown
2025-05-26 17:59:10.026,6.404900074005127,-1.5497000217437744,-107.51553344726562,0,Going to 'eat test location' - Status: start - Unknown
2025-05-26 17:59:10.308,6.409299850463867,-1.549299955368042,-114.00141143798828,0,Going to 'eat test location' - Status: start - Unknown
2025-05-26 17:59:10.863,6.411600112915039,-1.5441999435424805,-150.51602172851562,-171.88734436035156,Going to 'eat test location' - Status: going - Unknown
2025-05-26 17:59:10.880,6.411600112915039,-1.5441999435424805,-150.51602172851562,-171.88734436035156,Going to 'eat test location' - Status: going - Unknown
2025-05-26 17:59:11.026,6.411600112915039,-1.5441999435424805,-150.51602172851562,-171.88734436035156,Going to 'eat test location' - Status: going - Unknown
2025-05-26 17:59:11.410,6.42519998550415,-1.5427000522613525,164.81704711914062,-171.88734436035156,Going to 'eat test location' - Status: going - Unknown
2025-05-26 17:59:11.880,6.42519998550415,-1.5427000522613525,164.81704711914062,-171.88734436035156,Going to 'eat test location' - Status: going - Unknown
2025-05-26 17:59:11.911,6.428699970245361,-1.5442999601364136,151.4671173095703,-171.88734436035156,Going to 'eat test location' - Status: going - Unknown
2025-05-26 17:59:12.026,6.428699970245361,-1.5442999601364136,151.4671173095703,-171.88734436035156,Going to 'eat test location' - Status: going - Unknown
2025-05-26 17:59:12.460,6.421000003814697,-1.541599988937378,129.0243682861328,-171.88734436035156,Going to 'eat test location' - Status: going - Unknown
2025-05-26 17:59:12.880,6.421000003814697,-1.541599988937378,129.0243682861328,-171.88734436035156,Going to 'eat test location' - Status: going - Unknown
2025-05-26 17:59:12.960,6.423099994659424,-1.5422999858856201,104.73095703125,-171.88734436035156,Going to 'eat test location' - Status: going - Unknown
2025-05-26 17:59:13.026,6.423099994659424,-1.5422999858856201,104.73095703125,-171.88734436035156,Going to 'eat test location' - Status: going - Unknown
2025-05-26 17:59:13.508,6.424699783325195,-1.5436999797821045,78.09414672851562,-171.88734436035156,Going to 'eat test location' - Status: going - Unknown
2025-05-26 17:59:13.880,6.424699783325195,-1.5436999797821045,78.09414672851562,-171.88734436035156,Going to 'eat test location' - Status: going - Unknown
2025-05-26 17:59:14.011,6.418799877166748,-1.549399971961975,42.40460968017578,-171.88734436035156,Going to 'eat test location' - Status: going - Unknown
2025-05-26 17:59:14.026,6.418799877166748,-1.549399971961975,42.40460968017578,-171.88734436035156,Going to 'eat test location' - Status: going - Unknown
2025-05-26 17:59:14.559,6.421999931335449,-1.551300048828125,-6.22805118560791,-171.88734436035156,Going to 'eat test location' - Status: going - Unknown
2025-05-26 17:59:14.880,6.421999931335449,-1.551300048828125,-6.22805118560791,-171.88734436035156,Going to 'eat test location' - Status: going - Unknown
2025-05-26 17:59:15.026,6.421999931335449,-1.551300048828125,-6.22805118560791,-171.88734436035156,Going to 'eat test location' - Status: going - Unknown
2025-05-26 17:59:15.110,6.427800178527832,-1.551200032234192,-38.34233474731445,-171.88734436035156,Going to 'eat test location' - Status: going - Unknown
2025-05-26 17:59:15.609,6.435699939727783,-1.5582000017166138,-49.016536712646484,-171.88734436035156,Going to 'eat test location' - Status: going - Unknown
2025-05-26 17:59:15.880,6.435699939727783,-1.5582000017166138,-49.016536712646484,-171.88734436035156,Going to 'eat test location' - Status: going - Unknown
2025-05-26 17:59:16.026,6.435699939727783,-1.5582000017166138,-49.016536712646484,-171.88734436035156,Going to 'eat test location' - Status: going - Unknown
2025-05-26 17:59:16.112,6.4355998039245605,-1.5571999549865723,-59.066219329833984,-171.88734436035156,Going to 'eat test location' - Status: going - Unknown
2025-05-26 17:59:16.659,6.435400009155273,-1.555799961090088,-71.37335205078125,-171.88734436035156,Going to 'eat test location' - Status: going - Unknown
2025-05-26 17:59:16.880,6.435400009155273,-1.555799961090088,-71.37335205078125,-171.88734436035156,Going to 'eat test location' - Status: going - Unknown
2025-05-26 17:59:17.026,6.435400009155273,-1.555799961090088,-71.37335205078125,-171.88734436035156,Going to 'eat test location' - Status: going - Unknown
2025-05-26 17:59:17.207,6.437300205230713,-1.5556999444961548,-84.99256134033203,-171.88734436035156,Going to 'eat test location' - Status: going - Unknown
2025-05-26 17:59:17.712,6.434599876403809,-1.5576000213623047,-91.17477416992188,-171.88734436035156,Going to 'eat test location' - Status: complete - Unknown
2025-05-26 17:59:17.880,6.434599876403809,-1.5576000213623047,-91.17477416992188,-171.88734436035156,Going to 'eat test location' - Status: complete - Unknown
2025-05-26 17:59:18.026,6.434599876403809,-1.5576000213623047,-91.17477416992188,-171.88734436035156,Going to 'eat test location' - Status: complete - Unknown
2025-05-26 17:59:18.880,6.434599876403809,-1.5576000213623047,-91.17477416992188,-171.88734436035156,Going to 'eat test location' - Status: complete - Unknown
2025-05-26 17:59:19.026,6.434599876403809,-1.5576000213623047,-91.17477416992188,-171.88734436035156,Going to 'eat test location' - Status: complete - Unknown
2025-05-26 17:59:19.880,6.434599876403809,-1.5576000213623047,-91.17477416992188,-171.88734436035156,Going to 'eat test location' - Status: complete - Unknown
2025-05-26 17:59:20.026,6.434599876403809,-1.5576000213623047,-91.17477416992188,-171.88734436035156,Going to 'eat test location' - Status: complete - Unknown
2025-05-26 17:59:20.880,6.434599876403809,-1.5576000213623047,-91.17477416992188,-171.88734436035156,Going to 'eat test location' - Status: complete - Unknown
2025-05-26 17:59:21.026,6.434599876403809,-1.5576000213623047,-91.17477416992188,-171.88734436035156,Going to 'eat test location' - Status: complete - Unknown
2025-05-26 17:59:21.880,6.434599876403809,-1.5576000213623047,-91.17477416992188,-171.88734436035156,Going to 'eat test location' - Status: complete - Unknown
2025-05-26 17:59:22.026,6.434599876403809,-1.5576000213623047,-91.17477416992188,-171.88734436035156,Going to 'eat test location' - Status: complete - Unknown
2025-05-26 17:59:22.880,6.434599876403809,-1.5576000213623047,-91.17477416992188,-171.88734436035156,Going to 'eat test location' - Status: complete - Unknown
2025-05-26 17:59:23.026,6.434599876403809,-1.5576000213623047,-91.17477416992188,-171.88734436035156,Going to 'eat test location' - Status: complete - Unknown
2025-05-26 17:59:23.880,6.434599876403809,-1.5576000213623047,-91.17477416992188,-171.88734436035156,Going to 'eat test location' - Status: complete - Unknown
2025-05-26 17:59:24.026,6.434599876403809,-1.5576000213623047,-91.17477416992188,-171.88734436035156,Going to 'eat test location' - Status: complete - Unknown
2025-05-26 17:59:24.880,6.434599876403809,-1.5576000213623047,-91.17477416992188,-171.88734436035156,Going to 'eat test location' - Status: complete - Unknown
2025-05-26 17:59:25.026,6.434599876403809,-1.5576000213623047,-91.17477416992188,-171.88734436035156,Going to 'eat test location' - Status: complete - Unknown
2025-05-26 17:59:25.880,6.434599876403809,-1.5576000213623047,-91.17477416992188,-171.88734436035156,Going to 'eat test location' - Status: complete - Unknown
2025-05-26 17:59:26.026,6.434599876403809,-1.5576000213623047,-91.17477416992188,-171.88734436035156,Going to 'eat test location' - Status: complete - Unknown
2025-05-26 17:59:26.880,6.434599876403809,-1.5576000213623047,-91.17477416992188,-171.88734436035156,Going to 'eat test location' - Status: complete - Unknown
2025-05-26 17:59:27.026,6.434599876403809,-1.5576000213623047,-91.17477416992188,-171.88734436035156,Going to 'eat test location' - Status: complete - Unknown
2025-05-26 17:59:27.880,6.434599876403809,-1.5576000213623047,-91.17477416992188,-171.88734436035156,Going to 'eat test location' - Status: complete - Unknown
2025-05-26 17:59:28.026,6.434599876403809,-1.5576000213623047,-91.17477416992188,-171.88734436035156,Going to 'eat test location' - Status: complete - Unknown
2025-05-26 17:59:28.880,6.434599876403809,-1.5576000213623047,-91.17477416992188,-171.88734436035156,Going to 'eat test location' - Status: complete - Unknown
2025-05-26 17:59:29.026,6.434599876403809,-1.5576000213623047,-91.17477416992188,-171.88734436035156,Going to 'eat test location' - Status: complete - Unknown
2025-05-26 17:59:29.880,6.434599876403809,-1.5576000213623047,-91.17477416992188,-171.88734436035156,Going to 'eat test location' - Status: complete - Unknown
2025-05-26 17:59:30.026,6.434599876403809,-1.5576000213623047,-91.17477416992188,-171.88734436035156,Going to 'eat test location' - Status: complete - Unknown
2025-05-26 17:59:30.880,6.434599876403809,-1.5576000213623047,-91.17477416992188,-171.88734436035156,Going to 'eat test location' - Status: complete - Unknown
2025-05-26 17:59:31.026,6.434599876403809,-1.5576000213623047,-91.17477416992188,-171.88734436035156,Going to 'eat test location' - Status: complete - Unknown
2025-05-26 17:59:31.880,6.434599876403809,-1.5576000213623047,-91.17477416992188,-171.88734436035156,Going to 'eat test location' - Status: complete - Unknown
2025-05-26 17:59:32.026,6.434599876403809,-1.5576000213623047,-91.17477416992188,-171.88734436035156,Going to 'eat test location' - Status: complete - Unknown
2025-05-26 17:59:32.880,6.434599876403809,-1.5576000213623047,-91.17477416992188,-171.88734436035156,Going to 'eat test location' - Status: complete - Unknown
2025-05-26 17:59:33.026,6.434599876403809,-1.5576000213623047,-91.17477416992188,-171.88734436035156,Going to 'eat test location' - Status: complete - Unknown
2025-05-26 17:59:33.880,6.434599876403809,-1.5576000213623047,-91.17477416992188,-171.88734436035156,Going to 'eat test location' - Status: complete - Unknown
2025-05-26 17:59:34.026,6.434599876403809,-1.5576000213623047,-91.17477416992188,-171.88734436035156,Going to 'eat test location' - Status: complete - Unknown
2025-05-26 17:59:34.880,6.434599876403809,-1.5576000213623047,-91.17477416992188,-171.88734436035156,Selected location: home base
2025-05-26 17:59:35.026,6.434599876403809,-1.5576000213623047,-91.17477416992188,-171.88734436035156,Selected location: home base
2025-05-26 17:59:35.880,6.434599876403809,-1.5576000213623047,-91.17477416992188,-171.88734436035156,Selected location: home base
2025-05-26 17:59:36.026,6.434599876403809,-1.5576000213623047,-91.17477416992188,-171.88734436035156,Selected location: home base
2025-05-26 17:59:36.481,6.432000160217285,-1.5582000017166138,-90.9513168334961,-57.295780181884766,Selected location: eat test location
2025-05-26 17:59:36.880,6.432000160217285,-1.5582000017166138,-90.9513168334961,-57.295780181884766,Selected location: eat test location
2025-05-26 17:59:37.026,6.432000160217285,-1.5582000017166138,-90.9513168334961,-57.295780181884766,Selected location: eat test location
2025-05-26 17:59:37.330,6.432199954986572,-1.5585999488830566,-90.55597686767578,-57.295780181884766,Going to 'eat test location' - Status: start - Unknown
2025-05-26 17:59:37.880,6.432199954986572,-1.5585999488830566,-90.55597686767578,-57.295780181884766,Going to 'eat test location' - Status: start - Unknown
2025-05-26 17:59:38.026,6.432199954986572,-1.5585999488830566,-90.55597686767578,-57.295780181884766,Going to 'eat test location' - Status: start - Unknown
2025-05-26 17:59:38.460,6.431300163269043,-1.516800045967102,-84.26490783691406,-57.295780181884766,Going to 'eat test location' - Status: start - Unknown
2025-05-26 17:59:38.880,6.431300163269043,-1.516800045967102,-84.26490783691406,-57.295780181884766,Going to 'eat test location' - Status: going - Unknown
2025-05-26 17:59:38.961,6.407400131225586,-1.4433000087738037,-66.86418151855469,-57.295780181884766,Going to 'eat test location' - Status: going - Unknown
2025-05-26 17:59:39.026,6.407400131225586,-1.4433000087738037,-66.86418151855469,-57.295780181884766,Going to 'eat test location' - Status: going - Unknown
2025-05-26 17:59:39.880,6.407400131225586,-1.4433000087738037,-66.86418151855469,-57.295780181884766,Going to 'eat test location' - Status: going - Unknown
2025-05-26 17:59:40.026,6.407400131225586,-1.4433000087738037,-66.86418151855469,-57.295780181884766,Going to 'eat test location' - Status: going - Unknown
2025-05-26 17:59:40.614,6.396900177001953,-1.4278000593185425,-78.86190795898438,-229.18312072753906,Going to 'eat test location' - Status: going - Unknown
2025-05-26 17:59:40.880,6.396900177001953,-1.4278000593185425,-78.86190795898438,-229.18312072753906,Going to 'eat test location' - Status: going - Unknown
2025-05-26 17:59:41.026,6.396900177001953,-1.4278000593185425,-78.86190795898438,-229.18312072753906,Going to 'eat test location' - Status: going - Unknown
2025-05-26 17:59:41.163,6.406000137329102,-1.4169000387191772,-88.99180603027344,-229.18312072753906,Going to 'eat test location' - Status: complete - Unknown
2025-05-26 17:59:41.880,6.406000137329102,-1.4169000387191772,-88.99180603027344,-229.18312072753906,Going to 'eat test location' - Status: complete - Unknown
2025-05-26 17:59:42.026,6.406000137329102,-1.4169000387191772,-88.99180603027344,-229.18312072753906,Going to 'eat test location' - Status: complete - Unknown
2025-05-26 17:59:42.880,6.406000137329102,-1.4169000387191772,-88.99180603027344,-229.18312072753906,Going to 'eat test location' - Status: complete - Unknown
2025-05-26 17:59:43.026,6.406000137329102,-1.4169000387191772,-88.99180603027344,-229.18312072753906,Going to 'eat test location' - Status: complete - Unknown
2025-05-26 17:59:43.880,6.406000137329102,-1.4169000387191772,-88.99180603027344,-229.18312072753906,Going to 'eat test location' - Status: complete - Unknown
2025-05-26 17:59:44.026,6.406000137329102,-1.4169000387191772,-88.99180603027344,-229.18312072753906,Going to 'eat test location' - Status: complete - Unknown
2025-05-26 17:59:44.880,6.406000137329102,-1.4169000387191772,-88.99180603027344,-229.18312072753906,Going to 'eat test location' - Status: complete - Unknown
2025-05-26 17:59:45.026,6.406000137329102,-1.4169000387191772,-88.99180603027344,-229.18312072753906,Going to 'eat test location' - Status: complete - Unknown
2025-05-26 17:59:45.880,6.406000137329102,-1.4169000387191772,-88.99180603027344,-229.18312072753906,Going to 'eat test location' - Status: complete - Unknown
2025-05-26 17:59:46.026,6.406000137329102,-1.4169000387191772,-88.99180603027344,-229.18312072753906,Going to 'eat test location' - Status: complete - Unknown
2025-05-26 17:59:46.880,6.406000137329102,-1.4169000387191772,-88.99180603027344,-229.18312072753906,Going to 'eat test location' - Status: complete - Unknown
2025-05-26 17:59:47.026,6.406000137329102,-1.4169000387191772,-88.99180603027344,-229.18312072753906,Going to 'eat test location' - Status: complete - Unknown
2025-05-26 17:59:47.880,6.406000137329102,-1.4169000387191772,-88.99180603027344,-229.18312072753906,Going to 'eat test location' - Status: complete - Unknown
2025-05-26 17:59:48.026,6.406000137329102,-1.4169000387191772,-88.99180603027344,-229.18312072753906,Going to 'eat test location' - Status: complete - Unknown
2025-05-26 17:59:48.880,6.406000137329102,-1.4169000387191772,-88.99180603027344,-229.18312072753906,Follow status: start
2025-05-26 17:59:49.026,6.406000137329102,-1.4169000387191772,-88.99180603027344,-229.18312072753906,Follow status: start
2025-05-26 17:59:49.631,6.403299808502197,-1.4187999963760376,-70.21024322509766,-114.59156036376953,Follow status: start
2025-05-26 17:59:49.880,6.403299808502197,-1.4187999963760376,-70.21024322509766,-114.59156036376953,Follow status: track
2025-05-26 17:59:50.026,6.403299808502197,-1.4187999963760376,-70.21024322509766,-114.59156036376953,Follow status: track
2025-05-26 17:59:50.688,6.535699844360352,-1.736199975013733,-67.37410736083984,572.9578247070312,Follow status: track
2025-05-26 17:59:50.880,6.535699844360352,-1.736199975013733,-67.37410736083984,572.9578247070312,Follow status: track
2025-05-26 17:59:51.026,6.535699844360352,-1.736199975013733,-67.37410736083984,572.9578247070312,Follow status: track
2025-05-26 17:59:51.239,6.627399921417236,-1.9973000288009644,-74.24386596679688,572.9578247070312,Follow status: track
2025-05-26 17:59:51.782,6.661799907684326,-2.166599988937378,-83.56016540527344,572.9578247070312,Follow status: track
2025-05-26 17:59:51.880,6.661799907684326,-2.166599988937378,-83.56016540527344,572.9578247070312,Follow status: track
2025-05-26 17:59:52.026,6.661799907684326,-2.166599988937378,-83.56016540527344,572.9578247070312,Follow status: track
2025-05-26 17:59:52.283,6.667699813842773,-2.427299976348877,-95.91313934326172,572.9578247070312,Follow status: track
2025-05-26 17:59:52.789,6.607999801635742,-2.692199945449829,-102.85738372802734,572.9578247070312,Follow status: track
2025-05-26 17:59:52.880,6.607999801635742,-2.692199945449829,-102.85738372802734,572.9578247070312,Follow status: track
2025-05-26 17:59:53.026,6.607999801635742,-2.692199945449829,-102.85738372802734,572.9578247070312,Follow status: track
2025-05-26 17:59:53.282,6.515699863433838,-3.0457000732421875,-103.32147979736328,572.9578247070312,Follow status: track
2025-05-26 17:59:53.830,6.3968000411987305,-3.5178000926971436,-101.61979675292969,572.9578247070312,Follow status: track
2025-05-26 17:59:53.880,6.3968000411987305,-3.5178000926971436,-101.61979675292969,572.9578247070312,Follow status: track
2025-05-26 17:59:54.026,6.3968000411987305,-3.5178000926971436,-101.61979675292969,572.9578247070312,Follow status: track
2025-05-26 17:59:54.337,6.33050012588501,-3.955199956893921,-94.60679626464844,572.9578247070312,Follow status: track
2025-05-26 17:59:54.880,6.33050012588501,-3.955199956893921,-94.60679626464844,572.9578247070312,Follow status: track
2025-05-26 17:59:54.882,6.301700115203857,-4.382900238037109,-94.5208511352539,572.9578247070312,Follow status: track
2025-05-26 17:59:55.026,6.301700115203857,-4.382900238037109,-94.5208511352539,572.9578247070312,Follow status: track
2025-05-26 17:59:55.438,6.279600143432617,-4.8678998947143555,-90.45857238769531,572.9578247070312,Follow status: track
2025-05-26 17:59:55.880,6.279600143432617,-4.8678998947143555,-90.45857238769531,572.9578247070312,Follow status: track
2025-05-26 17:59:55.980,6.262199878692627,-5.384500026702881,-93.76454162597656,572.9578247070312,Follow status: track
2025-05-26 17:59:56.026,6.262199878692627,-5.384500026702881,-93.76454162597656,572.9578247070312,Follow status: track
2025-05-26 17:59:56.482,6.220300197601318,-5.8094000816345215,-97.35125732421875,572.9578247070312,Follow status: track
2025-05-26 17:59:56.880,6.220300197601318,-5.8094000816345215,-97.35125732421875,572.9578247070312,Follow status: track
2025-05-26 17:59:57.026,6.220300197601318,-5.8094000816345215,-97.35125732421875,572.9578247070312,Follow status: track
2025-05-26 17:59:57.032,6.1641998291015625,-6.281099796295166,-96.89862060546875,630.2536010742188,Follow status: track
2025-05-26 17:59:57.536,6.105199813842773,-6.791800022125244,-96.37150573730469,630.2536010742188,Follow status: track
2025-05-26 17:59:57.880,6.105199813842773,-6.791800022125244,-96.37150573730469,630.2536010742188,Follow status: track
2025-05-26 17:59:58.026,6.105199813842773,-6.791800022125244,-96.37150573730469,630.2536010742188,Follow status: track
2025-05-26 17:59:58.088,6.050600051879883,-7.283999919891357,-94.29166412353516,630.2536010742188,Follow status: track
2025-05-26 17:59:58.637,6.004300117492676,-7.864200115203857,-94.1427001953125,572.9578247070312,Follow status: track
2025-05-26 17:59:58.880,6.004300117492676,-7.864200115203857,-94.1427001953125,572.9578247070312,Follow status: track
2025-05-26 17:59:59.026,6.004300117492676,-7.864200115203857,-94.1427001953125,572.9578247070312,Follow status: track
2025-05-26 17:59:59.144,5.973100185394287,-8.35990047454834,-90.09188079833984,630.2536010742188,Follow status: track
2025-05-26 17:59:59.637,5.978799819946289,-8.823100090026855,-86.8260269165039,572.9578247070312,Follow status: track
2025-05-26 17:59:59.880,5.978799819946289,-8.823100090026855,-86.8260269165039,572.9578247070312,Follow status: track
2025-05-26 18:00:00.026,5.978799819946289,-8.823100090026855,-86.8260269165039,572.9578247070312,Follow status: track
2025-05-26 18:00:00.134,5.983699798583984,-9.286399841308594,-87.32449340820312,572.9578247070312,Follow status: track
2025-05-26 18:00:00.689,6.044000148773193,-9.744000434875488,-77.00552368164062,630.2536010742188,Follow status: track
2025-05-26 18:00:00.880,6.044000148773193,-9.744000434875488,-77.00552368164062,630.2536010742188,Follow status: track
2025-05-26 18:00:01.026,6.044000148773193,-9.744000434875488,-77.00552368164062,630.2536010742188,Follow status: track
2025-05-26 18:00:01.232,6.186600208282471,-10.160900115966797,-62.96232986450195,630.2536010742188,Follow status: track
2025-05-26 18:00:01.784,6.425099849700928,-10.499899864196777,-48.82173538208008,572.9578247070312,Follow status: track
2025-05-26 18:00:01.880,6.425099849700928,-10.499899864196777,-48.82173538208008,572.9578247070312,Follow status: track
2025-05-26 18:00:02.026,6.425099849700928,-10.499899864196777,-48.82173538208008,572.9578247070312,Follow status: track
2025-05-26 18:00:02.283,6.567800045013428,-10.65149974822998,-41.023780822753906,572.9578247070312,Follow status: track
2025-05-26 18:00:02.833,2.2916998863220215,-10.1048002243042,-31.197551727294922,630.2536010742188,Follow status: track
2025-05-26 18:00:02.880,2.2916998863220215,-10.1048002243042,-31.197551727294922,630.2536010742188,Follow status: track
2025-05-26 18:00:03.026,2.2916998863220215,-10.1048002243042,-31.197551727294922,630.2536010742188,Follow status: track
2025-05-26 18:00:03.337,2.6572999954223633,-10.229599952697754,-13.246784210205078,572.9578247070312,Follow status: track
2025-05-26 18:00:03.880,2.6572999954223633,-10.229599952697754,-13.246784210205078,572.9578247070312,Follow status: track
2025-05-26 18:00:03.896,3.007499933242798,-10.304400444030762,-12.513398170471191,630.2536010742188,Follow status: track
2025-05-26 18:00:04.026,3.007499933242798,-10.304400444030762,-12.513398170471191,630.2536010742188,Follow status: track
2025-05-26 18:00:04.407,3.143699884414673,-10.275699615478516,-6.657769680023193,630.2536010742188,Follow status: track
2025-05-26 18:00:04.880,3.143699884414673,-10.275699615478516,-6.657769680023193,630.2536010742188,Follow status: track
2025-05-26 18:00:04.935,3.619800090789795,-10.31980037689209,-5.087865352630615,630.2536010742188,Follow status: track
2025-05-26 18:00:05.026,3.619800090789795,-10.31980037689209,-5.087865352630615,630.2536010742188,Follow status: track
2025-05-26 18:00:05.482,4.121300220489502,-10.379899978637695,-7.379696846008301,630.2536010742188,Follow status: track
2025-05-26 18:00:05.880,4.121300220489502,-10.379899978637695,-7.379696846008301,630.2536010742188,Follow status: track
2025-05-26 18:00:06.026,4.121300220489502,-10.379899978637695,-7.379696846008301,630.2536010742188,Follow status: track
2025-05-26 18:00:06.037,4.611299991607666,-10.409000396728516,-2.457988977432251,630.2536010742188,Follow status: track
2025-05-26 18:00:06.557,5.090400218963623,-10.401700019836426,0.32658594846725464,630.2536010742188,Follow status: track
2025-05-26 18:00:06.880,5.090400218963623,-10.401700019836426,0.32658594846725464,630.2536010742188,Follow status: track
2025-05-26 18:00:07.027,5.090400218963623,-10.401700019836426,0.32658594846725464,630.2536010742188,Follow status: track
2025-05-26 18:00:07.095,5.625100135803223,-10.378499984741211,8.353724479675293,630.2536010742188,Follow status: track
2025-05-26 18:00:07.600,6.049799919128418,-10.347800254821777,3.5523383617401123,630.2536010742188,Follow status: track
2025-05-26 18:00:07.881,6.049799919128418,-10.347800254821777,3.5523383617401123,630.2536010742188,Follow status: track
2025-05-26 18:00:08.026,6.049799919128418,-10.347800254821777,3.5523383617401123,630.2536010742188,Follow status: track
2025-05-26 18:00:08.093,6.4944000244140625,-10.3302001953125,1.6272001266479492,630.2536010742188,Follow status: track
2025-05-26 18:00:08.622,6.959199905395508,-10.30150032043457,1.289155125617981,630.2536010742188,Follow status: track
2025-05-26 18:00:08.881,6.959199905395508,-10.30150032043457,1.289155125617981,630.2536010742188,Follow status: track
2025-05-26 18:00:09.026,6.959199905395508,-10.30150032043457,1.289155125617981,630.2536010742188,Follow status: track
2025-05-26 18:00:09.092,7.458899974822998,-10.29580020904541,-1.9423269033432007,630.2536010742188,Follow status: track
2025-05-26 18:00:09.654,7.9878997802734375,-10.303400039672852,2.5095551013946533,630.2536010742188,Follow status: track
2025-05-26 18:00:09.880,7.9878997802734375,-10.303400039672852,2.5095551013946533,630.2536010742188,Follow status: track
2025-05-26 18:00:10.026,7.9878997802734375,-10.303400039672852,2.5095551013946533,630.2536010742188,Follow status: track
2025-05-26 18:00:10.139,8.445799827575684,-10.286800384521484,2.910625457763672,630.2536010742188,Follow status: track
2025-05-26 18:00:10.710,8.967900276184082,-10.2298002243042,11.545099258422852,630.2536010742188,Follow status: track
2025-05-26 18:00:10.881,8.967900276184082,-10.2298002243042,11.545099258422852,630.2536010742188,Follow status: track
2025-05-26 18:00:11.026,8.967900276184082,-10.2298002243042,11.545099258422852,630.2536010742188,Follow status: track
2025-05-26 18:00:11.204,9.371999740600586,-10.110099792480469,20.001956939697266,630.2536010742188,Follow status: track
2025-05-26 18:00:11.699,9.772299766540527,-9.937899589538574,29.003124237060547,630.2536010742188,Follow status: track
2025-05-26 18:00:11.881,9.772299766540527,-9.937899589538574,29.003124237060547,630.2536010742188,Follow status: track
2025-05-26 18:00:12.026,9.772299766540527,-9.937899589538574,29.003124237060547,630.2536010742188,Follow status: track
2025-05-26 18:00:12.199,10.13860034942627,-9.691699981689453,39.75181198120117,630.2536010742188,Follow status: track
2025-05-26 18:00:12.759,10.446100234985352,-9.401100158691406,44.472984313964844,630.2536010742188,Follow status: track
2025-05-26 18:00:12.881,10.446100234985352,-9.401100158691406,44.472984313964844,630.2536010742188,Follow status: track
2025-05-26 18:00:13.026,10.446100234985352,-9.401100158691406,44.472984313964844,630.2536010742188,Follow status: track
2025-05-26 18:00:13.307,10.71969985961914,-9.04259967803955,60.469966888427734,630.2536010742188,Follow status: track
2025-05-26 18:00:13.837,10.88599967956543,-8.630399703979492,75.60177612304688,630.2536010742188,Follow status: track
2025-05-26 18:00:13.880,10.88599967956543,-8.630399703979492,75.60177612304688,630.2536010742188,Follow status: track
2025-05-26 18:00:14.026,10.88599967956543,-8.630399703979492,75.60177612304688,630.2536010742188,Follow status: track
2025-05-26 18:00:14.384,10.937700271606445,-8.068599700927734,95.46050262451172,630.2536010742188,Follow status: track
2025-05-26 18:00:14.880,10.937700271606445,-8.068599700927734,95.46050262451172,630.2536010742188,Follow status: track
2025-05-26 18:00:14.934,10.803099632263184,-7.473899841308594,102.36463928222656,630.2536010742188,Follow status: track
2025-05-26 18:00:15.026,10.803099632263184,-7.473899841308594,102.36463928222656,630.2536010742188,Follow status: track
2025-05-26 18:00:15.433,10.697699546813965,-6.972400188446045,100.50825500488281,630.2536010742188,Follow status: track
2025-05-26 18:00:15.880,10.697699546813965,-6.972400188446045,100.50825500488281,630.2536010742188,Follow status: track
2025-05-26 18:00:15.987,10.621299743652344,-6.3927998542785645,94.64117431640625,630.2536010742188,Follow status: track
2025-05-26 18:00:16.026,10.621299743652344,-6.3927998542785645,94.64117431640625,630.2536010742188,Follow status: track
2025-05-26 18:00:16.535,10.635600090026855,-5.818699836730957,84.77483367919922,630.2536010742188,Follow status: track
2025-05-26 18:00:16.880,10.635600090026855,-5.818699836730957,84.77483367919922,630.2536010742188,Follow status: track
2025-05-26 18:00:17.026,10.635600090026855,-5.818699836730957,84.77483367919922,630.2536010742188,Follow status: track
2025-05-26 18:00:17.088,10.708700180053711,-5.26140022277832,80.28857421875,630.2536010742188,Follow status: track
2025-05-26 18:00:17.631,10.807600021362305,-4.767300128936768,80.34587097167969,630.2536010742188,Follow status: track
2025-05-26 18:00:17.880,10.807600021362305,-4.767300128936768,80.34587097167969,630.2536010742188,Follow status: track
2025-05-26 18:00:18.026,10.807600021362305,-4.767300128936768,80.34587097167969,630.2536010742188,Follow status: track
2025-05-26 18:00:18.143,10.86340045928955,-4.355299949645996,87.08958435058594,630.2536010742188,Follow status: track
2025-05-26 18:00:18.685,10.891300201416016,-3.9065001010894775,91.39250183105469,630.2536010742188,Follow status: track
2025-05-26 18:00:18.880,10.891300201416016,-3.9065001010894775,91.39250183105469,630.2536010742188,Follow status: track
2025-05-26 18:00:19.026,10.891300201416016,-3.9065001010894775,91.39250183105469,630.2536010742188,Follow status: track
2025-05-26 18:00:19.233,10.86299991607666,-3.5013999938964844,81.9329605102539,630.2536010742188,Follow status: track
2025-05-26 18:00:19.743,10.976499557495117,-3.283799886703491,52.276668548583984,630.2536010742188,Follow status: track
2025-05-26 18:00:19.880,10.976499557495117,-3.283799886703491,52.276668548583984,630.2536010742188,Follow status: track
2025-05-26 18:00:20.026,10.976499557495117,-3.283799886703491,52.276668548583984,630.2536010742188,Follow status: track
2025-05-26 18:00:20.291,11.112899780273438,-3.067699909210205,73.26411437988281,630.2536010742188,Follow status: track
2025-05-26 18:00:20.837,11.088399887084961,-2.771399974822998,99.62017059326172,630.2536010742188,Follow status: track
2025-05-26 18:00:20.880,11.088399887084961,-2.771399974822998,99.62017059326172,630.2536010742188,Follow status: track
2025-05-26 18:00:21.026,11.088399887084961,-2.771399974822998,99.62017059326172,630.2536010742188,Follow status: track
2025-05-26 18:00:21.386,10.836199760437012,-2.336699962615967,131.9407196044922,630.2536010742188,Follow status: track
2025-05-26 18:00:21.880,10.836199760437012,-2.336699962615967,131.9407196044922,630.2536010742188,Follow status: track
2025-05-26 18:00:21.903,10.50100040435791,-2.121999979019165,154.40640258789062,630.2536010742188,Follow status: track
2025-05-26 18:00:22.026,10.50100040435791,-2.121999979019165,154.40640258789062,630.2536010742188,Follow status: track
2025-05-26 18:00:22.382,10.289899826049805,-2.0727999210357666,-174.35679626464844,630.2536010742188,Follow status: track
2025-05-26 18:00:22.880,10.289899826049805,-2.0727999210357666,-174.35679626464844,630.2536010742188,Follow status: track
2025-05-26 18:00:22.938,10.170900344848633,-2.091599941253662,-171.48052978515625,630.2536010742188,Follow status: track
2025-05-26 18:00:23.026,10.170900344848633,-2.091599941253662,-171.48052978515625,630.2536010742188,Follow status: track
2025-05-26 18:00:23.880,10.170900344848633,-2.091599941253662,-171.48052978515625,630.2536010742188,Follow status: search
2025-05-26 18:00:24.026,10.170900344848633,-2.091599941253662,-171.48052978515625,630.2536010742188,Follow status: search
2025-05-26 18:00:24.880,10.170900344848633,-2.091599941253662,-171.48052978515625,630.2536010742188,Follow status: search
2025-05-26 18:00:25.026,10.170900344848633,-2.091599941253662,-171.48052978515625,630.2536010742188,Follow status: search
2025-05-26 18:00:25.880,10.170900344848633,-2.091599941253662,-171.48052978515625,630.2536010742188,Follow status: search
2025-05-26 18:00:26.026,10.170900344848633,-2.091599941253662,-171.48052978515625,630.2536010742188,Follow status: search
2025-05-26 18:00:26.880,10.170900344848633,-2.091599941253662,-171.48052978515625,630.2536010742188,Follow status: search
2025-05-26 18:00:27.026,10.170900344848633,-2.091599941253662,-171.48052978515625,630.2536010742188,Follow status: search
2025-05-26 18:00:27.880,10.170900344848633,-2.091599941253662,-171.48052978515625,630.2536010742188,Follow status: search
2025-05-26 18:00:28.026,10.170900344848633,-2.091599941253662,-171.48052978515625,630.2536010742188,Follow status: search
2025-05-26 18:00:28.848,9.850600242614746,-2.1349000930786133,-173.26243591308594,1375.0987548828125,Follow status: search
2025-05-26 18:00:28.880,9.850600242614746,-2.1349000930786133,-173.26243591308594,1375.0987548828125,Follow status: search
2025-05-26 18:00:29.026,9.850600242614746,-2.1349000930786133,-173.26243591308594,1375.0987548828125,Follow status: track
2025-05-26 18:00:29.383,9.652099609375,-2.1702001094818115,-174.3911590576172,1718.8734130859375,Follow status: track
2025-05-26 18:00:29.880,9.652099609375,-2.1702001094818115,-174.3911590576172,1718.8734130859375,Follow status: track
2025-05-26 18:00:29.901,9.527299880981445,-2.185699939727783,-177.46221923828125,1661.57763671875,Follow status: track
2025-05-26 18:00:30.026,9.527299880981445,-2.185699939727783,-177.46221923828125,1661.57763671875,Follow status: track
2025-05-26 18:00:30.443,9.253600120544434,-2.1882998943328857,178.87742614746094,1375.0987548828125,Follow status: track
2025-05-26 18:00:30.880,9.253600120544434,-2.1882998943328857,178.87742614746094,1375.0987548828125,Follow status: track
2025-05-26 18:00:30.985,8.995100021362305,-2.1786999702453613,179.03211975097656,1375.0987548828125,Follow status: track
2025-05-26 18:00:31.026,8.995100021362305,-2.1786999702453613,179.03211975097656,1375.0987548828125,Follow status: track
2025-05-26 18:00:31.483,8.767399787902832,-2.141900062561035,170.08251953125,1375.0987548828125,Follow status: track
2025-05-26 18:00:31.880,8.767399787902832,-2.141900062561035,170.08251953125,1375.0987548828125,Follow status: track
2025-05-26 18:00:31.985,8.399800300598145,-2.0739998817443848,173.17076110839844,1375.0987548828125,Follow status: track
2025-05-26 18:00:32.026,8.399800300598145,-2.0739998817443848,173.17076110839844,1375.0987548828125,Follow status: track
2025-05-26 18:00:32.534,7.938700199127197,-1.9982000589370728,169.83041381835938,1375.0987548828125,Follow status: track
2025-05-26 18:00:32.880,7.938700199127197,-1.9982000589370728,169.83041381835938,1375.0987548828125,Follow status: track
2025-05-26 18:00:33.026,7.938700199127197,-1.9982000589370728,169.83041381835938,1375.0987548828125,Follow status: track
2025-05-26 18:00:33.037,7.551000118255615,-1.9199999570846558,170.34608459472656,1088.6197509765625,Follow status: track
2025-05-26 18:00:33.537,7.213900089263916,-1.871000051498413,171.00498962402344,1260.5072021484375,Follow status: track
2025-05-26 18:00:33.880,7.213900089263916,-1.871000051498413,171.00498962402344,1260.5072021484375,Follow status: track
2025-05-26 18:00:34.026,7.213900089263916,-1.871000051498413,171.00498962402344,1260.5072021484375,Follow status: track
2025-05-26 18:00:34.086,6.685999870300293,-1.8557000160217285,-177.3590850830078,1317.802978515625,Follow status: track
2025-05-26 18:00:34.635,6.100500106811523,-1.8535000085830688,-179.36444091796875,1317.802978515625,Follow status: track
2025-05-26 18:00:34.880,6.100500106811523,-1.8535000085830688,-179.36444091796875,1317.802978515625,Follow status: track
2025-05-26 18:00:35.026,6.100500106811523,-1.8535000085830688,-179.36444091796875,1317.802978515625,Follow status: track
2025-05-26 18:00:35.187,5.720600128173828,-1.8251999616622925,175.31935119628906,1088.6197509765625,Follow status: track
2025-05-26 18:00:35.880,5.720600128173828,-1.8251999616622925,175.31935119628906,1088.6197509765625,Follow status: track
2025-05-26 18:00:36.026,5.720600128173828,-1.8251999616622925,175.31935119628906,1088.6197509765625,Follow status: track
2025-05-26 18:00:36.880,5.720600128173828,-1.8251999616622925,175.31935119628906,1088.6197509765625,Follow status: track
2025-05-26 18:00:37.026,5.720600128173828,-1.8251999616622925,175.31935119628906,1088.6197509765625,Follow status: track
2025-05-26 18:00:37.880,5.720600128173828,-1.8251999616622925,175.31935119628906,1088.6197509765625,Follow status: track
2025-05-26 18:00:38.026,5.720600128173828,-1.8251999616622925,175.31935119628906,1088.6197509765625,Follow status: track
2025-05-26 18:00:38.880,5.720600128173828,-1.8251999616622925,175.31935119628906,1088.6197509765625,Follow status: abort
2025-05-26 18:00:39.026,5.720600128173828,-1.8251999616622925,175.31935119628906,1088.6197509765625,Follow status: abort
2025-05-26 18:00:39.386,5.621500015258789,-1.807800054550171,173.0103302001953,2750.197509765625,Follow status: abort
2025-05-26 18:00:39.880,5.621500015258789,-1.807800054550171,173.0103302001953,2750.197509765625,Follow status: abort
2025-05-26 18:00:40.026,5.621500015258789,-1.807800054550171,173.0103302001953,2750.197509765625,Follow status: abort
2025-05-26 18:00:40.880,5.621500015258789,-1.807800054550171,173.0103302001953,2750.197509765625,Follow status: abort
2025-05-26 18:00:40.940,5.6234002113342285,-1.8005000352859497,-176.88352966308594,2750.197509765625,Follow status: abort
2025-05-26 18:00:41.026,5.6234002113342285,-1.8005000352859497,-176.88352966308594,2750.197509765625,Follow status: abort
2025-05-26 18:00:41.492,5.610599994659424,-1.771399974822998,-116.35054016113281,2750.197509765625,Follow status: abort
2025-05-26 18:00:41.880,5.610599994659424,-1.771399974822998,-116.35054016113281,2750.197509765625,Follow status: abort
2025-05-26 18:00:42.026,5.610599994659424,-1.771399974822998,-116.35054016113281,2750.197509765625,Follow status: abort
2025-05-26 18:00:42.041,5.607800006866455,-1.7558000087738037,-62.733150482177734,2750.197509765625,Follow status: abort
2025-05-26 18:00:42.584,5.606100082397461,-1.750599980354309,-26.224279403686523,2750.197509765625,Follow status: abort
2025-05-26 18:00:42.880,5.606100082397461,-1.750599980354309,-26.224279403686523,2750.197509765625,Follow status: abort
2025-05-26 18:00:43.026,5.606100082397461,-1.750599980354309,-26.224279403686523,2750.197509765625,Follow status: abort
2025-05-26 18:00:43.880,5.606100082397461,-1.750599980354309,-26.224279403686523,2750.197509765625,Follow status: abort
2025-05-26 18:00:44.026,5.606100082397461,-1.750599980354309,-26.224279403686523,2750.197509765625,Follow status: abort
2025-05-26 18:00:44.688,5.606599807739258,-1.729699969291687,-40.33049774169922,2864.7890625,Follow status: abort
2025-05-26 18:00:44.880,5.606599807739258,-1.729699969291687,-40.33049774169922,2864.7890625,Follow status: abort
2025-05-26 18:00:45.026,5.606599807739258,-1.729699969291687,-40.33049774169922,2864.7890625,Follow status: abort
2025-05-26 18:00:45.185,5.606400012969971,-1.704300045967102,-67.29389190673828,2864.7890625,Follow status: abort
2025-05-26 18:00:45.744,5.606200218200684,-1.6907000541687012,-101.87762451171875,2864.7890625,Follow status: abort
2025-05-26 18:00:45.880,5.606200218200684,-1.6907000541687012,-101.87762451171875,2864.7890625,Follow status: abort
2025-05-26 18:00:46.026,5.606200218200684,-1.6907000541687012,-101.87762451171875,2864.7890625,Follow status: abort
2025-05-26 18:00:46.287,5.598100185394287,-1.6614999771118164,-121.26651000976562,2864.7890625,Follow status: abort
2025-05-26 18:00:46.836,5.598800182342529,-1.6318000555038452,-129.27073669433594,2864.7890625,Follow status: abort
2025-05-26 18:00:46.880,5.598800182342529,-1.6318000555038452,-129.27073669433594,2864.7890625,Follow status: abort
2025-05-26 18:00:47.026,5.598800182342529,-1.6318000555038452,-129.27073669433594,2864.7890625,Follow status: abort
2025-05-26 18:00:47.880,5.598800182342529,-1.6318000555038452,-129.27073669433594,2864.7890625,Follow status: abort
2025-05-26 18:00:48.026,5.598800182342529,-1.6318000555038452,-129.27073669433594,2864.7890625,Follow status: abort
2025-05-26 18:00:48.880,5.598800182342529,-1.6318000555038452,-129.27073669433594,2864.7890625,Follow status: abort
2025-05-26 18:00:49.026,5.598800182342529,-1.6318000555038452,-129.27073669433594,2864.7890625,Follow status: abort
2025-05-26 18:00:49.880,5.598800182342529,-1.6318000555038452,-129.27073669433594,2864.7890625,Follow status: abort
2025-05-26 18:00:50.026,5.598800182342529,-1.6318000555038452,-129.27073669433594,2864.7890625,Follow status: abort
2025-05-26 18:00:51.956,5.5894999504089355,-1.6165000200271606,-129.46554565429688,2864.7890625,Data logging stopped. Total entries: 289
None,None,None,None,None,
2025-05-26 18:08:10.277,5.59119987487793,-1.6195000410079956,-129.18478393554688,2750.197509765625,Server started successfully
2025-05-26 18:08:10.474,5.583700180053711,-1.6294000148773193,-123.71304321289062,2807.4931640625,Server started successfully
2025-05-26 18:08:11.029,5.576000213623047,-1.6481000185012817,-97.78670501708984,2864.7890625,Server started successfully
2025-05-26 18:08:11.575,5.5777997970581055,-1.6575000286102295,-71.05249786376953,2864.7890625,Follow status: start
2025-05-26 18:08:14.272,5.586299896240234,-1.6672999858856201,-29.4156551361084,2922.084716796875,Follow status: abort
2025-05-26 18:08:14.824,5.491799831390381,-1.6841000318527222,47.36642074584961,2922.084716796875,Follow status: abort
2025-05-26 18:08:15.374,5.434100151062012,-1.7410000562667847,66.4229965209961,2864.7890625,Follow status: abort
2025-05-26 18:08:15.871,5.407400131225586,-1.7894999980926514,71.9463119506836,2864.7890625,Follow status: abort
2025-05-26 18:08:16.422,5.352700233459473,-1.8976000547409058,56.9290885925293,2864.7890625,Follow status: abort
2025-05-26 18:08:16.970,5.270599842071533,-1.979699969291687,25.634132385253906,2864.7890625,Follow status: abort
2025-05-26 18:08:17.480,5.1757001876831055,-2.0218000411987305,16.145950317382812,2864.7890625,Follow status: abort
2025-05-26 18:08:18.023,5.07420015335083,-2.0257999897003174,1.0485128164291382,2864.7890625,Follow status: abort
2025-05-26 18:08:20.722,5.064300060272217,-2.038599967956543,-21.33694839477539,2864.7890625,Selected location: eat test location
2025-05-26 18:08:21.276,5.108099937438965,-2.0869998931884766,-64.0853271484375,2864.7890625,Selected location: eat test location
2025-05-26 18:08:21.825,5.116700172424316,-2.1289000511169434,-85.65145874023438,2864.7890625,Selected location: eat test location
2025-05-26 18:08:22.372,5.125699996948242,-2.148400068283081,-92.0743179321289,2864.7890625,Selected location: eat test location
2025-05-26 18:08:27.347,5.127099990844727,-2.153700113296509,-69.49978637695312,2864.7890625,Going to 'eat test location' - Status: reposing - Unknown
2025-05-26 18:08:27.856,5.124300003051758,-2.150099992752075,-45.19491195678711,2864.7890625,Going to 'eat test location' - Status: reposing - Unknown
2025-05-26 18:08:28.409,5.124100208282471,-2.150099992752075,-38.78351593017578,2864.7890625,Going to 'eat test location' - Status: reposing - Unknown
2025-05-26 18:08:31.003,0.670199990272522,-0.09679999947547913,-31.019935607910156,2864.7890625,Going to 'eat test location' - Status: reposing - Unknown
2025-05-26 18:08:33.156,0.8284000158309937,-0.17149999737739563,-29.54743194580078,-343.7746887207031,Going to 'eat test location' - Status: going - Unknown
2025-05-26 18:08:34.704,0.8051999807357788,-0.15559999644756317,-38.86372756958008,-343.7746887207031,Going to 'eat test location' - Status: going - Unknown
2025-05-26 18:08:35.248,0.7603999972343445,-0.10170000046491623,-67.50588989257812,-343.7746887207031,Going to 'eat test location' - Status: going - Unknown
2025-05-26 18:08:35.749,0.7537000179290771,-0.08720000088214874,-89.90853881835938,-343.7746887207031,Going to 'eat test location' - Status: going - Unknown
2025-05-26 18:08:37.300,0.8216999769210815,-0.10339999943971634,-71.8030776977539,-343.7746887207031,Going to 'eat test location' - Status: going - Unknown
2025-05-26 18:08:37.801,0.819599986076355,-0.10610000044107437,-65.1567611694336,-343.7746887207031,Going to 'eat test location' - Status: going - Unknown
2025-05-26 18:08:38.901,0.972000002861023,-0.4178999960422516,-62.0112190246582,-343.7746887207031,Going to 'eat test location' - Status: going - Unknown
2025-05-26 18:08:39.450,1.2001999616622925,-0.7888000011444092,-55.34772491455078,-343.7746887207031,Going to 'eat test location' - Status: going - Unknown
2025-05-26 18:08:40.000,1.353600025177002,-0.989300012588501,-51.47452926635742,-286.4789123535156,Going to 'eat test location' - Status: going - Unknown
2025-05-26 18:08:40.502,1.5185999870300293,-1.1712000370025635,-46.077266693115234,-286.4789123535156,Going to 'eat test location' - Status: going - Unknown
2025-05-26 18:08:41.001,1.784000039100647,-1.4256000518798828,-37.05318069458008,-286.4789123535156,Going to 'eat test location' - Status: going - Unknown
2025-05-26 18:08:41.503,1.8361999988555908,-1.4752999544143677,-10.496586799621582,-286.4789123535156,Going to 'eat test location' - Status: going - Unknown
2025-05-26 18:08:42.011,1.795799970626831,-1.4754999876022339,9.110028266906738,-286.4789123535156,Going to 'eat test location' - Status: going - Unknown
2025-05-26 18:08:42.549,1.742900013923645,-1.4918999671936035,18.569561004638672,-286.4789123535156,Going to 'eat test location' - Status: going - Unknown
2025-05-26 18:08:43.103,1.6862000226974487,-1.5190999507904053,34.17120361328125,114.59156036376953,Going to 'eat test location' - Status: abort - Unknown
2025-05-26 18:08:44.754,1.6835999488830566,-1.511199951171875,3.6210930347442627,2807.4931640625,Going to 'eat test location' - Status: abort - Unknown
2025-05-26 18:08:45.316,1.5443999767303467,-1.4515999555587769,-43.23539352416992,2864.7890625,Going to 'eat test location' - Status: abort - Unknown
2025-05-26 18:08:45.851,1.4941999912261963,-1.3911000490188599,-59.220916748046875,2864.7890625,Going to 'eat test location' - Status: abort - Unknown
2025-05-26 18:08:46.400,1.4601000547409058,-1.3451000452041626,-42.547847747802734,2864.7890625,Going to 'eat test location' - Status: abort - Unknown
2025-05-26 18:08:46.949,1.3716000318527222,-1.2139999866485596,-72.1583023071289,2864.7890625,Going to 'eat test location' - Status: abort - Unknown
2025-05-26 18:08:47.451,1.3265999555587769,-1.0621999502182007,-80.41462707519531,2864.7890625,Going to 'eat test location' - Status: abort - Unknown
2025-05-26 18:08:48.006,1.2942999601364136,-0.9491999745368958,-77.65296936035156,2864.7890625,Going to 'eat test location' - Status: abort - Unknown
2025-05-26 18:08:53.369,1.2695000171661377,-0.8719000220298767,-79.9448013305664,2864.7890625,Going to 'eat test location' - Status: abort - Unknown
2025-05-26 18:09:04.506,1.2690999507904053,-0.869700014591217,-79.68123626708984,2864.7890625,Going to 'eat test location' - Status: abort - Unknown
2025-05-26 18:09:05.356,1.2139999866485596,-0.7544999718666077,-53.47987747192383,2864.7890625,Going to 'eat test location' - Status: abort - Unknown
2025-05-26 18:09:05.925,1.0371999740600586,-0.7437000274658203,-23.663156509399414,2864.7890625,Going to 'eat test location' - Status: abort - Unknown
2025-05-26 18:09:06.476,0.9599000215530396,-0.6786999702453613,-7.345318794250488,2922.084716796875,Going to 'eat test location' - Status: abort - Unknown
2025-05-26 18:09:06.972,0.9057000279426575,-0.6668000221252441,5.632175445556641,2864.7890625,Going to 'eat test location' - Status: abort - Unknown
2025-05-26 18:09:12.756,0.820900022983551,-0.6413000226020813,11.55082893371582,2807.4931640625,Going to 'eat test location' - Status: reposing - Unknown
2025-05-26 18:09:13.253,0.820900022983551,-0.6413999795913696,36.812538146972656,2807.4931640625,Going to 'eat test location' - Status: reposing - Unknown
2025-05-26 18:09:13.802,0.8184000253677368,-0.6432999968528748,59.50739288330078,2807.4931640625,Going to 'eat test location' - Status: reposing - Unknown
2025-05-26 18:09:16.460,0.35989999771118164,-0.09640000015497208,57.03221893310547,2463.718505859375,Going to 'eat test location' - Status: reposing - Unknown
2025-05-26 18:09:18.050,0.3517000079154968,-0.0966000035405159,50.54060745239258,-343.7746887207031,Going to 'eat test location' - Status: reposing - Unknown
2025-05-26 18:09:18.553,0.36629998683929443,-0.07890000194311142,43.64792251586914,-343.7746887207031,Going to 'eat test location' - Status: going - Unknown
2025-05-26 18:09:19.053,0.40860000252723694,-0.045499999076128006,31.524137496948242,-343.7746887207031,Going to 'eat test location' - Status: going - Unknown
2025-05-26 18:09:19.607,0.512499988079071,-0.00039999998989515007,12.490479469299316,-343.7746887207031,Going to '' - Status: obstacle detected - Lidar Obstacle
2025-05-26 18:09:20.210,0.6966000199317932,-0.013700000010430813,-31.35797882080078,-286.4789123535156,Going to 'eat test location' - Status: going - Unknown
2025-05-26 18:09:20.711,0.8367999792098999,-0.043800000101327896,-57.587989807128906,-343.7746887207031,Going to 'eat test location' - Status: going - Unknown
2025-05-26 18:09:21.214,0.8574000000953674,-0.07970000058412552,-65.96463012695312,-343.7746887207031,Going to 'eat test location' - Status: going - Unknown
2025-05-26 18:09:21.770,0.8967999815940857,-0.2150000035762787,-78.99942016601562,-343.7746887207031,Going to 'eat test location' - Status: going - Unknown
2025-05-26 18:09:22.258,0.9146000146865845,-0.4875999987125397,-88.5277099609375,-343.7746887207031,Going to '' - Status: obstacle detected - Ground Obstacle
2025-05-26 18:09:22.762,0.9093000292778015,-0.8585000038146973,-91.90242767333984,-286.4789123535156,Going to '' - Status: obstacle detected - Ground Obstacle
2025-05-26 18:09:23.309,0.9096999764442444,-1.332900047302246,-91.59876251220703,-343.7746887207031,Going to 'eat test location' - Status: going - Unknown
2025-05-26 18:09:23.860,0.9086999893188477,-1.8235000371932983,-88.79700469970703,-343.7746887207031,Going to 'eat test location' - Status: going - Unknown
2025-05-26 18:09:24.413,0.9053999781608582,-2.2939000129699707,-87.49638366699219,-286.4789123535156,Going to 'eat test location' - Status: going - Unknown
2025-05-26 18:09:24.957,0.9072999954223633,-2.7748000621795654,-88.91732025146484,-286.4789123535156,Going to 'eat test location' - Status: going - Unknown
2025-05-26 18:09:25.463,0.9074000120162964,-3.21370005607605,-91.0601806640625,-343.7746887207031,Going to 'eat test location' - Status: going - Unknown
2025-05-26 18:09:26.019,0.9179999828338623,-3.569999933242798,-88.17247772216797,-286.4789123535156,Going to 'eat test location' - Status: going - Unknown
2025-05-26 18:09:26.511,0.911300003528595,-3.952899932861328,-89.57622528076172,-286.4789123535156,Going to 'eat test location' - Status: going - Unknown
2025-05-26 18:09:27.062,0.9043999910354614,-4.436299800872803,-91.12893676757812,-286.4789123535156,Going to 'eat test location' - Status: going - Unknown
2025-05-26 18:09:27.611,0.9147999882698059,-4.918799877166748,-91.05445098876953,-286.4789123535156,Going to 'eat test location' - Status: going - Unknown
2025-05-26 18:09:28.108,0.9319999814033508,-5.342299938201904,-86.01242065429688,-286.4789123535156,Going to 'eat test location' - Status: going - Unknown
2025-05-26 18:09:28.661,0.9458000063896179,-5.768099784851074,-88.11518096923828,-286.4789123535156,Going to 'eat test location' - Status: going - Unknown
2025-05-26 18:09:29.209,0.9221000075340271,-6.2418999671936035,-89.0892105102539,-286.4789123535156,Going to 'eat test location' - Status: going - Unknown
2025-05-26 18:09:29.725,0.9336000084877014,-6.678599834442139,-86.0066909790039,-286.4789123535156,Going to 'eat test location' - Status: going - Unknown
2025-05-26 18:09:30.209,0.9452000260353088,-7.109899997711182,-88.00631713867188,-286.4789123535156,Going to 'eat test location' - Status: going - Unknown
2025-05-26 18:09:30.757,0.9593999981880188,-7.5894999504089355,-86.82029724121094,-343.7746887207031,Going to 'eat test location' - Status: going - Unknown
2025-05-26 18:09:31.262,0.973800003528595,-8.020899772644043,-85.7374038696289,-286.4789123535156,Going to 'eat test location' - Status: going - Unknown
2025-05-26 18:09:31.811,0.9940999746322632,-8.500800132751465,-87.37606048583984,-286.4789123535156,Going to 'eat test location' - Status: going - Unknown
2025-05-26 18:09:32.358,1.0091999769210815,-8.983200073242188,-88.87721252441406,-286.4789123535156,Going to 'eat test location' - Status: going - Unknown
2025-05-26 18:09:32.864,1.0205999612808228,-9.374899864196777,-81.74388885498047,-286.4789123535156,Going to 'eat test location' - Status: going - Unknown
2025-05-26 18:09:33.360,1.0913000106811523,-9.619999885559082,-64.24575805664062,-286.4789123535156,Going to 'eat test location' - Status: going - Unknown
2025-05-26 18:09:33.909,1.3220000267028809,-9.889599800109863,-35.69527053833008,-286.4789123535156,Going to 'eat test location' - Status: going - Unknown
2025-05-26 18:09:34.460,1.708899974822998,-10.005499839782715,-12.38161849975586,-286.4789123535156,Going to 'eat test location' - Status: going - Unknown
2025-05-26 18:09:35.009,2.1349000930786133,-10.062199592590332,-3.6497409343719482,-286.4789123535156,Going to 'eat test location' - Status: going - Unknown
2025-05-26 18:09:35.560,2.5894999504089355,-10.046199798583984,3.712766647338867,-286.4789123535156,Going to 'eat test location' - Status: going - Unknown
2025-05-26 18:09:36.064,3.0257999897003174,-10.030400276184082,2.7272791862487793,-286.4789123535156,Going to 'eat test location' - Status: going - Unknown
2025-05-26 18:09:36.616,3.496799945831299,-10.014100074768066,1.7818987369537354,-286.4789123535156,Going to 'eat test location' - Status: going - Unknown
2025-05-26 18:09:37.160,3.93530011177063,-10.001999855041504,2.457988977432251,-286.4789123535156,Going to 'eat test location' - Status: going - Unknown
2025-05-26 18:09:37.681,4.418399810791016,-9.9891996383667,3.1398086547851562,-286.4789123535156,Going to 'eat test location' - Status: going - Unknown
2025-05-26 18:09:38.213,4.883299827575684,-9.976699829101562,1.8105465173721313,-286.4789123535156,Going to 'eat test location' - Status: going - Unknown
2025-05-26 18:09:38.733,5.318299770355225,-9.97029972076416,1.5985522270202637,-286.4789123535156,Going to 'eat test location' - Status: going - Unknown
2025-05-26 18:09:39.263,5.807199954986572,-9.9483003616333,2.847600221633911,-286.4789123535156,Going to 'eat test location' - Status: going - Unknown
2025-05-26 18:09:39.762,6.243899822235107,-9.936200141906738,0.37242257595062256,-286.4789123535156,Going to 'eat test location' - Status: going - Unknown
2025-05-26 18:09:40.309,6.718400001525879,-9.930999755859375,0.38388171792030334,-286.4789123535156,Going to 'eat test location' - Status: going - Unknown
2025-05-26 18:09:40.875,7.2104997634887695,-9.93019962310791,-1.1688339710235596,-286.4789123535156,Going to 'eat test location' - Status: going - Unknown
2025-05-26 18:09:41.420,7.6859002113342285,-9.921199798583984,1.4209353923797607,-286.4789123535156,Going to 'eat test location' - Status: going - Unknown
2025-05-26 18:09:41.980,8.172200202941895,-9.898799896240234,1.0026761293411255,-286.4789123535156,Going to 'eat test location' - Status: going - Unknown
2025-05-26 18:09:42.508,8.640299797058105,-9.892499923706055,1.42666494846344,-286.4789123535156,Going to 'eat test location' - Status: going - Unknown
2025-05-26 18:09:43.009,9.073599815368652,-9.888899803161621,-0.4812845289707184,-286.4789123535156,Going to 'eat test location' - Status: going - Unknown
2025-05-26 18:09:43.520,9.510499954223633,-9.886099815368652,2.337667942047119,-286.4789123535156,Going to 'eat test location' - Status: going - Unknown
2025-05-26 18:09:44.010,9.869199752807617,-9.885199546813965,5.884276866912842,-286.4789123535156,Going to 'eat test location' - Status: going - Unknown
2025-05-26 18:09:44.562,10.182900428771973,-9.788000106811523,27.496244430541992,-286.4789123535156,Going to 'eat test location' - Status: going - Unknown
2025-05-26 18:09:45.111,10.442899703979492,-9.519000053405762,61.736202239990234,-286.4789123535156,Going to 'eat test location' - Status: going - Unknown
2025-05-26 18:09:45.663,10.579899787902832,-9.147000312805176,75.67053985595703,-286.4789123535156,Going to 'eat test location' - Status: going - Unknown
2025-05-26 18:09:46.211,10.612500190734863,-8.699399948120117,86.76300048828125,-286.4789123535156,Going to 'eat test location' - Status: going - Unknown
2025-05-26 18:09:46.713,10.625300407409668,-8.295499801635742,89.16942596435547,-286.4789123535156,Going to 'eat test location' - Status: going - Unknown
2025-05-26 18:09:47.262,10.605400085449219,-7.8470001220703125,93.46660614013672,-286.4789123535156,Going to 'eat test location' - Status: going - Unknown
2025-05-26 18:09:47.763,10.596400260925293,-7.417600154876709,92.38372039794922,-286.4789123535156,Going to 'eat test location' - Status: going - Unknown
2025-05-26 18:09:48.310,10.579999923706055,-6.938600063323975,88.64229583740234,-286.4789123535156,Going to 'eat test location' - Status: going - Unknown
2025-05-26 18:09:48.816,10.573200225830078,-6.503600120544434,91.28363037109375,-286.4789123535156,Going to 'eat test location' - Status: going - Unknown
2025-05-26 18:09:49.318,10.57610034942627,-6.070400238037109,90.45857238769531,-286.4789123535156,Going to 'eat test location' - Status: going - Unknown
2025-05-26 18:09:49.865,10.581999778747559,-5.5904998779296875,89.65070343017578,-286.4789123535156,Going to 'eat test location' - Status: going - Unknown
2025-05-26 18:09:50.370,10.571100234985352,-5.154300212860107,90.73359680175781,-286.4789123535156,Going to 'eat test location' - Status: going - Unknown
2025-05-26 18:09:50.877,10.570500373840332,-4.703800201416016,91.12893676757812,-286.4789123535156,Going to 'eat test location' - Status: going - Unknown
2025-05-26 18:09:51.411,10.566499710083008,-4.293000221252441,89.7194595336914,-286.4789123535156,Going to 'eat test location' - Status: going - Unknown
2025-05-26 18:09:51.914,10.567999839782715,-3.8935999870300293,90.84246063232422,-286.4789123535156,Going to 'eat test location' - Status: going - Unknown
2025-05-26 18:09:52.459,10.569999694824219,-3.4219000339508057,90.16064453125,-286.4789123535156,Going to 'eat test location' - Status: going - Unknown
2025-05-26 18:09:52.961,10.575200080871582,-2.976900100708008,89.9028091430664,-286.4789123535156,Going to 'eat test location' - Status: going - Unknown
2025-05-26 18:09:53.467,10.575799942016602,-2.5409998893737793,90.03459167480469,-286.4789123535156,Going to 'eat test location' - Status: going - Unknown
2025-05-26 18:09:53.967,10.576499938964844,-2.1135001182556152,91.28363037109375,-286.4789123535156,Going to 'eat test location' - Status: going - Unknown
2025-05-26 18:09:54.509,10.520400047302246,-1.802299976348877,112.96436309814453,-286.4789123535156,Going to 'eat test location' - Status: going - Unknown
2025-05-26 18:09:55.011,10.342100143432617,-1.555899977684021,139.6068878173828,-286.4789123535156,Going to 'eat test location' - Status: going - Unknown
2025-05-26 18:09:55.514,10.000900268554688,-1.398800015449524,160.1588897705078,-286.4789123535156,Going to 'eat test location' - Status: going - Unknown
2025-05-26 18:09:56.061,9.592399597167969,-1.3935999870300293,179.6451873779297,-286.4789123535156,Going to 'eat test location' - Status: going - Unknown
2025-05-26 18:09:56.562,9.253899574279785,-1.368899941444397,177.43357849121094,-286.4789123535156,Going to 'eat test location' - Status: going - Unknown
2025-05-26 18:09:57.110,8.814399719238281,-1.3665000200271606,178.413330078125,-286.4789123535156,Going to 'eat test location' - Status: going - Unknown
2025-05-26 18:09:57.613,8.393400192260742,-1.3724000453948975,-177.57679748535156,-286.4789123535156,Going to 'eat test location' - Status: going - Unknown
2025-05-26 18:09:58.180,7.91349983215332,-1.3717000484466553,-177.70858764648438,-286.4789123535156,Going to 'eat test location' - Status: going - Unknown
2025-05-26 18:09:58.666,7.475500106811523,-1.3747999668121338,-178.8258514404297,-286.4789123535156,Going to 'eat test location' - Status: going - Unknown
2025-05-26 18:09:59.166,7.087399959564209,-1.3920999765396118,-175.1531982421875,-286.4789123535156,Going to 'eat test location' - Status: going - Unknown
2025-05-26 18:09:59.723,6.73360013961792,-1.429800033569336,-175.26206970214844,-286.4789123535156,Going to 'eat test location' - Status: going - Unknown
2025-05-26 18:10:00.216,6.556700229644775,-1.4443000555038452,-168.19749450683594,-286.4789123535156,Going to 'eat test location' - Status: going - Unknown
2025-05-26 18:10:00.764,6.457799911499023,-1.4736000299453735,-152.50418090820312,-286.4789123535156,Going to 'eat test location' - Status: going - Unknown
2025-05-26 18:10:01.312,6.43720006942749,-1.4811999797821045,-143.54312133789062,-286.4789123535156,Going to 'eat test location' - Status: going - Unknown
2025-05-26 18:10:01.861,6.428599834442139,-1.4874000549316406,-134.75967407226562,-286.4789123535156,Going to 'eat test location' - Status: going - Unknown
2025-05-26 18:10:02.362,6.428899765014648,-1.4845000505447388,-119.71952819824219,-286.4789123535156,Going to 'eat test location' - Status: going - Unknown
2025-05-26 18:10:02.861,6.428699970245361,-1.4830000400543213,-106.1633529663086,-286.4789123535156,Going to 'eat test location' - Status: going - Unknown
2025-05-26 18:10:03.362,6.426700115203857,-1.4793000221252441,-94.96775817871094,-286.4789123535156,Going to 'eat test location' - Status: going - Unknown
2025-05-26 18:10:03.918,6.428100109100342,-1.4818999767303467,-87.91464233398438,-229.18312072753906,Going to 'eat test location' - Status: complete - Unknown
2025-05-26 18:10:13.629,6.42549991607666,-1.4886000156402588,-87.96047973632812,0,Going to 'eat test location' - Status: complete - Unknown
2025-05-26 18:10:16.678,6.425300121307373,-1.489300012588501,-88.13236999511719,0,Going to 'home base' - Status: start - Unknown
2025-05-26 18:10:18.259,6.406700134277344,-1.3935999870300293,-69.36800384521484,-229.18312072753906,Going to 'home base' - Status: going - Unknown
2025-05-26 18:10:18.787,6.394599914550781,-1.3636000156402588,-62.35499572753906,-229.18312072753906,Going to 'home base' - Status: going - Unknown
2025-05-26 18:10:19.877,6.436100006103516,-1.4148000478744507,-42.3702278137207,-229.18312072753906,Going to 'home base' - Status: going - Unknown
2025-05-26 18:10:20.424,6.550600051879883,-1.4912999868392944,-22.952688217163086,-229.18312072753906,Going to 'home base' - Status: going - Unknown
2025-05-26 18:10:20.979,6.831299781799316,-1.5270999670028687,1.8048170804977417,-171.88734436035156,Going to 'home base' - Status: going - Unknown
2025-05-26 18:10:21.532,7.222099781036377,-1.4953999519348145,5.9874091148376465,-229.18312072753906,Going to 'home base' - Status: going - Unknown
2025-05-26 18:10:22.078,7.7017998695373535,-1.4388999938964844,5.683741569519043,-229.18312072753906,Going to 'home base' - Status: going - Unknown
2025-05-26 18:10:22.635,8.178799629211426,-1.402999997138977,5.655093669891357,-171.88734436035156,Going to 'home base' - Status: going - Unknown
2025-05-26 18:10:23.143,8.601300239562988,-1.3911000490188599,1.7818987369537354,-229.18312072753906,Going to 'home base' - Status: going - Unknown
2025-05-26 18:10:23.668,9.07960033416748,-1.374500036239624,0.6703606247901917,-229.18312072753906,Going to 'home base' - Status: going - Unknown
2025-05-26 18:10:24.179,9.49429988861084,-1.3720999956130981,-0.005729577969759703,-229.18312072753906,Going to 'home base' - Status: going - Unknown
2025-05-26 18:10:24.667,9.835599899291992,-1.3724000453948975,2.457988977432251,-171.88734436035156,Going to 'home base' - Status: going - Unknown
2025-05-26 18:10:25.213,10.075799942016602,-1.3624000549316406,1.3292620182037354,-229.18312072753906,Going to 'home base' - Status: going - Unknown
2025-05-26 18:10:25.763,10.26609992980957,-1.3842999935150146,-21.239545822143555,-229.18312072753906,Going to 'home base' - Status: going - Unknown
2025-05-26 18:10:26.266,10.470199584960938,-1.5331000089645386,-49.20561599731445,-229.18312072753906,Going to 'home base' - Status: going - Unknown
2025-05-26 18:10:26.811,10.628700256347656,-1.902500033378601,-78.52959442138672,-229.18312072753906,Going to 'home base' - Status: going - Unknown
2025-05-26 18:10:27.314,10.673800468444824,-2.329900026321411,-87.92610168457031,-229.18312072753906,Going to 'home base' - Status: going - Unknown
2025-05-26 18:10:27.854,10.656399726867676,-2.7897000312805176,-93.42076873779297,-229.18312072753906,Going to 'home base' - Status: going - Unknown
2025-05-26 18:10:28.400,10.63539981842041,-3.0485000610351562,-95.25423431396484,-171.88734436035156,Going to 'home base' - Status: going - Unknown
2025-05-26 18:10:28.895,10.632599830627441,-3.334199905395508,-89.9944839477539,-229.18312072753906,Going to 'home base' - Status: going - Unknown
2025-05-26 18:10:29.396,10.627099990844727,-3.7248001098632812,-90.60181427001953,-229.18312072753906,Going to 'home base' - Status: going - Unknown
2025-05-26 18:10:29.949,10.612500190734863,-4.191800117492676,-91.6961669921875,-229.18312072753906,Going to 'home base' - Status: going - Unknown
2025-05-26 18:10:30.491,10.604999542236328,-4.693999767303467,-92.08004760742188,-229.18312072753906,Going to 'home base' - Status: going - Unknown
2025-05-26 18:10:30.999,10.60830020904541,-5.11959981918335,-88.51624298095703,-229.18312072753906,Going to 'home base' - Status: going - Unknown
2025-05-26 18:10:31.494,10.600799560546875,-5.555300235748291,-90.22366333007812,-229.18312072753906,Going to 'home base' - Status: going - Unknown
2025-05-26 18:10:32.043,10.596799850463867,-6.033199787139893,-90.30960845947266,-229.18312072753906,Going to 'home base' - Status: going - Unknown
2025-05-26 18:10:32.592,10.599100112915039,-6.53439998626709,-89.27255249023438,-229.18312072753906,Going to 'home base' - Status: going - Unknown
2025-05-26 18:10:33.146,10.587300300598145,-7.010799884796143,-89.54756927490234,-229.18312072753906,Going to 'home base' - Status: going - Unknown
2025-05-26 18:10:33.652,10.582300186157227,-7.440100193023682,-91.19769287109375,-229.18312072753906,Going to 'home base' - Status: going - Unknown
2025-05-26 18:10:34.192,10.574899673461914,-7.914000034332275,-90.41846466064453,-229.18312072753906,Going to 'home base' - Status: going - Unknown
2025-05-26 18:10:34.699,10.57409954071045,-8.363699913024902,-90.73932647705078,-229.18312072753906,Going to 'home base' - Status: going - Unknown
2025-05-26 18:10:35.202,10.570300102233887,-8.771499633789062,-89.27255249023438,-229.18312072753906,Going to 'home base' - Status: going - Unknown
2025-05-26 18:10:35.744,10.543399810791016,-9.227499961853027,-102.9948959350586,-229.18312072753906,Going to 'home base' - Status: going - Unknown
2025-05-26 18:10:36.294,10.345499992370605,-9.567000389099121,-131.9693603515625,-229.18312072753906,Going to 'home base' - Status: going - Unknown
2025-05-26 18:10:36.842,10.165599822998047,-9.728599548339844,-143.27955627441406,-229.18312072753906,Going to 'home base' - Status: going - Unknown
2025-05-26 18:10:37.351,9.901599884033203,-9.853300094604492,-162.2559051513672,-229.18312072753906,Going to 'home base' - Status: going - Unknown
2025-05-26 18:10:37.860,9.512299537658691,-9.910599708557129,-174.3739776611328,-171.88734436035156,Going to 'home base' - Status: going - Unknown
2025-05-26 18:10:38.398,9.073599815368652,-9.929699897766113,179.38162231445312,-171.88734436035156,Going to 'home base' - Status: going - Unknown
2025-05-26 18:10:38.951,8.635199546813965,-9.913599967956543,179.18109130859375,-229.18312072753906,Going to 'home base' - Status: going - Unknown
2025-05-26 18:10:39.491,8.176300048828125,-9.912400245666504,179.84571838378906,-229.18312072753906,Going to 'home base' - Status: going - Unknown
2025-05-26 18:10:39.999,7.738999843597412,-9.910499572753906,-177.97215270996094,-229.18312072753906,Going to 'home base' - Status: going - Unknown
2025-05-26 18:10:40.494,7.295199871063232,-9.910900115966797,-179.03211975097656,-229.18312072753906,Going to 'home base' - Status: going - Unknown
2025-05-26 18:10:40.993,6.859300136566162,-9.913200378417969,-179.03211975097656,-229.18312072753906,Going to 'home base' - Status: going - Unknown
2025-05-26 18:10:41.546,6.373899936676025,-9.920700073242188,-178.65969848632812,-229.18312072753906,Going to 'home base' - Status: going - Unknown
2025-05-26 18:10:42.057,5.9334001541137695,-9.923700332641602,-176.80331420898438,-229.18312072753906,Going to 'home base' - Status: going - Unknown
2025-05-26 18:10:42.594,5.461900234222412,-9.94379997253418,-176.25900268554688,-229.18312072753906,Going to 'home base' - Status: going - Unknown
2025-05-26 18:10:43.097,5.036300182342529,-9.957200050354004,-175.85220336914062,-229.18312072753906,Going to 'home base' - Status: going - Unknown
2025-05-26 18:10:43.597,4.593900203704834,-9.96660041809082,-179.42745971679688,-229.18312072753906,Going to 'home base' - Status: going - Unknown
2025-05-26 18:10:44.162,4.1072001457214355,-9.965200424194336,-178.81439208984375,-229.18312072753906,Going to 'home base' - Status: going - Unknown
2025-05-26 18:10:44.696,3.638700008392334,-9.973400115966797,-179.11233520507812,-229.18312072753906,Going to 'home base' - Status: going - Unknown
2025-05-26 18:10:45.197,3.216099977493286,-9.981499671936035,-176.75173950195312,-229.18312072753906,Going to 'home base' - Status: going - Unknown
2025-05-26 18:10:45.751,2.726900100708008,-10.003800392150879,-177.53097534179688,-229.18312072753906,Going to 'home base' - Status: going - Unknown
2025-05-26 18:10:46.300,2.2486000061035156,-10.015800476074219,-176.75747680664062,-229.18312072753906,Going to 'home base' - Status: going - Unknown
2025-05-26 18:10:46.843,1.7862999439239502,-10.016300201416016,174.7005615234375,-229.18312072753906,Going to 'home base' - Status: going - Unknown
2025-05-26 18:10:47.344,1.4823999404907227,-9.954000473022461,156.53207397460938,-229.18312072753906,Going to 'home base' - Status: going - Unknown
2025-05-26 18:10:47.843,1.2144999504089355,-9.759099960327148,130.78334045410156,-229.18312072753906,Going to 'home base' - Status: going - Unknown
2025-05-26 18:10:48.345,1.0368000268936157,-9.40939998626709,110.46053314208984,-171.88734436035156,Going to 'home base' - Status: going - Unknown
2025-05-26 18:10:48.899,0.9531000256538391,-8.962699890136719,94.2286376953125,-229.18312072753906,Going to 'home base' - Status: going - Unknown
2025-05-26 18:10:49.406,0.9294999837875366,-8.640700340270996,91.83367919921875,-229.18312072753906,Going to 'home base' - Status: going - Unknown
2025-05-26 18:10:49.945,0.9372000098228455,-8.240500450134277,88.02923583984375,-229.18312072753906,Going to 'home base' - Status: going - Unknown
2025-05-26 18:10:50.444,0.9574000239372253,-7.8206000328063965,88.15528106689453,-229.18312072753906,Going to 'home base' - Status: going - Unknown
2025-05-26 18:10:50.958,0.9675999879837036,-7.38129997253418,88.73970031738281,-229.18312072753906,Going to 'home base' - Status: going - Unknown
2025-05-26 18:10:51.493,0.9645000100135803,-6.911099910736084,90.14917755126953,-171.88734436035156,Going to 'home base' - Status: going - Unknown
2025-05-26 18:10:52.049,0.967199981212616,-6.426499843597412,92.83062744140625,-229.18312072753906,Going to 'home base' - Status: going - Unknown
2025-05-26 18:10:52.598,0.9606000185012817,-5.945499897003174,92.5842514038086,-229.18312072753906,Going to 'home base' - Status: going - Unknown
2025-05-26 18:10:53.150,0.9387000203132629,-5.4654998779296875,91.335205078125,-229.18312072753906,Going to 'home base' - Status: going - Unknown
2025-05-26 18:10:53.694,0.925599992275238,-4.978499889373779,92.32068634033203,-229.18312072753906,Going to 'home base' - Status: going - Unknown
2025-05-26 18:10:54.193,0.9211000204086304,-4.539700031280518,90.34398651123047,-229.18312072753906,Going to 'home base' - Status: going - Unknown
2025-05-26 18:10:54.697,0.9315999746322632,-4.103300094604492,90.05750274658203,-229.18312072753906,Going to 'home base' - Status: going - Unknown
2025-05-26 18:10:55.197,0.9305999875068665,-3.6758999824523926,89.40433502197266,-229.18312072753906,Going to 'home base' - Status: going - Unknown
2025-05-26 18:10:55.696,0.9126999974250793,-3.230299949645996,92.75041198730469,-229.18312072753906,Going to 'home base' - Status: going - Unknown
2025-05-26 18:10:56.193,0.8960000276565552,-2.8134000301361084,93.92497253417969,-229.18312072753906,Going to 'home base' - Status: going - Unknown
2025-05-26 18:10:56.750,0.9039000272750854,-2.3394999504089355,91.84513854980469,-229.18312072753906,Going to 'home base' - Status: going - Unknown
2025-05-26 18:10:57.298,0.8955000042915344,-1.830299973487854,91.90242767333984,-229.18312072753906,Going to 'home base' - Status: going - Unknown
2025-05-26 18:10:57.796,0.8841999769210815,-1.3878999948501587,89.29547882080078,-229.18312072753906,Going to 'home base' - Status: going - Unknown
2025-05-26 18:10:58.300,0.8799999952316284,-0.9624000191688538,91.5128173828125,-229.18312072753906,Going to 'home base' - Status: going - Unknown
2025-05-26 18:10:58.803,0.8633000254631042,-0.6098999977111816,104.56480407714844,-229.18312072753906,Going to 'home base' - Status: going - Unknown
2025-05-26 18:10:59.346,0.6486999988555908,-0.26440000534057617,131.16722106933594,-229.18312072753906,Going to 'home base' - Status: going - Unknown
2025-05-26 18:10:59.852,0.42899999022483826,-0.03180000185966492,139.5152130126953,-229.18312072753906,Going to 'home base' - Status: going - Unknown
2025-05-26 18:11:00.397,0.2500999867916107,0.0966000035405159,145.57138061523438,-229.18312072753906,Going to 'home base' - Status: going - Unknown
2025-05-26 18:11:00.897,0.15760000050067902,0.1615999937057495,155.8330535888672,-229.18312072753906,Going to 'home base' - Status: going - Unknown
2025-05-26 18:11:01.402,0.09080000221729279,0.18129999935626984,177.79454040527344,-229.18312072753906,Going to 'home base' - Status: going - Unknown
2025-05-26 18:11:02.948,0.13519999384880066,0.1898999959230423,-168.30062866210938,-229.18312072753906,Going to '' - Status: obstacle detected - Ground Obstacle
2025-05-26 18:11:03.451,0.14579999446868896,0.19480000436306,-162.88616943359375,-229.18312072753906,Going to '' - Status: obstacle detected - Ground Obstacle
None,None,None,None,None,
2025-05-29 11:21:18.967,0.42320001125335693,-0.011800000444054604,41.31598663330078,2864.7890625,Data logging started
2025-05-29 11:21:19.967,0.42320001125335693,-0.011800000444054604,41.31598663330078,2864.7890625,Data logging started
2025-05-29 11:21:20.967,0.42320001125335693,-0.011800000444054604,41.31598663330078,2864.7890625,Data logging started
2025-05-29 11:21:21.967,0.42320001125335693,-0.011800000444054604,41.31598663330078,2864.7890625,Data logging started
2025-05-29 11:21:22.967,0.42320001125335693,-0.011800000444054604,41.31598663330078,2864.7890625,Data logging started
2025-05-29 11:21:23.967,0.42320001125335693,-0.011800000444054604,41.31598663330078,2864.7890625,Data logging started
2025-05-29 11:21:24.967,0.42320001125335693,-0.011800000444054604,41.31598663330078,2864.7890625,Data logging started
2025-05-29 11:21:25.967,0.42320001125335693,-0.011800000444054604,41.31598663330078,2864.7890625,Data logging started
2025-05-29 11:21:26.967,0.42320001125335693,-0.011800000444054604,41.31598663330078,2864.7890625,Data logging started
2025-05-29 11:21:27.967,0.42320001125335693,-0.011800000444054604,41.31598663330078,2864.7890625,Data logging started
2025-05-29 11:21:28.967,0.42320001125335693,-0.011800000444054604,41.31598663330078,2864.7890625,Data logging started
2025-05-29 11:21:29.967,0.42320001125335693,-0.011800000444054604,41.31598663330078,2864.7890625,Data logging started
2025-05-29 11:21:30.967,0.42320001125335693,-0.011800000444054604,41.31598663330078,2864.7890625,Data logging started
2025-05-29 11:21:31.967,0.42320001125335693,-0.011800000444054604,41.31598663330078,2864.7890625,Data logging started
2025-05-29 11:21:32.967,0.42320001125335693,-0.011800000444054604,41.31598663330078,2864.7890625,Data logging started
2025-05-29 11:21:33.967,0.42320001125335693,-0.011800000444054604,41.31598663330078,2864.7890625,Data logging started
2025-05-29 11:21:34.967,0.42320001125335693,-0.011800000444054604,41.31598663330078,2864.7890625,Data logging started
2025-05-29 11:21:35.967,0.42320001125335693,-0.011800000444054604,41.31598663330078,2864.7890625,Data logging started
2025-05-29 11:21:36.967,0.42320001125335693,-0.011800000444054604,41.31598663330078,2864.7890625,Data logging started
2025-05-29 11:21:37.967,0.42320001125335693,-0.011800000444054604,41.31598663330078,2864.7890625,Data logging started
2025-05-29 11:21:38.967,0.42320001125335693,-0.011800000444054604,41.31598663330078,2864.7890625,Data logging started
2025-05-29 11:21:39.967,0.42320001125335693,-0.011800000444054604,41.31598663330078,2864.7890625,Data logging started
2025-05-29 11:21:40.967,0.42320001125335693,-0.011800000444054604,41.31598663330078,2864.7890625,Data logging started
2025-05-29 11:21:41.967,0.42320001125335693,-0.011800000444054604,41.31598663330078,2864.7890625,Data logging started
2025-05-29 11:21:42.966,0.42320001125335693,-0.011800000444054604,41.31598663330078,2864.7890625,Data logging started
2025-05-29 11:21:43.967,0.42320001125335693,-0.011800000444054604,41.31598663330078,2864.7890625,Data logging started
2025-05-29 11:21:44.967,0.42320001125335693,-0.011800000444054604,41.31598663330078,2864.7890625,Data logging started
2025-05-29 11:21:45.967,0.42320001125335693,-0.011800000444054604,41.31598663330078,2864.7890625,Data logging started
2025-05-29 11:21:46.967,0.42320001125335693,-0.011800000444054604,41.31598663330078,2864.7890625,Data logging started
2025-05-29 11:21:47.967,0.42320001125335693,-0.011800000444054604,41.31598663330078,2864.7890625,Data logging started
2025-05-29 11:21:48.967,0.42320001125335693,-0.011800000444054604,41.31598663330078,2864.7890625,Data logging started
2025-05-29 11:21:49.967,0.42320001125335693,-0.011800000444054604,41.31598663330078,2864.7890625,Data logging started
2025-05-29 11:21:50.967,0.42320001125335693,-0.011800000444054604,41.31598663330078,2864.7890625,Data logging started
2025-05-29 11:21:51.967,0.42320001125335693,-0.011800000444054604,41.31598663330078,2864.7890625,Data logging started
2025-05-29 11:21:52.967,0.42320001125335693,-0.011800000444054604,41.31598663330078,2864.7890625,Data logging started
2025-05-29 11:21:53.966,0.42320001125335693,-0.011800000444054604,41.31598663330078,2864.7890625,Data logging started
2025-05-29 11:21:54.967,0.42320001125335693,-0.011800000444054604,41.31598663330078,2864.7890625,Data logging started
2025-05-29 11:21:55.967,0.42320001125335693,-0.011800000444054604,41.31598663330078,2864.7890625,Data logging started
2025-05-29 11:21:56.967,0.42320001125335693,-0.011800000444054604,41.31598663330078,2864.7890625,Data logging started
2025-05-29 11:21:57.967,0.42320001125335693,-0.011800000444054604,41.31598663330078,2864.7890625,Data logging started
2025-05-29 11:21:58.967,0.42320001125335693,-0.011800000444054604,41.31598663330078,2864.7890625,Data logging started
2025-05-29 11:21:59.967,0.42320001125335693,-0.011800000444054604,41.31598663330078,2864.7890625,Data logging started
2025-05-29 11:22:00.967,0.42320001125335693,-0.011800000444054604,41.31598663330078,2864.7890625,Data logging started
2025-05-29 11:22:01.967,0.42320001125335693,-0.011800000444054604,41.31598663330078,2864.7890625,Data logging started
2025-05-29 11:22:02.967,0.42320001125335693,-0.011800000444054604,41.31598663330078,2864.7890625,Data logging started
2025-05-29 11:22:03.967,0.42320001125335693,-0.011800000444054604,41.31598663330078,2864.7890625,Data logging started
2025-05-29 11:22:04.967,0.42320001125335693,-0.011800000444054604,41.31598663330078,2864.7890625,Data logging started
2025-05-29 11:22:05.967,0.42320001125335693,-0.011800000444054604,41.31598663330078,2864.7890625,Data logging started
2025-05-29 11:22:06.967,0.42320001125335693,-0.011800000444054604,41.31598663330078,2864.7890625,Data logging started
2025-05-29 11:22:07.967,0.42320001125335693,-0.011800000444054604,41.31598663330078,2864.7890625,Data logging started
2025-05-29 11:22:08.967,0.42320001125335693,-0.011800000444054604,41.31598663330078,2864.7890625,Data logging started
2025-05-29 11:22:09.967,0.42320001125335693,-0.011800000444054604,41.31598663330078,2864.7890625,Data logging started
2025-05-29 11:22:10.967,0.42320001125335693,-0.011800000444054604,41.31598663330078,2864.7890625,Data logging started
2025-05-29 11:22:11.967,0.42320001125335693,-0.011800000444054604,41.31598663330078,2864.7890625,Data logging started
2025-05-29 11:22:12.967,0.42320001125335693,-0.011800000444054604,41.31598663330078,2864.7890625,Data logging started
2025-05-29 11:22:13.967,0.42320001125335693,-0.011800000444054604,41.31598663330078,2864.7890625,Data logging started
2025-05-29 11:22:14.967,0.42320001125335693,-0.011800000444054604,41.31598663330078,2864.7890625,Data logging started
2025-05-29 11:22:15.967,0.42320001125335693,-0.011800000444054604,41.31598663330078,2864.7890625,Data logging started
2025-05-29 11:22:16.967,0.42320001125335693,-0.011800000444054604,41.31598663330078,2864.7890625,Data logging started
2025-05-29 11:22:17.967,0.42320001125335693,-0.011800000444054604,41.31598663330078,2864.7890625,Data logging started
2025-05-29 11:22:18.967,0.42320001125335693,-0.011800000444054604,41.31598663330078,2864.7890625,Data logging started
2025-05-29 11:22:19.967,0.42320001125335693,-0.011800000444054604,41.31598663330078,2864.7890625,Data logging started
2025-05-29 11:22:20.967,0.42320001125335693,-0.011800000444054604,41.31598663330078,2864.7890625,Data logging started
2025-05-29 11:22:21.967,0.42320001125335693,-0.011800000444054604,41.31598663330078,2864.7890625,Data logging started
2025-05-29 11:22:22.967,0.42320001125335693,-0.011800000444054604,41.31598663330078,2864.7890625,Data logging started
2025-05-29 11:22:23.967,0.42320001125335693,-0.011800000444054604,41.31598663330078,2864.7890625,Data logging started
2025-05-29 11:22:24.967,0.42320001125335693,-0.011800000444054604,41.31598663330078,2864.7890625,Data logging started
2025-05-29 11:22:25.967,0.42320001125335693,-0.011800000444054604,41.31598663330078,2864.7890625,Data logging started
2025-05-29 11:22:26.966,0.42320001125335693,-0.011800000444054604,41.31598663330078,2864.7890625,Data logging started
2025-05-29 11:22:27.966,0.42320001125335693,-0.011800000444054604,41.31598663330078,2864.7890625,Data logging started
2025-05-29 11:22:28.966,0.42320001125335693,-0.011800000444054604,41.31598663330078,2864.7890625,Data logging started
2025-05-29 11:22:29.967,0.42320001125335693,-0.011800000444054604,41.31598663330078,2864.7890625,Data logging started
2025-05-29 11:22:30.967,0.42320001125335693,-0.011800000444054604,41.31598663330078,2864.7890625,Data logging started
2025-05-29 11:22:31.967,0.42320001125335693,-0.011800000444054604,41.31598663330078,2864.7890625,Data logging started
2025-05-29 11:22:32.967,0.42320001125335693,-0.011800000444054604,41.31598663330078,2864.7890625,Data logging started
2025-05-29 11:22:33.966,0.42320001125335693,-0.011800000444054604,41.31598663330078,2864.7890625,Data logging started
2025-05-29 11:22:34.967,0.42320001125335693,-0.011800000444054604,41.31598663330078,2864.7890625,Data logging started
2025-05-29 11:22:35.967,0.42320001125335693,-0.011800000444054604,41.31598663330078,2864.7890625,Data logging started
2025-05-29 11:22:36.967,0.42320001125335693,-0.011800000444054604,41.31598663330078,2864.7890625,Data logging started
2025-05-29 11:22:37.967,0.42320001125335693,-0.011800000444054604,41.31598663330078,2864.7890625,Data logging started
2025-05-29 11:22:38.967,0.42320001125335693,-0.011800000444054604,41.31598663330078,2864.7890625,Data logging started
2025-05-29 11:22:39.967,0.42320001125335693,-0.011800000444054604,41.31598663330078,2864.7890625,Data logging started
2025-05-29 11:22:40.967,0.42320001125335693,-0.011800000444054604,41.31598663330078,2864.7890625,Data logging started
2025-05-29 11:22:41.967,0.42320001125335693,-0.011800000444054604,41.31598663330078,2864.7890625,Data logging started
2025-05-29 11:22:42.967,0.42320001125335693,-0.011800000444054604,41.31598663330078,2864.7890625,Data logging started
2025-05-29 11:22:43.967,0.42320001125335693,-0.011800000444054604,41.31598663330078,2864.7890625,Data logging started
2025-05-29 11:22:44.967,0.42320001125335693,-0.011800000444054604,41.31598663330078,2864.7890625,Data logging started
2025-05-29 11:22:45.967,0.42320001125335693,-0.011800000444054604,41.31598663330078,2864.7890625,Data logging started
2025-05-29 11:22:46.967,0.42320001125335693,-0.011800000444054604,41.31598663330078,2864.7890625,Data logging started
2025-05-29 11:22:47.967,0.42320001125335693,-0.011800000444054604,41.31598663330078,2864.7890625,Data logging started
2025-05-29 11:22:48.967,0.42320001125335693,-0.011800000444054604,41.31598663330078,2864.7890625,Data logging started
2025-05-29 11:22:49.967,0.42320001125335693,-0.011800000444054604,41.31598663330078,2864.7890625,Data logging started
2025-05-29 11:22:50.967,0.42320001125335693,-0.011800000444054604,41.31598663330078,2864.7890625,Data logging started
2025-05-29 11:22:51.967,0.42320001125335693,-0.011800000444054604,41.31598663330078,2864.7890625,Data logging started
2025-05-29 11:22:52.967,0.42320001125335693,-0.011800000444054604,41.31598663330078,2864.7890625,Data logging started
2025-05-29 11:22:53.966,0.42320001125335693,-0.011800000444054604,41.31598663330078,2864.7890625,Data logging started
2025-05-29 11:22:54.966,0.42320001125335693,-0.011800000444054604,41.31598663330078,2864.7890625,Data logging started
2025-05-29 11:22:55.966,0.42320001125335693,-0.011800000444054604,41.31598663330078,2864.7890625,Data logging started
2025-05-29 11:22:56.966,0.42320001125335693,-0.011800000444054604,41.31598663330078,2864.7890625,Data logging started
2025-05-29 11:22:57.967,0.42320001125335693,-0.011800000444054604,41.31598663330078,2864.7890625,Data logging started
2025-05-29 11:22:58.967,0.42320001125335693,-0.011800000444054604,41.31598663330078,2864.7890625,Data logging started
2025-05-29 11:22:59.967,0.42320001125335693,-0.011800000444054604,41.31598663330078,2864.7890625,Data logging started
2025-05-29 11:23:00.967,0.42320001125335693,-0.011800000444054604,41.31598663330078,2864.7890625,Data logging started
2025-05-29 11:23:01.967,0.42320001125335693,-0.011800000444054604,41.31598663330078,2864.7890625,Data logging started
2025-05-29 11:23:02.967,0.42320001125335693,-0.011800000444054604,41.31598663330078,2864.7890625,Data logging started
2025-05-29 11:23:03.967,0.42320001125335693,-0.011800000444054604,41.31598663330078,2864.7890625,Data logging started
2025-05-29 11:23:04.967,0.42320001125335693,-0.011800000444054604,41.31598663330078,2864.7890625,Data logging started
2025-05-29 11:23:05.967,0.42320001125335693,-0.011800000444054604,41.31598663330078,2864.7890625,Data logging started
2025-05-29 11:23:06.967,0.42320001125335693,-0.011800000444054604,41.31598663330078,2864.7890625,Data logging started
2025-05-29 11:23:07.967,0.42320001125335693,-0.011800000444054604,41.31598663330078,2864.7890625,Data logging started
2025-05-29 11:23:08.967,0.42320001125335693,-0.011800000444054604,41.31598663330078,2864.7890625,Data logging started
2025-05-29 11:23:09.967,0.42320001125335693,-0.011800000444054604,41.31598663330078,2864.7890625,Data logging started
2025-05-29 11:23:10.967,0.42320001125335693,-0.011800000444054604,41.31598663330078,2864.7890625,Data logging started
2025-05-29 11:23:11.967,0.42320001125335693,-0.011800000444054604,41.31598663330078,2864.7890625,Data logging started
2025-05-29 11:23:12.967,0.42320001125335693,-0.011800000444054604,41.31598663330078,2864.7890625,Data logging started
2025-05-29 11:23:13.967,0.42320001125335693,-0.011800000444054604,41.31598663330078,2864.7890625,Data logging started
2025-05-29 11:23:14.967,0.42320001125335693,-0.011800000444054604,41.31598663330078,2864.7890625,Data logging started
2025-05-29 11:23:15.967,0.42320001125335693,-0.011800000444054604,41.31598663330078,2864.7890625,Data logging started
2025-05-29 11:23:16.967,0.42320001125335693,-0.011800000444054604,41.31598663330078,2864.7890625,Data logging started
2025-05-29 11:23:17.967,0.42320001125335693,-0.011800000444054604,41.31598663330078,2864.7890625,Data logging started
2025-05-29 11:23:18.966,0.42320001125335693,-0.011800000444054604,41.31598663330078,2864.7890625,Data logging started
2025-05-29 11:23:19.967,0.42320001125335693,-0.011800000444054604,41.31598663330078,2864.7890625,Data logging started
2025-05-29 11:23:20.967,0.42320001125335693,-0.011800000444054604,41.31598663330078,2864.7890625,Data logging started
2025-05-29 11:23:21.967,0.42320001125335693,-0.011800000444054604,41.31598663330078,2864.7890625,Data logging started
2025-05-29 11:23:22.967,0.42320001125335693,-0.011800000444054604,41.31598663330078,2864.7890625,Data logging started
2025-05-29 11:23:23.967,0.42320001125335693,-0.011800000444054604,41.31598663330078,2864.7890625,Data logging started
2025-05-29 11:23:24.967,0.42320001125335693,-0.011800000444054604,41.31598663330078,2864.7890625,Data logging started
2025-05-29 11:23:25.967,0.42320001125335693,-0.011800000444054604,41.31598663330078,2864.7890625,Data logging started
2025-05-29 11:23:26.967,0.42320001125335693,-0.011800000444054604,41.31598663330078,2864.7890625,Data logging started
2025-05-29 11:23:27.967,0.42320001125335693,-0.011800000444054604,41.31598663330078,2864.7890625,Data logging started
2025-05-29 11:23:28.967,0.42320001125335693,-0.011800000444054604,41.31598663330078,2864.7890625,Data logging started
2025-05-29 11:23:29.967,0.42320001125335693,-0.011800000444054604,41.31598663330078,2864.7890625,Data logging started
2025-05-29 11:23:30.967,0.42320001125335693,-0.011800000444054604,41.31598663330078,2864.7890625,Data logging started
2025-05-29 11:23:31.967,0.42320001125335693,-0.011800000444054604,41.31598663330078,2864.7890625,Data logging started
2025-05-29 11:23:32.967,0.42320001125335693,-0.011800000444054604,41.31598663330078,2864.7890625,Data logging started
2025-05-29 11:23:33.967,0.42320001125335693,-0.011800000444054604,41.31598663330078,2864.7890625,Data logging started
2025-05-29 11:23:34.967,0.42320001125335693,-0.011800000444054604,41.31598663330078,2864.7890625,Data logging started
2025-05-29 11:23:35.967,0.42320001125335693,-0.011800000444054604,41.31598663330078,2864.7890625,Data logging started
2025-05-29 11:23:36.967,0.42320001125335693,-0.011800000444054604,41.31598663330078,2864.7890625,Data logging started
2025-05-29 11:23:37.967,0.42320001125335693,-0.011800000444054604,41.31598663330078,2864.7890625,Data logging started
2025-05-29 11:23:38.967,0.42320001125335693,-0.011800000444054604,41.31598663330078,2864.7890625,Data logging started
2025-05-29 11:23:39.967,0.42320001125335693,-0.011800000444054604,41.31598663330078,2864.7890625,Data logging started
2025-05-29 11:23:40.967,0.42320001125335693,-0.011800000444054604,41.31598663330078,2864.7890625,Data logging started
2025-05-29 11:23:41.966,0.42320001125335693,-0.011800000444054604,41.31598663330078,2864.7890625,Data logging started
2025-05-29 11:23:42.967,0.42320001125335693,-0.011800000444054604,41.31598663330078,2864.7890625,Data logging started
2025-05-29 11:23:43.966,0.42320001125335693,-0.011800000444054604,41.31598663330078,2864.7890625,Data logging started
2025-05-29 11:23:44.966,0.42320001125335693,-0.011800000444054604,41.31598663330078,2864.7890625,Data logging started
2025-05-29 11:23:45.966,0.42320001125335693,-0.011800000444054604,41.31598663330078,2864.7890625,Data logging started
2025-05-29 11:23:46.966,0.42320001125335693,-0.011800000444054604,41.31598663330078,2864.7890625,Data logging started
2025-05-29 11:23:47.966,0.42320001125335693,-0.011800000444054604,41.31598663330078,2864.7890625,Data logging started
2025-05-29 11:23:48.966,0.42320001125335693,-0.011800000444054604,41.31598663330078,2864.7890625,Data logging started
2025-05-29 11:23:49.966,0.42320001125335693,-0.011800000444054604,41.31598663330078,2864.7890625,Data logging started
2025-05-29 11:23:50.966,0.42320001125335693,-0.011800000444054604,41.31598663330078,2864.7890625,Data logging started
2025-05-29 11:23:51.967,0.42320001125335693,-0.011800000444054604,41.31598663330078,2864.7890625,Data logging started
2025-05-29 11:23:52.967,0.42320001125335693,-0.011800000444054604,41.31598663330078,2864.7890625,Data logging started
2025-05-29 11:23:53.966,0.42320001125335693,-0.011800000444054604,41.31598663330078,2864.7890625,Data logging started
2025-05-29 11:23:54.966,0.42320001125335693,-0.011800000444054604,41.31598663330078,2864.7890625,Data logging started
2025-05-29 11:23:55.967,0.42320001125335693,-0.011800000444054604,41.31598663330078,2864.7890625,Data logging started
2025-05-29 11:23:56.967,0.42320001125335693,-0.011800000444054604,41.31598663330078,2864.7890625,Data logging started
2025-05-29 11:23:57.967,0.42320001125335693,-0.011800000444054604,41.31598663330078,2864.7890625,Data logging started
2025-05-29 11:23:58.967,0.42320001125335693,-0.011800000444054604,41.31598663330078,2864.7890625,Data logging started
2025-05-29 11:23:59.967,0.42320001125335693,-0.011800000444054604,41.31598663330078,2864.7890625,Data logging started
2025-05-29 11:24:00.967,0.42320001125335693,-0.011800000444054604,41.31598663330078,2864.7890625,Data logging started
2025-05-29 11:24:01.967,0.42320001125335693,-0.011800000444054604,41.31598663330078,2864.7890625,Data logging started
2025-05-29 11:24:02.967,0.42320001125335693,-0.011800000444054604,41.31598663330078,2864.7890625,Data logging started
2025-05-29 11:24:03.967,0.42320001125335693,-0.011800000444054604,41.31598663330078,2864.7890625,Data logging started
2025-05-29 11:24:04.967,0.42320001125335693,-0.011800000444054604,41.31598663330078,2864.7890625,Data logging started
2025-05-29 11:24:05.967,0.42320001125335693,-0.011800000444054604,41.31598663330078,2864.7890625,Data logging started
2025-05-29 11:24:06.967,0.42320001125335693,-0.011800000444054604,41.31598663330078,2864.7890625,Data logging started
2025-05-29 11:24:07.967,0.42320001125335693,-0.011800000444054604,41.31598663330078,2864.7890625,Data logging started
2025-05-29 11:24:08.967,0.42320001125335693,-0.011800000444054604,41.31598663330078,2864.7890625,Data logging started
2025-05-29 11:24:09.967,0.42320001125335693,-0.011800000444054604,41.31598663330078,2864.7890625,Data logging started
2025-05-29 11:24:10.967,0.42320001125335693,-0.011800000444054604,41.31598663330078,2864.7890625,Data logging started
2025-05-29 11:24:11.967,0.42320001125335693,-0.011800000444054604,41.31598663330078,2864.7890625,Data logging started
2025-05-29 11:24:12.967,0.42320001125335693,-0.011800000444054604,41.31598663330078,2864.7890625,Data logging started
2025-05-29 11:24:13.967,0.42320001125335693,-0.011800000444054604,41.31598663330078,2864.7890625,Data logging started
2025-05-29 11:24:14.967,0.42320001125335693,-0.011800000444054604,41.31598663330078,2864.7890625,Data logging started
2025-05-29 11:24:15.967,0.42320001125335693,-0.011800000444054604,41.31598663330078,2864.7890625,Data logging started
2025-05-29 11:24:16.967,0.42320001125335693,-0.011800000444054604,41.31598663330078,2864.7890625,Data logging started
2025-05-29 11:24:17.967,0.42320001125335693,-0.011800000444054604,41.31598663330078,2864.7890625,Data logging started
2025-05-29 11:24:18.967,0.42320001125335693,-0.011800000444054604,41.31598663330078,2864.7890625,Data logging started
2025-05-29 11:24:19.967,0.42320001125335693,-0.011800000444054604,41.31598663330078,2864.7890625,Data logging started
2025-05-29 11:24:20.967,0.42320001125335693,-0.011800000444054604,41.31598663330078,2864.7890625,Data logging started
2025-05-29 11:24:21.967,0.42320001125335693,-0.011800000444054604,41.31598663330078,2864.7890625,Data logging started
2025-05-29 11:24:22.967,0.42320001125335693,-0.011800000444054604,41.31598663330078,2864.7890625,Data logging started
2025-05-29 11:24:23.967,0.42320001125335693,-0.011800000444054604,41.31598663330078,2864.7890625,Data logging started
2025-05-29 11:24:24.967,0.42320001125335693,-0.011800000444054604,41.31598663330078,2864.7890625,Data logging started
2025-05-29 11:24:25.967,0.42320001125335693,-0.011800000444054604,41.31598663330078,2864.7890625,Data logging started
2025-05-29 11:24:26.967,0.42320001125335693,-0.011800000444054604,41.31598663330078,2864.7890625,Data logging started
2025-05-29 11:24:27.967,0.42320001125335693,-0.011800000444054604,41.31598663330078,2864.7890625,Data logging started
2025-05-29 11:24:28.967,0.42320001125335693,-0.011800000444054604,41.31598663330078,2864.7890625,Data logging started
2025-05-29 11:24:29.967,0.42320001125335693,-0.011800000444054604,41.31598663330078,2864.7890625,Data logging started
2025-05-29 11:24:30.967,0.42320001125335693,-0.011800000444054604,41.31598663330078,2864.7890625,Data logging started
2025-05-29 11:24:31.967,0.42320001125335693,-0.011800000444054604,41.31598663330078,2864.7890625,Data logging started
2025-05-29 11:24:32.967,0.42320001125335693,-0.011800000444054604,41.31598663330078,2864.7890625,Data logging started
2025-05-29 11:24:33.967,0.42320001125335693,-0.011800000444054604,41.31598663330078,2864.7890625,Data logging started
2025-05-29 11:24:34.967,0.42320001125335693,-0.011800000444054604,41.31598663330078,2864.7890625,Data logging started
2025-05-29 11:24:35.967,0.42320001125335693,-0.011800000444054604,41.31598663330078,2864.7890625,Data logging started
2025-05-29 11:24:36.967,0.42320001125335693,-0.011800000444054604,41.31598663330078,2864.7890625,Data logging started
2025-05-29 11:24:37.967,0.42320001125335693,-0.011800000444054604,41.31598663330078,2864.7890625,Data logging started
2025-05-29 11:24:38.966,0.42320001125335693,-0.011800000444054604,41.31598663330078,2864.7890625,Data logging started
2025-05-29 11:24:39.967,0.42320001125335693,-0.011800000444054604,41.31598663330078,2864.7890625,Data logging started
2025-05-29 11:24:40.967,0.42320001125335693,-0.011800000444054604,41.31598663330078,2864.7890625,Data logging started
2025-05-29 11:24:41.967,0.42320001125335693,-0.011800000444054604,41.31598663330078,2864.7890625,Data logging started
2025-05-29 11:24:42.967,0.42320001125335693,-0.011800000444054604,41.31598663330078,2864.7890625,Data logging started
2025-05-29 11:24:43.967,0.42320001125335693,-0.011800000444054604,41.31598663330078,2864.7890625,Data logging started
2025-05-29 11:24:44.967,0.42320001125335693,-0.011800000444054604,41.31598663330078,2864.7890625,Data logging started
2025-05-29 11:24:45.967,0.42320001125335693,-0.011800000444054604,41.31598663330078,2864.7890625,Data logging started
2025-05-29 11:24:46.967,0.42320001125335693,-0.011800000444054604,41.31598663330078,2864.7890625,Data logging started
2025-05-29 11:24:47.967,0.42320001125335693,-0.011800000444054604,41.31598663330078,2864.7890625,Data logging started
2025-05-29 11:24:48.967,0.42320001125335693,-0.011800000444054604,41.31598663330078,2864.7890625,Data logging started
2025-05-29 11:24:49.967,0.42320001125335693,-0.011800000444054604,41.31598663330078,2864.7890625,Data logging started
2025-05-29 11:24:50.967,0.42320001125335693,-0.011800000444054604,41.31598663330078,2864.7890625,Data logging started
2025-05-29 11:24:51.967,0.42320001125335693,-0.011800000444054604,41.31598663330078,2864.7890625,Data logging started
2025-05-29 11:24:52.967,0.42320001125335693,-0.011800000444054604,41.31598663330078,2864.7890625,Data logging started
2025-05-29 11:24:53.966,0.42320001125335693,-0.011800000444054604,41.31598663330078,2864.7890625,Data logging started
2025-05-29 11:24:54.967,0.42320001125335693,-0.011800000444054604,41.31598663330078,2864.7890625,Data logging started
2025-05-29 11:24:55.967,0.42320001125335693,-0.011800000444054604,41.31598663330078,2864.7890625,Data logging started
2025-05-29 11:24:56.967,0.42320001125335693,-0.011800000444054604,41.31598663330078,2864.7890625,Data logging started
2025-05-29 11:24:57.967,0.42320001125335693,-0.011800000444054604,41.31598663330078,2864.7890625,Data logging started
2025-05-29 11:24:58.967,0.42320001125335693,-0.011800000444054604,41.31598663330078,2864.7890625,Data logging started
2025-05-29 11:24:59.967,0.42320001125335693,-0.011800000444054604,41.31598663330078,2864.7890625,Data logging started
2025-05-29 11:25:00.967,0.42320001125335693,-0.011800000444054604,41.31598663330078,2864.7890625,Data logging started
2025-05-29 11:25:01.967,0.42320001125335693,-0.011800000444054604,41.31598663330078,2864.7890625,Data logging started
2025-05-29 11:25:02.967,0.42320001125335693,-0.011800000444054604,41.31598663330078,2864.7890625,Data logging started
2025-05-29 11:25:03.967,0.42320001125335693,-0.011800000444054604,41.31598663330078,2864.7890625,Data logging started
2025-05-29 11:25:04.967,0.42320001125335693,-0.011800000444054604,41.31598663330078,2864.7890625,Data logging started
2025-05-29 11:25:05.967,0.42320001125335693,-0.011800000444054604,41.31598663330078,2864.7890625,Data logging started
2025-05-29 11:25:06.967,0.42320001125335693,-0.011800000444054604,41.31598663330078,2864.7890625,Data logging started
2025-05-29 11:25:07.967,0.42320001125335693,-0.011800000444054604,41.31598663330078,2864.7890625,Data logging started
2025-05-29 11:25:08.967,0.42320001125335693,-0.011800000444054604,41.31598663330078,2864.7890625,Data logging started
2025-05-29 11:25:09.967,0.42320001125335693,-0.011800000444054604,41.31598663330078,2864.7890625,Data logging started
2025-05-29 11:25:10.967,0.42320001125335693,-0.011800000444054604,41.31598663330078,2864.7890625,Data logging started
2025-05-29 11:25:11.967,0.42320001125335693,-0.011800000444054604,41.31598663330078,2864.7890625,Data logging started
2025-05-29 11:25:12.967,0.42320001125335693,-0.011800000444054604,41.31598663330078,2864.7890625,Data logging started
2025-05-29 11:25:13.967,0.42320001125335693,-0.011800000444054604,41.31598663330078,2864.7890625,Data logging started
2025-05-29 11:25:14.967,0.42320001125335693,-0.011800000444054604,41.31598663330078,2864.7890625,Data logging started
2025-05-29 11:25:15.967,0.42320001125335693,-0.011800000444054604,41.31598663330078,2864.7890625,Data logging started
2025-05-29 11:25:16.967,0.42320001125335693,-0.011800000444054604,41.31598663330078,2864.7890625,Data logging started
2025-05-29 11:25:17.967,0.42320001125335693,-0.011800000444054604,41.31598663330078,2864.7890625,Data logging started
2025-05-29 11:25:18.967,0.42320001125335693,-0.011800000444054604,41.31598663330078,2864.7890625,Data logging started
2025-05-29 11:25:19.967,0.42320001125335693,-0.011800000444054604,41.31598663330078,2864.7890625,Data logging started
2025-05-29 11:25:20.967,0.42320001125335693,-0.011800000444054604,41.31598663330078,2864.7890625,Data logging started
2025-05-29 11:25:21.967,0.42320001125335693,-0.011800000444054604,41.31598663330078,2864.7890625,Data logging started
2025-05-29 11:25:22.967,0.42320001125335693,-0.011800000444054604,41.31598663330078,2864.7890625,Data logging started
2025-05-29 11:25:23.967,0.42320001125335693,-0.011800000444054604,41.31598663330078,2864.7890625,Data logging started
2025-05-29 11:25:24.967,0.42320001125335693,-0.011800000444054604,41.31598663330078,2864.7890625,Data logging started
2025-05-29 11:25:25.967,0.42320001125335693,-0.011800000444054604,41.31598663330078,2864.7890625,Data logging started
2025-05-29 11:25:26.967,0.42320001125335693,-0.011800000444054604,41.31598663330078,2864.7890625,Data logging started
2025-05-29 11:25:27.967,0.42320001125335693,-0.011800000444054604,41.31598663330078,2864.7890625,Data logging started
2025-05-29 11:25:28.967,0.42320001125335693,-0.011800000444054604,41.31598663330078,2864.7890625,Data logging started
2025-05-29 11:25:29.967,0.42320001125335693,-0.011800000444054604,41.31598663330078,2864.7890625,Data logging started
2025-05-29 11:25:30.967,0.42320001125335693,-0.011800000444054604,41.31598663330078,2864.7890625,Data logging started
2025-05-29 11:25:31.967,0.42320001125335693,-0.011800000444054604,41.31598663330078,2864.7890625,Data logging started
2025-05-29 11:25:32.967,0.42320001125335693,-0.011800000444054604,41.31598663330078,2864.7890625,Data logging started
2025-05-29 11:25:33.967,0.42320001125335693,-0.011800000444054604,41.31598663330078,2864.7890625,Data logging started
2025-05-29 11:25:34.967,0.42320001125335693,-0.011800000444054604,41.31598663330078,2864.7890625,Data logging started
2025-05-29 11:25:35.967,0.42320001125335693,-0.011800000444054604,41.31598663330078,2864.7890625,Data logging started
2025-05-29 11:25:36.967,0.42320001125335693,-0.011800000444054604,41.31598663330078,2864.7890625,Data logging started
2025-05-29 11:25:37.967,0.42320001125335693,-0.011800000444054604,41.31598663330078,2864.7890625,Data logging started
2025-05-29 11:25:38.967,0.42320001125335693,-0.011800000444054604,41.31598663330078,2864.7890625,Data logging started
2025-05-29 11:25:39.967,0.42320001125335693,-0.011800000444054604,41.31598663330078,2864.7890625,Data logging started
2025-05-29 11:25:40.967,0.42320001125335693,-0.011800000444054604,41.31598663330078,2864.7890625,Data logging started
2025-05-29 11:25:41.967,0.42320001125335693,-0.011800000444054604,41.31598663330078,2864.7890625,Data logging started
2025-05-29 11:25:42.967,0.42320001125335693,-0.011800000444054604,41.31598663330078,2864.7890625,Data logging started
2025-05-29 11:25:43.966,0.42320001125335693,-0.011800000444054604,41.31598663330078,2864.7890625,Data logging started
2025-05-29 11:25:44.967,0.42320001125335693,-0.011800000444054604,41.31598663330078,2864.7890625,Data logging started
2025-05-29 11:25:45.967,0.42320001125335693,-0.011800000444054604,41.31598663330078,2864.7890625,Data logging started
2025-05-29 11:25:46.967,0.42320001125335693,-0.011800000444054604,41.31598663330078,2864.7890625,Data logging started
2025-05-29 11:25:47.967,0.42320001125335693,-0.011800000444054604,41.31598663330078,2864.7890625,Data logging started
2025-05-29 11:25:48.967,0.42320001125335693,-0.011800000444054604,41.31598663330078,2864.7890625,Data logging started
2025-05-29 11:25:49.967,0.42320001125335693,-0.011800000444054604,41.31598663330078,2864.7890625,Data logging started
2025-05-29 11:25:50.967,0.42320001125335693,-0.011800000444054604,41.31598663330078,2864.7890625,Data logging started
2025-05-29 11:25:51.967,0.42320001125335693,-0.011800000444054604,41.31598663330078,2864.7890625,Data logging started
2025-05-29 11:25:52.967,0.42320001125335693,-0.011800000444054604,41.31598663330078,2864.7890625,Data logging started
2025-05-29 11:25:53.966,0.42320001125335693,-0.011800000444054604,41.31598663330078,2864.7890625,Data logging started
2025-05-29 11:25:54.966,0.42320001125335693,-0.011800000444054604,41.31598663330078,2864.7890625,Data logging started
2025-05-29 11:25:55.966,0.42320001125335693,-0.011800000444054604,41.31598663330078,2864.7890625,Data logging started
2025-05-29 11:25:56.967,0.42320001125335693,-0.011800000444054604,41.31598663330078,2864.7890625,Data logging started
2025-05-29 11:25:57.967,0.42320001125335693,-0.011800000444054604,41.31598663330078,2864.7890625,Data logging started
2025-05-29 11:25:58.967,0.42320001125335693,-0.011800000444054604,41.31598663330078,2864.7890625,Data logging started
2025-05-29 11:25:59.967,0.42320001125335693,-0.011800000444054604,41.31598663330078,2864.7890625,Data logging started
2025-05-29 11:26:00.966,0.42320001125335693,-0.011800000444054604,41.31598663330078,2864.7890625,Data logging started
2025-05-29 11:26:01.967,0.42320001125335693,-0.011800000444054604,41.31598663330078,2864.7890625,Data logging started
2025-05-29 11:26:02.967,0.42320001125335693,-0.011800000444054604,41.31598663330078,2864.7890625,Data logging started
2025-05-29 11:26:03.967,0.42320001125335693,-0.011800000444054604,41.31598663330078,2864.7890625,Data logging started
2025-05-29 11:26:04.967,0.42320001125335693,-0.011800000444054604,41.31598663330078,2864.7890625,Data logging started
2025-05-29 11:26:05.967,0.42320001125335693,-0.011800000444054604,41.31598663330078,2864.7890625,Data logging started
2025-05-29 11:26:06.967,0.42320001125335693,-0.011800000444054604,41.31598663330078,2864.7890625,Data logging started
2025-05-29 11:26:07.967,0.42320001125335693,-0.011800000444054604,41.31598663330078,2864.7890625,Data logging started
2025-05-29 11:26:08.967,0.42320001125335693,-0.011800000444054604,41.31598663330078,2864.7890625,Data logging started
2025-05-29 11:26:09.967,0.42320001125335693,-0.011800000444054604,41.31598663330078,2864.7890625,Data logging started
2025-05-29 11:26:10.967,0.42320001125335693,-0.011800000444054604,41.31598663330078,2864.7890625,Data logging started
2025-05-29 11:26:11.967,0.42320001125335693,-0.011800000444054604,41.31598663330078,2864.7890625,Data logging started
2025-05-29 11:26:12.967,0.42320001125335693,-0.011800000444054604,41.31598663330078,2864.7890625,Data logging started
2025-05-29 11:26:13.966,0.42320001125335693,-0.011800000444054604,41.31598663330078,2864.7890625,Data logging started
2025-05-29 11:26:14.967,0.42320001125335693,-0.011800000444054604,41.31598663330078,2864.7890625,Data logging started
2025-05-29 11:26:15.967,0.42320001125335693,-0.011800000444054604,41.31598663330078,2864.7890625,Data logging started
2025-05-29 11:26:16.967,0.42320001125335693,-0.011800000444054604,41.31598663330078,2864.7890625,Data logging started
2025-05-29 11:26:17.967,0.42320001125335693,-0.011800000444054604,41.31598663330078,2864.7890625,Data logging started
2025-05-29 11:26:18.967,0.42320001125335693,-0.011800000444054604,41.31598663330078,2864.7890625,Data logging started
2025-05-29 11:26:19.967,0.42320001125335693,-0.011800000444054604,41.31598663330078,2864.7890625,Data logging started
2025-05-29 11:26:20.967,0.42320001125335693,-0.011800000444054604,41.31598663330078,2864.7890625,Data logging started
2025-05-29 11:26:21.967,0.42320001125335693,-0.011800000444054604,41.31598663330078,2864.7890625,Data logging started
2025-05-29 11:26:22.967,0.42320001125335693,-0.011800000444054604,41.31598663330078,2864.7890625,Data logging started
2025-05-29 11:26:23.967,0.42320001125335693,-0.011800000444054604,41.31598663330078,2864.7890625,Data logging started
2025-05-29 11:26:24.967,0.42320001125335693,-0.011800000444054604,41.31598663330078,2864.7890625,Data logging started
2025-05-29 11:26:25.181,0.42329999804496765,-0.011800000444054604,38.497032165527344,2864.7890625,Follow status: start
2025-05-29 11:26:25.967,0.42329999804496765,-0.011800000444054604,38.497032165527344,2864.7890625,Follow status: abort
2025-05-29 11:26:26.967,0.42329999804496765,-0.011800000444054604,38.497032165527344,2864.7890625,Follow status: abort
2025-05-29 11:26:27.966,0.42329999804496765,-0.011800000444054604,38.497032165527344,2864.7890625,Follow status: abort
2025-05-29 11:26:28.967,0.42329999804496765,-0.011800000444054604,38.497032165527344,2864.7890625,Follow status: abort
2025-05-29 11:26:29.967,0.42329999804496765,-0.011800000444054604,38.497032165527344,2864.7890625,Follow status: abort
2025-05-29 11:26:30.967,0.42329999804496765,-0.011800000444054604,38.497032165527344,2864.7890625,Follow status: abort
2025-05-29 11:26:31.967,0.42329999804496765,-0.011800000444054604,38.497032165527344,2864.7890625,Follow status: abort
2025-05-29 11:26:32.967,0.42329999804496765,-0.011800000444054604,38.497032165527344,2864.7890625,Follow status: abort
2025-05-29 11:26:33.967,0.42329999804496765,-0.011800000444054604,38.497032165527344,2864.7890625,Follow status: abort
2025-05-29 11:26:34.967,0.42329999804496765,-0.011800000444054604,38.497032165527344,2864.7890625,Follow status: abort
2025-05-29 11:26:35.442,0.42980000376701355,-0.003599999938160181,35.97602081298828,401.0704650878906,Follow status: abort
2025-05-29 11:26:35.967,0.42980000376701355,-0.003599999938160181,35.97602081298828,401.0704650878906,Follow status: abort
2025-05-29 11:26:36.967,0.42980000376701355,-0.003599999938160181,35.97602081298828,401.0704650878906,Follow status: abort
2025-05-29 11:26:37.967,0.42980000376701355,-0.003599999938160181,35.97602081298828,401.0704650878906,Follow status: abort
2025-05-29 11:26:38.967,0.42980000376701355,-0.003599999938160181,35.97602081298828,401.0704650878906,Follow status: abort
2025-05-29 11:26:39.967,0.42980000376701355,-0.003599999938160181,35.97602081298828,401.0704650878906,Follow status: abort
2025-05-29 11:26:40.967,0.42980000376701355,-0.003599999938160181,35.97602081298828,401.0704650878906,Follow status: abort
2025-05-29 11:26:41.967,0.42980000376701355,-0.003599999938160181,35.97602081298828,401.0704650878906,Follow status: abort
2025-05-29 11:26:42.967,0.42980000376701355,-0.003599999938160181,35.97602081298828,401.0704650878906,Follow status: abort
2025-05-29 11:26:43.966,0.42980000376701355,-0.003599999938160181,35.97602081298828,401.0704650878906,Follow status: abort
2025-05-29 11:26:44.967,0.42980000376701355,-0.003599999938160181,35.97602081298828,401.0704650878906,Follow status: abort
2025-05-29 11:26:45.967,0.42980000376701355,-0.003599999938160181,35.97602081298828,401.0704650878906,Follow status: abort
2025-05-29 11:26:46.967,0.42980000376701355,-0.003599999938160181,35.97602081298828,401.0704650878906,Follow status: abort
2025-05-29 11:26:47.967,0.42980000376701355,-0.003599999938160181,35.97602081298828,401.0704650878906,Follow status: abort
2025-05-29 11:26:48.967,0.42980000376701355,-0.003599999938160181,35.97602081298828,401.0704650878906,Follow status: abort
2025-05-29 11:26:49.967,0.42980000376701355,-0.003599999938160181,35.97602081298828,401.0704650878906,Follow status: abort
2025-05-29 11:26:50.967,0.42980000376701355,-0.003599999938160181,35.97602081298828,401.0704650878906,Follow status: abort
2025-05-29 11:26:51.967,0.42980000376701355,-0.003599999938160181,35.97602081298828,401.0704650878906,Follow status: abort
2025-05-29 11:26:52.967,0.42980000376701355,-0.003599999938160181,35.97602081298828,401.0704650878906,Follow status: abort
2025-05-29 11:26:53.966,0.42980000376701355,-0.003599999938160181,35.97602081298828,401.0704650878906,Follow status: abort
2025-05-29 11:26:54.967,0.42980000376701355,-0.003599999938160181,35.97602081298828,401.0704650878906,Follow status: abort
2025-05-29 11:26:55.967,0.42980000376701355,-0.003599999938160181,35.97602081298828,401.0704650878906,Follow status: abort
2025-05-29 11:26:56.967,0.42980000376701355,-0.003599999938160181,35.97602081298828,401.0704650878906,Follow status: abort
2025-05-29 11:26:57.967,0.42980000376701355,-0.003599999938160181,35.97602081298828,401.0704650878906,Follow status: abort
2025-05-29 11:26:58.967,0.42980000376701355,-0.003599999938160181,35.97602081298828,401.0704650878906,Follow status: abort
2025-05-29 11:26:59.967,0.42980000376701355,-0.003599999938160181,35.97602081298828,401.0704650878906,Follow status: abort
2025-05-29 11:27:00.966,0.42980000376701355,-0.003599999938160181,35.97602081298828,401.0704650878906,Follow status: abort
2025-05-29 11:27:01.967,0.42980000376701355,-0.003599999938160181,35.97602081298828,401.0704650878906,Follow status: abort
2025-05-29 11:27:02.967,0.42980000376701355,-0.003599999938160181,35.97602081298828,401.0704650878906,Follow status: abort
2025-05-29 11:27:03.967,0.42980000376701355,-0.003599999938160181,35.97602081298828,401.0704650878906,Follow status: abort
2025-05-29 11:27:04.967,0.42980000376701355,-0.003599999938160181,35.97602081298828,401.0704650878906,Follow status: abort
2025-05-29 11:27:05.967,0.42980000376701355,-0.003599999938160181,35.97602081298828,401.0704650878906,Follow status: abort
2025-05-29 11:27:06.967,0.42980000376701355,-0.003599999938160181,35.97602081298828,401.0704650878906,Follow status: abort
2025-05-29 11:27:07.967,0.42980000376701355,-0.003599999938160181,35.97602081298828,401.0704650878906,Follow status: abort
2025-05-29 11:27:08.968,0.42980000376701355,-0.003599999938160181,35.97602081298828,401.0704650878906,Follow status: abort
2025-05-29 11:27:09.967,0.42980000376701355,-0.003599999938160181,35.97602081298828,401.0704650878906,Follow status: abort
2025-05-29 11:27:10.967,0.42980000376701355,-0.003599999938160181,35.97602081298828,401.0704650878906,Follow status: abort
2025-05-29 11:27:11.967,0.42980000376701355,-0.003599999938160181,35.97602081298828,401.0704650878906,Follow status: abort
2025-05-29 11:27:12.967,0.42980000376701355,-0.003599999938160181,35.97602081298828,401.0704650878906,Follow status: abort
2025-05-29 11:27:13.967,0.42980000376701355,-0.003599999938160181,35.97602081298828,401.0704650878906,Follow status: abort
2025-05-29 11:27:14.967,0.42980000376701355,-0.003599999938160181,35.97602081298828,401.0704650878906,Follow status: abort
2025-05-29 11:27:15.967,0.42980000376701355,-0.003599999938160181,35.97602081298828,401.0704650878906,Follow status: abort
2025-05-29 11:27:16.967,0.42980000376701355,-0.003599999938160181,35.97602081298828,401.0704650878906,Follow status: abort
2025-05-29 11:27:17.967,0.42980000376701355,-0.003599999938160181,35.97602081298828,401.0704650878906,Follow status: abort
2025-05-29 11:27:18.967,0.42980000376701355,-0.003599999938160181,35.97602081298828,401.0704650878906,Follow status: abort
2025-05-29 11:27:19.967,0.42980000376701355,-0.003599999938160181,35.97602081298828,401.0704650878906,Follow status: abort
2025-05-29 11:27:20.967,0.42980000376701355,-0.003599999938160181,35.97602081298828,401.0704650878906,Follow status: abort
2025-05-29 11:27:21.967,0.42980000376701355,-0.003599999938160181,35.97602081298828,401.0704650878906,Follow status: abort
2025-05-29 11:27:22.967,0.42980000376701355,-0.003599999938160181,35.97602081298828,401.0704650878906,Follow status: abort
2025-05-29 11:27:23.967,0.42980000376701355,-0.003599999938160181,35.97602081298828,401.0704650878906,Follow status: abort
2025-05-29 11:27:24.967,0.42980000376701355,-0.003599999938160181,35.97602081298828,401.0704650878906,Follow status: abort
2025-05-29 11:27:25.967,0.42980000376701355,-0.003599999938160181,35.97602081298828,401.0704650878906,Follow status: abort
2025-05-29 11:27:26.967,0.42980000376701355,-0.003599999938160181,35.97602081298828,401.0704650878906,Follow status: abort
2025-05-29 11:27:27.967,0.42980000376701355,-0.003599999938160181,35.97602081298828,401.0704650878906,Follow status: abort
2025-05-29 11:27:28.967,0.42980000376701355,-0.003599999938160181,35.97602081298828,401.0704650878906,Follow status: abort
2025-05-29 11:27:29.967,0.42980000376701355,-0.003599999938160181,35.97602081298828,401.0704650878906,Follow status: abort
2025-05-29 11:27:30.967,0.42980000376701355,-0.003599999938160181,35.97602081298828,401.0704650878906,Follow status: abort
2025-05-29 11:27:31.967,0.42980000376701355,-0.003599999938160181,35.97602081298828,401.0704650878906,Follow status: abort
2025-05-29 11:27:32.967,0.42980000376701355,-0.003599999938160181,35.97602081298828,401.0704650878906,Follow status: abort
2025-05-29 11:27:33.967,0.42980000376701355,-0.003599999938160181,35.97602081298828,401.0704650878906,Follow status: abort
2025-05-29 11:27:34.967,0.42980000376701355,-0.003599999938160181,35.97602081298828,401.0704650878906,Follow status: abort
2025-05-29 11:27:35.967,0.42980000376701355,-0.003599999938160181,35.97602081298828,401.0704650878906,Follow status: abort
2025-05-29 11:27:36.967,0.42980000376701355,-0.003599999938160181,35.97602081298828,401.0704650878906,Follow status: abort
2025-05-29 11:27:37.967,0.42980000376701355,-0.003599999938160181,35.97602081298828,401.0704650878906,Follow status: abort
2025-05-29 11:27:38.967,0.42980000376701355,-0.003599999938160181,35.97602081298828,401.0704650878906,Follow status: abort
2025-05-29 11:27:39.967,0.42980000376701355,-0.003599999938160181,35.97602081298828,401.0704650878906,Follow status: abort
2025-05-29 11:27:40.967,0.42980000376701355,-0.003599999938160181,35.97602081298828,401.0704650878906,Follow status: abort
2025-05-29 11:27:41.967,0.42980000376701355,-0.003599999938160181,35.97602081298828,401.0704650878906,Follow status: abort
2025-05-29 11:27:42.967,0.42980000376701355,-0.003599999938160181,35.97602081298828,401.0704650878906,Follow status: abort
2025-05-29 11:27:43.967,0.42980000376701355,-0.003599999938160181,35.97602081298828,401.0704650878906,Follow status: abort
2025-05-29 11:27:44.967,0.42980000376701355,-0.003599999938160181,35.97602081298828,401.0704650878906,Follow status: abort
2025-05-29 11:27:45.967,0.42980000376701355,-0.003599999938160181,35.97602081298828,401.0704650878906,Follow status: abort
2025-05-29 11:27:46.967,0.42980000376701355,-0.003599999938160181,35.97602081298828,401.0704650878906,Follow status: abort
2025-05-29 11:27:47.967,0.42980000376701355,-0.003599999938160181,35.97602081298828,401.0704650878906,Follow status: abort
2025-05-29 11:27:48.967,0.42980000376701355,-0.003599999938160181,35.97602081298828,401.0704650878906,Follow status: abort
2025-05-29 11:27:49.872,0.429500013589859,-0.003599999938160181,35.592140197753906,401.0704650878906,Follow status: start
2025-05-29 11:27:49.966,0.429500013589859,-0.003599999938160181,35.592140197753906,401.0704650878906,Follow status: start
2025-05-29 11:27:50.967,0.429500013589859,-0.003599999938160181,35.592140197753906,401.0704650878906,Follow status: start
2025-05-29 11:27:51.967,0.429500013589859,-0.003599999938160181,35.592140197753906,401.0704650878906,Follow status: start
2025-05-29 11:27:52.131,0.5260000228881836,0.06530000269412994,37.83240509033203,687.5493774414062,Follow status: track
2025-05-29 11:27:52.967,0.5260000228881836,0.06530000269412994,37.83240509033203,687.5493774414062,Follow status: track
2025-05-29 11:27:53.966,0.5260000228881836,0.06530000269412994,37.83240509033203,687.5493774414062,Follow status: track
2025-05-29 11:27:54.269,0.6309000253677368,0.15230000019073486,38.789241790771484,1317.802978515625,Follow status: track
2025-05-29 11:27:54.967,0.6309000253677368,0.15230000019073486,38.789241790771484,1317.802978515625,Follow status: track
2025-05-29 11:27:55.341,0.680899977684021,0.19619999825954437,45.05167007446289,1546.986083984375,Follow status: track
2025-05-29 11:27:55.874,0.7541000247001648,0.27709999680519104,45.35533905029297,1489.6903076171875,Follow status: obstacle detected
2025-05-29 11:27:55.966,0.7541000247001648,0.27709999680519104,45.35533905029297,1489.6903076171875,Follow status: obstacle detected
2025-05-29 11:27:56.382,0.876800000667572,0.382999986410141,35.02490997314453,1432.39453125,Follow status: obstacle detected
2025-05-29 11:27:56.943,1.020300030708313,0.4562000036239624,22.0875244140625,1833.4649658203125,Follow status: track
2025-05-29 11:27:56.966,1.020300030708313,0.4562000036239624,22.0875244140625,1833.4649658203125,Follow status: track
2025-05-29 11:27:57.439,1.0916999578475952,0.4814000129699707,13.11500358581543,1833.4649658203125,Follow status: track
2025-05-29 11:27:57.967,1.0916999578475952,0.4814000129699707,13.11500358581543,1833.4649658203125,Follow status: track
2025-05-29 11:27:58.967,1.0916999578475952,0.4814000129699707,13.11500358581543,1833.4649658203125,Follow status: track
2025-05-29 11:27:59.967,1.0916999578475952,0.4814000129699707,13.11500358581543,1833.4649658203125,Follow status: track
2025-05-29 11:28:00.967,1.0916999578475952,0.4814000129699707,13.11500358581543,1833.4649658203125,Follow status: track
2025-05-29 11:28:01.967,1.0916999578475952,0.4814000129699707,13.11500358581543,1833.4649658203125,Follow status: track
2025-05-29 11:28:02.967,1.0916999578475952,0.4814000129699707,13.11500358581543,1833.4649658203125,Follow status: track
2025-05-29 11:28:03.967,1.0916999578475952,0.4814000129699707,13.11500358581543,1833.4649658203125,Follow status: track
2025-05-29 11:28:04.967,1.0916999578475952,0.4814000129699707,13.11500358581543,1833.4649658203125,Follow status: track
2025-05-29 11:28:05.967,1.0916999578475952,0.4814000129699707,13.11500358581543,1833.4649658203125,Follow status: track
2025-05-29 11:28:06.967,1.0916999578475952,0.4814000129699707,13.11500358581543,1833.4649658203125,Follow status: track
2025-05-29 11:28:07.967,1.0916999578475952,0.4814000129699707,13.11500358581543,1833.4649658203125,Follow status: track
2025-05-29 11:28:08.966,1.0916999578475952,0.4814000129699707,13.11500358581543,1833.4649658203125,Follow status: abort
2025-05-29 11:28:09.967,1.0916999578475952,0.4814000129699707,13.11500358581543,1833.4649658203125,Follow status: abort
2025-05-29 11:28:10.075,1.1032999753952026,0.4726000130176544,3.2887775897979736,2177.239501953125,Follow status: abort
2025-05-29 11:28:10.633,1.0539000034332275,0.48510000109672546,-36.34271240234375,2234.535400390625,Follow status: abort
2025-05-29 11:28:10.967,1.0539000034332275,0.48510000109672546,-36.34271240234375,2234.535400390625,Follow status: abort
2025-05-29 11:28:11.194,1.0327999591827393,0.5085999965667725,-66.4229965209961,2177.239501953125,Follow status: abort
2025-05-29 11:28:11.744,1.0384000539779663,0.48820000886917114,-85.7030258178711,2234.535400390625,Follow status: abort
2025-05-29 11:28:11.967,1.0384000539779663,0.48820000886917114,-85.7030258178711,2234.535400390625,Follow status: abort
2025-05-29 11:28:12.291,1.0472999811172485,0.47519999742507935,-94.03955841064453,2177.239501953125,Follow status: abort
2025-05-29 11:28:12.967,1.0472999811172485,0.47519999742507935,-94.03955841064453,2177.239501953125,Follow status: abort
2025-05-29 11:28:13.967,1.0472999811172485,0.47519999742507935,-94.03955841064453,2177.239501953125,Follow status: abort
2025-05-29 11:28:14.967,1.0472999811172485,0.47519999742507935,-94.03955841064453,2177.239501953125,Follow status: abort
2025-05-29 11:28:15.966,1.0472999811172485,0.47519999742507935,-94.03955841064453,2177.239501953125,Follow status: abort
2025-05-29 11:28:16.967,1.0472999811172485,0.47519999742507935,-94.03955841064453,2177.239501953125,Follow status: abort
2025-05-29 11:28:17.967,1.0472999811172485,0.47519999742507935,-94.03955841064453,2177.239501953125,Follow status: abort
2025-05-29 11:28:18.462,1.0437999963760376,0.4611000120639801,-95.38601684570312,2177.239501953125,Follow status: abort
2025-05-29 11:28:18.967,1.0437999963760376,0.4611000120639801,-95.38601684570312,2177.239501953125,Follow status: abort
2025-05-29 11:28:19.967,1.0437999963760376,0.4611000120639801,-95.38601684570312,2177.239501953125,Follow status: abort
2025-05-29 11:28:20.966,1.0437999963760376,0.4611000120639801,-95.38601684570312,2177.239501953125,Follow status: abort
2025-05-29 11:28:21.966,1.0437999963760376,0.4611000120639801,-95.38601684570312,2177.239501953125,Follow status: abort
2025-05-29 11:28:22.967,1.0437999963760376,0.4611000120639801,-95.38601684570312,2177.239501953125,Follow status: abort
2025-05-29 11:28:23.967,1.0437999963760376,0.4611000120639801,-95.38601684570312,2177.239501953125,Follow status: abort
2025-05-29 11:28:24.966,1.0437999963760376,0.4611000120639801,-95.38601684570312,2177.239501953125,Follow status: abort
2025-05-29 11:28:25.536,1.0430999994277954,0.454800009727478,-95.29434204101562,2177.239501953125,Follow status: abort
2025-05-29 11:28:25.967,1.0430999994277954,0.454800009727478,-95.29434204101562,2177.239501953125,Follow status: abort
2025-05-29 11:28:26.562,1.021299958229065,0.27000001072883606,-100.1874008178711,2177.239501953125,Follow status: abort
2025-05-29 11:28:26.967,1.021299958229065,0.27000001072883606,-100.1874008178711,2177.239501953125,Follow status: abort
2025-05-29 11:28:27.967,1.021299958229065,0.27000001072883606,-100.1874008178711,2177.239501953125,Follow status: abort
2025-05-29 11:28:28.967,1.021299958229065,0.27000001072883606,-100.1874008178711,2177.239501953125,Follow status: abort
2025-05-29 11:28:29.967,1.021299958229065,0.27000001072883606,-100.1874008178711,2177.239501953125,Follow status: abort
2025-05-29 11:28:30.966,1.021299958229065,0.27000001072883606,-100.1874008178711,2177.239501953125,Follow status: abort
2025-05-29 11:28:31.967,1.021299958229065,0.27000001072883606,-100.1874008178711,2177.239501953125,Follow status: abort
2025-05-29 11:28:32.446,1.0037000179290771,0.15039999783039093,-93.19731903076172,2234.535400390625,Follow status: abort
2025-05-29 11:28:32.967,1.0037000179290771,0.15039999783039093,-93.19731903076172,2234.535400390625,Follow status: abort
2025-05-29 11:28:32.996,1.000499963760376,0.045499999076128006,-92.44673919677734,2234.535400390625,Follow status: abort
2025-05-29 11:28:33.967,1.000499963760376,0.045499999076128006,-92.44673919677734,2234.535400390625,Follow status: abort
2025-05-29 11:28:33.995,0.9939000010490417,-0.07919999957084656,-94.051025390625,2234.535400390625,Follow status: abort
2025-05-29 11:28:34.967,0.9939000010490417,-0.07919999957084656,-94.051025390625,2234.535400390625,Follow status: abort
2025-05-29 11:28:35.967,0.9939000010490417,-0.07919999957084656,-94.051025390625,2234.535400390625,Follow status: abort
2025-05-29 11:28:36.967,0.9939000010490417,-0.07919999957084656,-94.051025390625,2234.535400390625,Follow status: abort
2025-05-29 11:28:37.967,0.9939000010490417,-0.07919999957084656,-94.051025390625,2234.535400390625,Follow status: abort
2025-05-29 11:28:38.966,0.9939000010490417,-0.07919999957084656,-94.051025390625,2234.535400390625,Follow status: start
2025-05-29 11:28:39.844,0.980400025844574,-0.15680000185966492,-68.21635437011719,2406.4228515625,Follow status: start
2025-05-29 11:28:39.966,0.980400025844574,-0.15680000185966492,-68.21635437011719,2406.4228515625,Follow status: track
2025-05-29 11:28:40.340,0.9836999773979187,-0.15760000050067902,-49.97911071777344,2177.239501953125,Follow status: track
2025-05-29 11:28:40.887,1.103700041770935,-0.2768000066280365,-48.96497344970703,1432.39453125,Follow status: track
2025-05-29 11:28:40.967,1.103700041770935,-0.2768000066280365,-48.96497344970703,1432.39453125,Follow status: track
2025-05-29 11:28:41.400,1.3315000534057617,-0.40790000557899475,-29.071876525878906,974.0282592773438,Follow status: track
2025-05-29 11:28:41.967,1.3315000534057617,-0.40790000557899475,-29.071876525878906,974.0282592773438,Follow status: track
2025-05-29 11:28:42.445,1.4266999959945679,-0.4742000102996826,-43.75678634643555,1375.0987548828125,Follow status: track
2025-05-29 11:28:42.967,1.4266999959945679,-0.4742000102996826,-43.75678634643555,1375.0987548828125,Follow status: track
2025-05-29 11:28:42.993,1.4538999795913696,-0.53329998254776,-70.42797088623047,1375.0987548828125,Follow status: track
2025-05-29 11:28:43.534,1.4566999673843384,-0.6844000220298767,-91.70189666748047,1317.802978515625,Follow status: track
2025-05-29 11:28:43.967,1.4566999673843384,-0.6844000220298767,-91.70189666748047,1317.802978515625,Follow status: track
2025-05-29 11:28:44.076,1.4534000158309937,-0.8234000205993652,-91.6904296875,1317.802978515625,Follow status: track
2025-05-29 11:28:44.640,1.4449000358581543,-1.028499960899353,-92.44100952148438,1317.802978515625,Follow status: track
2025-05-29 11:28:44.967,1.4449000358581543,-1.028499960899353,-92.44100952148438,1317.802978515625,Follow status: track
2025-05-29 11:28:45.748,1.3990000486373901,-1.2618999481201172,-104.3642578125,916.7324829101562,Follow status: track
2025-05-29 11:28:45.967,1.3990000486373901,-1.2618999481201172,-104.3642578125,916.7324829101562,Follow status: track
2025-05-29 11:28:46.296,1.2941999435424805,-1.5714000463485718,-110.21415710449219,1260.5072021484375,Follow status: track
2025-05-29 11:28:46.792,1.1979999542236328,-1.8964999914169312,-103.95745849609375,1317.802978515625,Follow status: track
2025-05-29 11:28:46.967,1.1979999542236328,-1.8964999914169312,-103.95745849609375,1317.802978515625,Follow status: track
2025-05-29 11:28:47.295,1.1159000396728516,-2.255500078201294,-99.37953186035156,1317.802978515625,Follow status: track
2025-05-29 11:28:47.841,1.0292999744415283,-2.6909000873565674,-99.80352020263672,1260.5072021484375,Follow status: track
2025-05-29 11:28:47.967,1.0292999744415283,-2.6909000873565674,-99.80352020263672,1260.5072021484375,Follow status: track
2025-05-29 11:28:48.346,0.9735999703407288,-3.1403000354766846,-93.98799896240234,1031.323974609375,Follow status: track
2025-05-29 11:28:48.884,0.9480999708175659,-3.566499948501587,-93.0540771484375,1317.802978515625,Follow status: track
2025-05-29 11:28:48.966,0.9480999708175659,-3.566499948501587,-93.0540771484375,1317.802978515625,Follow status: track
2025-05-29 11:28:49.445,0.9208999872207642,-4.031199932098389,-92.20610046386719,1375.0987548828125,Follow status: track
2025-05-29 11:28:49.941,0.9354000091552734,-4.455100059509277,-89.75956726074219,1375.0987548828125,Follow status: track
2025-05-29 11:28:49.966,0.9354000091552734,-4.455100059509277,-89.75956726074219,1375.0987548828125,Follow status: track
2025-05-29 11:28:50.432,0.9300000071525574,-4.881999969482422,-87.84589385986328,1145.9156494140625,Follow status: track
2025-05-29 11:28:50.967,0.9300000071525574,-4.881999969482422,-87.84589385986328,1145.9156494140625,Follow status: track
2025-05-29 11:28:50.991,0.9453999996185303,-5.212699890136719,-81.74961853027344,1317.802978515625,Follow status: track
2025-05-29 11:28:51.562,1.030400037765503,-5.6097002029418945,-70.6800765991211,1317.802978515625,Follow status: track
2025-05-29 11:28:51.967,1.030400037765503,-5.6097002029418945,-70.6800765991211,1317.802978515625,Follow status: track
2025-05-29 11:28:52.077,1.118499994277954,-5.781599998474121,-52.975677490234375,2291.831298828125,Follow status: track
2025-05-29 11:28:52.642,1.1790000200271606,-5.847099781036377,-35.68954086303711,2291.831298828125,Follow status: track
2025-05-29 11:28:52.967,1.1790000200271606,-5.847099781036377,-35.68954086303711,2291.831298828125,Follow status: track
2025-05-29 11:28:53.154,1.2031999826431274,-5.8678998947143555,-16.867877960205078,2291.831298828125,Follow status: track
2025-05-29 11:28:53.694,1.1944999694824219,-5.86929988861084,17.26894760131836,2291.831298828125,Follow status: track
2025-05-29 11:28:53.966,1.1944999694824219,-5.86929988861084,17.26894760131836,2291.831298828125,Follow status: track
2025-05-29 11:28:54.222,1.1913000345230103,-5.872499942779541,60.739253997802734,2234.535400390625,Follow status: track
2025-05-29 11:28:54.727,1.194700002670288,-5.861000061035156,78.96504974365234,1432.39453125,Follow status: track
2025-05-29 11:28:54.966,1.194700002670288,-5.861000061035156,78.96504974365234,1432.39453125,Follow status: track
2025-05-29 11:28:55.286,1.190999984741211,-5.713799953460693,95.03650665283203,1317.802978515625,Follow status: track
2025-05-29 11:28:55.793,1.1504000425338745,-5.553599834442139,100.80619812011719,1203.21142578125,Follow status: track
2025-05-29 11:28:55.966,1.1504000425338745,-5.553599834442139,100.80619812011719,1203.21142578125,Follow status: track
2025-05-29 11:28:56.328,1.1486999988555908,-5.312600135803223,86.1900405883789,1375.0987548828125,Follow status: track
2025-05-29 11:28:56.838,1.200600028038025,-4.993199825286865,78.89628601074219,1317.802978515625,Follow status: track
2025-05-29 11:28:56.967,1.200600028038025,-4.993199825286865,78.89628601074219,1317.802978515625,Follow status: track
2025-05-29 11:28:57.343,1.2740000486373901,-4.615300178527832,78.96504974365234,1317.802978515625,Follow status: track
2025-05-29 11:28:57.895,1.3609999418258667,-4.28000020980835,72.7026138305664,1203.21142578125,Follow status: track
2025-05-29 11:28:57.967,1.3609999418258667,-4.28000020980835,72.7026138305664,1203.21142578125,Follow status: track
2025-05-29 11:28:58.444,1.4573999643325806,-3.9814999103546143,77.12584686279297,1145.9156494140625,Follow status: track
2025-05-29 11:28:58.967,1.4573999643325806,-3.9814999103546143,77.12584686279297,1145.9156494140625,Follow status: track
2025-05-29 11:28:58.998,1.5016000270843506,-3.705699920654297,83.01012420654297,1432.39453125,Follow status: track
2025-05-29 11:28:59.497,1.531499981880188,-3.4019999504089355,85.903564453125,1375.0987548828125,Follow status: track
2025-05-29 11:28:59.967,1.531499981880188,-3.4019999504089355,85.903564453125,1375.0987548828125,Follow status: track
2025-05-29 11:28:59.993,1.558899998664856,-3.071899890899658,83.68621826171875,1375.0987548828125,Follow status: track
2025-05-29 11:29:00.539,1.5908000469207764,-2.7716000080108643,87.3646011352539,1546.986083984375,Follow status: track
2025-05-29 11:29:00.967,1.5908000469207764,-2.7716000080108643,87.3646011352539,1546.986083984375,Follow status: track
2025-05-29 11:29:01.083,1.6093000173568726,-2.509399890899658,86.39630889892578,1546.986083984375,Follow status: track
2025-05-29 11:29:01.593,1.6302000284194946,-2.1967999935150146,89.31838989257812,1489.6903076171875,Follow status: track
2025-05-29 11:29:01.967,1.6302000284194946,-2.1967999935150146,89.31838989257812,1489.6903076171875,Follow status: track
2025-05-29 11:29:02.141,1.6145999431610107,-1.944100022315979,100.21604919433594,1489.6903076171875,Follow status: track
2025-05-29 11:29:02.643,1.5865000486373901,-1.8299000263214111,111.5033187866211,974.0282592773438,Follow status: track
2025-05-29 11:29:02.967,1.5865000486373901,-1.8299000263214111,111.5033187866211,974.0282592773438,Follow status: track
2025-05-29 11:29:03.142,1.527400016784668,-1.6734000444412231,111.13662719726562,1031.323974609375,Follow status: track
2025-05-29 11:29:03.690,1.3931000232696533,-1.3047000169754028,108.67863464355469,1031.323974609375,Follow status: track
2025-05-29 11:29:03.967,1.3931000232696533,-1.3047000169754028,108.67863464355469,1031.323974609375,Follow status: track
2025-05-29 11:29:04.243,1.3255000114440918,-0.980400025844574,98.9555435180664,1031.323974609375,Follow status: track
2025-05-29 11:29:04.810,1.3178999423980713,-0.7904000282287598,87.5135726928711,2119.94384765625,Follow status: track
2025-05-29 11:29:04.967,1.3178999423980713,-0.7904000282287598,87.5135726928711,2119.94384765625,Follow status: track
2025-05-29 11:29:05.341,1.3361999988555908,-0.6804999709129333,74.2381362915039,2005.352294921875,Follow status: track
2025-05-29 11:29:05.967,1.3361999988555908,-0.6804999709129333,74.2381362915039,2005.352294921875,Follow status: track
2025-05-29 11:29:06.439,1.4092999696731567,-0.4675000011920929,75.4184341430664,1489.6903076171875,Follow status: track
2025-05-29 11:29:06.967,1.4092999696731567,-0.4675000011920929,75.4184341430664,1489.6903076171875,Follow status: track
2025-05-29 11:29:07.967,1.4092999696731567,-0.4675000011920929,75.4184341430664,1489.6903076171875,Follow status: track
2025-05-29 11:29:08.032,1.4175000190734863,-0.4320000112056732,61.27210235595703,2062.64794921875,Follow status: track
2025-05-29 11:29:08.545,1.420300006866455,-0.4291999936103821,51.371395111083984,1604.2818603515625,Follow status: track
2025-05-29 11:29:08.967,1.420300006866455,-0.4291999936103821,51.371395111083984,1604.2818603515625,Follow status: track
2025-05-29 11:29:09.967,1.420300006866455,-0.4291999936103821,51.371395111083984,1604.2818603515625,Follow status: track
2025-05-29 11:29:10.967,1.420300006866455,-0.4291999936103821,51.371395111083984,1604.2818603515625,Follow status: track
2025-05-29 11:29:11.966,1.420300006866455,-0.4291999936103821,51.371395111083984,1604.2818603515625,Follow status: abort
2025-05-29 11:29:12.967,1.420300006866455,-0.4291999936103821,51.371395111083984,1604.2818603515625,Follow status: abort
2025-05-29 11:29:13.967,1.420300006866455,-0.4291999936103821,51.371395111083984,1604.2818603515625,Follow status: abort
2025-05-29 11:29:14.967,1.420300006866455,-0.4291999936103821,51.371395111083984,1604.2818603515625,Follow status: abort
2025-05-29 11:29:15.966,1.420300006866455,-0.4291999936103821,51.371395111083984,1604.2818603515625,Follow status: abort
2025-05-29 11:29:16.967,1.420300006866455,-0.4291999936103821,51.371395111083984,1604.2818603515625,Follow status: abort
2025-05-29 11:29:17.967,1.420300006866455,-0.4291999936103821,51.371395111083984,1604.2818603515625,Follow status: abort
2025-05-29 11:29:18.967,1.420300006866455,-0.4291999936103821,51.371395111083984,1604.2818603515625,Follow status: abort
2025-05-29 11:29:19.455,1.4185999631881714,-0.43529999256134033,53.18767166137695,2864.7890625,Follow status: abort
2025-05-29 11:29:19.967,1.4185999631881714,-0.43529999256134033,53.18767166137695,2864.7890625,Follow status: abort
2025-05-29 11:29:20.967,1.4185999631881714,-0.43529999256134033,53.18767166137695,2864.7890625,Follow status: abort
2025-05-29 11:29:21.967,1.4185999631881714,-0.43529999256134033,53.18767166137695,2864.7890625,Follow status: abort
2025-05-29 11:29:22.967,1.4185999631881714,-0.43529999256134033,53.18767166137695,2864.7890625,Follow status: abort
2025-05-29 11:29:23.966,1.4185999631881714,-0.43529999256134033,53.18767166137695,2864.7890625,Follow status: abort
2025-05-29 11:29:24.967,1.4185999631881714,-0.43529999256134033,53.18767166137695,2864.7890625,Follow status: abort
2025-05-29 11:29:25.967,1.4185999631881714,-0.43529999256134033,53.18767166137695,2864.7890625,Follow status: abort
2025-05-29 11:29:26.967,1.4185999631881714,-0.43529999256134033,53.18767166137695,2864.7890625,Follow status: abort
2025-05-29 11:29:27.967,1.4185999631881714,-0.43529999256134033,53.18767166137695,2864.7890625,Follow status: abort
2025-05-29 11:29:28.967,1.4185999631881714,-0.43529999256134033,53.18767166137695,2864.7890625,Follow status: abort
2025-05-29 11:29:29.967,1.4185999631881714,-0.43529999256134033,53.18767166137695,2864.7890625,Follow status: abort
2025-05-29 11:29:30.967,1.4185999631881714,-0.43529999256134033,53.18767166137695,2864.7890625,Follow status: abort
2025-05-29 11:29:31.967,1.4185999631881714,-0.43529999256134033,53.18767166137695,2864.7890625,Follow status: abort
2025-05-29 11:29:32.967,1.4185999631881714,-0.43529999256134033,53.18767166137695,2864.7890625,Follow status: abort
2025-05-29 11:29:33.967,1.4185999631881714,-0.43529999256134033,53.18767166137695,2864.7890625,Follow status: abort
2025-05-29 11:29:34.967,1.4185999631881714,-0.43529999256134033,53.18767166137695,2864.7890625,Follow status: abort
2025-05-29 11:29:35.967,1.4185999631881714,-0.43529999256134033,53.18767166137695,2864.7890625,Follow status: abort
2025-05-29 11:29:36.967,1.4185999631881714,-0.43529999256134033,53.18767166137695,2864.7890625,Follow status: abort
2025-05-29 11:29:37.967,1.4185999631881714,-0.43529999256134033,53.18767166137695,2864.7890625,Follow status: abort
2025-05-29 11:29:38.967,1.4185999631881714,-0.43529999256134033,53.18767166137695,2864.7890625,Follow status: abort
2025-05-29 11:29:39.967,1.4185999631881714,-0.43529999256134033,53.18767166137695,2864.7890625,Follow status: abort
2025-05-29 11:29:40.967,1.4185999631881714,-0.43529999256134033,53.18767166137695,2864.7890625,Follow status: abort
2025-05-29 11:29:41.967,1.4185999631881714,-0.43529999256134033,53.18767166137695,2864.7890625,Follow status: abort
2025-05-29 11:29:42.967,1.4185999631881714,-0.43529999256134033,53.18767166137695,2864.7890625,Follow status: abort
2025-05-29 11:29:43.966,1.4185999631881714,-0.43529999256134033,53.18767166137695,2864.7890625,Follow status: abort
2025-05-29 11:29:44.967,1.4185999631881714,-0.43529999256134033,53.18767166137695,2864.7890625,Follow status: abort
2025-05-29 11:29:45.440,1.419100046157837,-0.43529999256134033,53.00432586669922,2864.7890625,Follow status: start
2025-05-29 11:29:45.966,1.419100046157837,-0.43529999256134033,53.00432586669922,2864.7890625,Follow status: start
2025-05-29 11:29:46.967,1.419100046157837,-0.43529999256134033,53.00432586669922,2864.7890625,Follow status: search
2025-05-29 11:29:47.782,1.499400019645691,-0.30410000681877136,67.13346862792969,1145.9156494140625,Follow status: search
2025-05-29 11:29:47.966,1.499400019645691,-0.30410000681877136,67.13346862792969,1145.9156494140625,Follow status: track
2025-05-29 11:29:48.296,1.5230000019073486,-0.2393999993801117,73.88290405273438,1546.986083984375,Follow status: track
2025-05-29 11:29:48.842,1.5461000204086304,-0.1096000000834465,85.43373107910156,1088.6197509765625,Follow status: track
2025-05-29 11:29:48.967,1.5461000204086304,-0.1096000000834465,85.43373107910156,1088.6197509765625,Follow status: track
2025-05-29 11:29:49.346,1.552299976348877,-0.005499999970197678,91.77637481689453,1088.6197509765625,Follow status: track
2025-05-29 11:29:49.967,1.552299976348877,-0.005499999970197678,91.77637481689453,1088.6197509765625,Follow status: track
2025-05-29 11:29:50.967,1.552299976348877,-0.005499999970197678,91.77637481689453,1088.6197509765625,Follow status: track
2025-05-29 11:29:51.967,1.552299976348877,-0.005499999970197678,91.77637481689453,1088.6197509765625,Follow status: track
2025-05-29 11:29:52.967,1.552299976348877,-0.005499999970197678,91.77637481689453,1088.6197509765625,Follow status: track
2025-05-29 11:29:53.646,1.5509999990463257,0.02019999921321869,110.53501892089844,2750.197509765625,Follow status: track
2025-05-29 11:29:53.966,1.5509999990463257,0.02019999921321869,110.53501892089844,2750.197509765625,Follow status: track
2025-05-29 11:29:54.178,1.5507999658584595,0.018799999728798866,145.77764892578125,2692.901611328125,Follow status: track
2025-05-29 11:29:54.695,1.5232000350952148,0.030300000682473183,164.1581268310547,2234.535400390625,Follow status: track
2025-05-29 11:29:54.967,1.5232000350952148,0.030300000682473183,164.1581268310547,2234.535400390625,Follow status: track
2025-05-29 11:29:55.241,1.319000005722046,0.061900001019239426,175.0271453857422,1833.4649658203125,Follow status: track
2025-05-29 11:29:55.761,1.160599946975708,0.0763000026345253,168.11727905273438,1375.0987548828125,Follow status: track
2025-05-29 11:29:55.967,1.160599946975708,0.0763000026345253,168.11727905273438,1375.0987548828125,Follow status: track
2025-05-29 11:29:56.296,1.0782999992370605,0.11559999734163284,144.0473175048828,1317.802978515625,Follow status: track
2025-05-29 11:29:56.855,0.9345999956130981,0.2362000048160553,129.71763610839844,1088.6197509765625,Follow status: track
2025-05-29 11:29:56.967,0.9345999956130981,0.2362000048160553,129.71763610839844,1088.6197509765625,Follow status: track
2025-05-29 11:29:57.391,0.8896999955177307,0.31189998984336853,115.54840087890625,1260.5072021484375,Follow status: track
2025-05-29 11:29:57.967,0.8896999955177307,0.31189998984336853,115.54840087890625,1260.5072021484375,Follow status: track
2025-05-29 11:29:58.967,0.8896999955177307,0.31189998984336853,115.54840087890625,1260.5072021484375,Follow status: track
2025-05-29 11:29:59.966,0.8896999955177307,0.31189998984336853,115.54840087890625,1260.5072021484375,Follow status: abort
2025-05-29 11:30:00.966,0.8896999955177307,0.31189998984336853,115.54840087890625,1260.5072021484375,Follow status: abort
2025-05-29 11:30:01.034,0.8968999981880188,0.2676999866962433,76.78207397460938,2864.7890625,Follow status: abort
2025-05-29 11:30:01.597,0.8482000231742859,0.20999999344348907,23.772018432617188,2864.7890625,Follow status: abort
2025-05-29 11:30:01.967,0.8482000231742859,0.20999999344348907,23.772018432617188,2864.7890625,Follow status: abort
2025-05-29 11:30:02.154,0.8241999745368958,0.20100000500679016,-2.555391788482666,2864.7890625,Follow status: abort
2025-05-29 11:30:02.967,0.8241999745368958,0.20100000500679016,-2.555391788482666,2864.7890625,Follow status: abort
2025-05-29 11:30:03.966,0.8241999745368958,0.20100000500679016,-2.555391788482666,2864.7890625,Follow status: start
2025-05-29 11:30:04.339,0.8348000049591064,0.2092999964952469,2.457988977432251,2750.197509765625,Follow status: start
2025-05-29 11:30:04.898,0.84579998254776,0.20909999310970306,17.400728225708008,2750.197509765625,Follow status: track
2025-05-29 11:30:04.967,0.84579998254776,0.20909999310970306,17.400728225708008,2750.197509765625,Follow status: track
2025-05-29 11:30:05.967,0.84579998254776,0.20909999310970306,17.400728225708008,2750.197509765625,Follow status: track
2025-05-29 11:30:06.967,0.84579998254776,0.20909999310970306,17.400728225708008,2750.197509765625,Follow status: track
2025-05-29 11:30:07.034,0.8407999873161316,0.19869999587535858,-9.980924606323242,2750.197509765625,Follow status: track
2025-05-29 11:30:07.552,0.8364999890327454,0.20090000331401825,-50.12234878540039,2578.31005859375,Follow status: track
2025-05-29 11:30:07.967,0.8364999890327454,0.20090000331401825,-50.12234878540039,2578.31005859375,Follow status: track
2025-05-29 11:30:08.037,0.8348000049591064,0.19419999420642853,-74.48451232910156,2119.94384765625,Follow status: track
2025-05-29 11:30:08.601,0.8403000235557556,0.10620000213384628,-85.09569549560547,1432.39453125,Follow status: track
2025-05-29 11:30:08.967,0.8403000235557556,0.10620000213384628,-85.09569549560547,1432.39453125,Follow status: track
2025-05-29 11:30:09.151,0.8828999996185303,-0.12240000069141388,-75.10903930664062,1432.39453125,Follow status: track
2025-05-29 11:30:09.697,0.9688000082969666,-0.4214000105857849,-72.74845123291016,1088.6197509765625,Follow status: track
2025-05-29 11:30:09.967,0.9688000082969666,-0.4214000105857849,-72.74845123291016,1088.6197509765625,Follow status: track
2025-05-29 11:30:10.242,1.0907000303268433,-0.8680999875068665,-77.2117919921875,1375.0987548828125,Follow status: track
2025-05-29 11:30:10.795,1.128999948501587,-1.375599980354309,-90.50440979003906,1317.802978515625,Follow status: track
2025-05-29 11:30:10.967,1.128999948501587,-1.375599980354309,-90.50440979003906,1317.802978515625,Follow status: track
2025-05-29 11:30:11.348,1.0849000215530396,-1.735700011253357,-100.88640594482422,916.7324829101562,Follow status: track
2025-05-29 11:30:11.856,1.0339000225067139,-1.9833999872207642,-102.40474700927734,916.7324829101562,Follow status: track
2025-05-29 11:30:11.967,1.0339000225067139,-1.9833999872207642,-102.40474700927734,916.7324829101562,Follow status: track
2025-05-29 11:30:12.400,0.9713000059127808,-2.277899980545044,-97.43720245361328,1375.0987548828125,Follow status: track
2025-05-29 11:30:12.904,0.9556999802589417,-2.3847999572753906,-93.684326171875,1317.802978515625,Follow status: track
2025-05-29 11:30:12.967,0.9556999802589417,-2.3847999572753906,-93.684326171875,1317.802978515625,Follow status: track
2025-05-29 11:30:13.967,0.9556999802589417,-2.3847999572753906,-93.684326171875,1317.802978515625,Follow status: track
2025-05-29 11:30:14.001,0.9564999938011169,-2.580699920654297,-87.02082824707031,1260.5072021484375,Follow status: track
2025-05-29 11:30:14.967,0.9564999938011169,-2.580699920654297,-87.02082824707031,1260.5072021484375,Follow status: track
2025-05-29 11:30:15.010,0.9546999931335449,-2.6335999965667725,-81.99598693847656,2291.831298828125,Follow status: track
2025-05-29 11:30:15.966,0.9546999931335449,-2.6335999965667725,-81.99598693847656,2291.831298828125,Follow status: obstacle detected
2025-05-29 11:30:16.544,0.958899974822998,-2.647599935531616,-73.75112915039062,2234.535400390625,Follow status: obstacle detected
2025-05-29 11:30:16.966,0.958899974822998,-2.647599935531616,-73.75112915039062,2234.535400390625,Follow status: obstacle detected
2025-05-29 11:30:17.037,0.9588000178337097,-2.65120005607605,-67.58036804199219,2864.7890625,Follow status: obstacle detected
2025-05-29 11:30:17.590,0.9593999981880188,-2.652899980545044,-61.15751266479492,2864.7890625,Follow status: obstacle detected
2025-05-29 11:30:17.967,0.9593999981880188,-2.652899980545044,-61.15751266479492,2864.7890625,Follow status: obstacle detected
2025-05-29 11:30:18.142,0.9559000134468079,-2.6428000926971436,-53.53144836425781,2864.7890625,Follow status: obstacle detected
2025-05-29 11:30:18.643,0.9470999836921692,-2.634999990463257,-46.06007766723633,2864.7890625,Follow status: obstacle detected
2025-05-29 11:30:18.967,0.9470999836921692,-2.634999990463257,-46.06007766723633,2864.7890625,Follow status: obstacle detected
2025-05-29 11:30:19.693,1.087499976158142,-2.8201000690460205,-63.031089782714844,2864.7890625,Follow status: obstacle detected
2025-05-29 11:30:19.966,1.087499976158142,-2.8201000690460205,-63.031089782714844,2864.7890625,Follow status: obstacle detected
2025-05-29 11:30:20.194,1.194000005722046,-3.0634000301361084,-59.805335998535156,2864.7890625,Follow status: obstacle detected
2025-05-29 11:30:20.736,1.308500051498413,-3.3259999752044678,-61.20335006713867,2406.4228515625,Follow status: obstacle detected
2025-05-29 11:30:20.967,1.308500051498413,-3.3259999752044678,-61.20335006713867,2406.4228515625,Follow status: track
2025-05-29 11:30:21.296,1.3597999811172485,-3.3928000926971436,-53.749168395996094,1260.5072021484375,Follow status: track
2025-05-29 11:30:21.967,1.3597999811172485,-3.3928000926971436,-53.749168395996094,1260.5072021484375,Follow status: track
2025-05-29 11:30:22.294,1.3716000318527222,-3.4102001190185547,-35.374412536621094,1432.39453125,Follow status: track
2025-05-29 11:30:22.803,1.367799997329712,-3.4082000255584717,-22.792261123657227,1432.39453125,Follow status: track
2025-05-29 11:30:22.967,1.367799997329712,-3.4082000255584717,-22.792261123657227,1432.39453125,Follow status: track
2025-05-29 11:30:23.354,1.37090003490448,-3.409899950027466,-16.5699405670166,1432.39453125,Follow status: track
2025-05-29 11:30:23.967,1.37090003490448,-3.409899950027466,-16.5699405670166,1432.39453125,Follow status: track
2025-05-29 11:30:24.900,1.3701000213623047,-3.4072999954223633,-38.921024322509766,1432.39453125,Follow status: track
2025-05-29 11:30:24.967,1.3701000213623047,-3.4072999954223633,-38.921024322509766,1432.39453125,Follow status: track
2025-05-29 11:30:25.967,1.3701000213623047,-3.4072999954223633,-38.921024322509766,1432.39453125,Follow status: track
2025-05-29 11:30:26.967,1.3701000213623047,-3.4072999954223633,-38.921024322509766,1432.39453125,Follow status: track
2025-05-29 11:30:27.967,1.3701000213623047,-3.4072999954223633,-38.921024322509766,1432.39453125,Follow status: track
2025-05-29 11:30:28.552,1.3717999458312988,-3.412100076675415,-22.391191482543945,2807.4931640625,Follow status: track
2025-05-29 11:30:28.967,1.3717999458312988,-3.412100076675415,-22.391191482543945,2807.4931640625,Follow status: track
2025-05-29 11:30:29.039,1.3704999685287476,-3.411600112915039,20.25978660583496,2864.7890625,Follow status: track
2025-05-29 11:30:29.592,1.3702000379562378,-3.4084999561309814,67.94705963134766,2864.7890625,Follow status: track
2025-05-29 11:30:29.967,1.3702000379562378,-3.4084999561309814,67.94705963134766,2864.7890625,Follow status: track
2025-05-29 11:30:30.097,1.3641999959945679,-3.4286000728607178,87.03229522705078,2864.7890625,Follow status: track
2025-05-29 11:30:30.967,1.3641999959945679,-3.4286000728607178,87.03229522705078,2864.7890625,Follow status: track
2025-05-29 11:30:31.699,1.3630000352859497,-3.4381000995635986,96.80694580078125,2291.831298828125,Follow status: track
2025-05-29 11:30:31.967,1.3630000352859497,-3.4381000995635986,96.80694580078125,2291.831298828125,Follow status: track
2025-05-29 11:30:32.193,1.3580000400543213,-3.424999952316284,109.21148681640625,2234.535400390625,Follow status: track
2025-05-29 11:30:32.700,1.3014999628067017,-3.2235000133514404,103.41315460205078,1489.6903076171875,Follow status: track
2025-05-29 11:30:32.967,1.3014999628067017,-3.2235000133514404,103.41315460205078,1489.6903076171875,Follow status: track
2025-05-29 11:30:33.204,1.246399998664856,-2.918800115585327,97.91275787353516,1375.0987548828125,Follow status: track
2025-05-29 11:30:33.752,1.1621999740600586,-2.5553998947143555,103.54492950439453,1317.802978515625,Follow status: track
2025-05-29 11:30:33.967,1.1621999740600586,-2.5553998947143555,103.54492950439453,1317.802978515625,Follow status: track
2025-05-29 11:30:34.243,1.0898000001907349,-2.182499885559082,98.7550048828125,1317.802978515625,Follow status: track
2025-05-29 11:30:34.793,0.9850999712944031,-1.6593999862670898,104.66793060302734,1317.802978515625,Follow status: track
2025-05-29 11:30:34.967,0.9850999712944031,-1.6593999862670898,104.66793060302734,1317.802978515625,Follow status: track
2025-05-29 11:30:35.304,0.8888999819755554,-1.371399998664856,112.48880004882812,1088.6197509765625,Follow status: track
2025-05-29 11:30:35.835,0.808899998664856,-1.0198999643325806,103.20689392089844,1317.802978515625,Follow status: track
2025-05-29 11:30:35.967,0.808899998664856,-1.0198999643325806,103.20689392089844,1317.802978515625,Follow status: track
2025-05-29 11:30:36.397,0.6995999813079834,-0.6207000017166138,105.49298858642578,1375.0987548828125,Follow status: track
2025-05-29 11:30:36.904,0.6801000237464905,-0.4916999936103821,95.24850463867188,2578.31005859375,Follow status: track
2025-05-29 11:30:36.966,0.6801000237464905,-0.4916999936103821,95.24850463867188,2578.31005859375,Follow status: track
2025-05-29 11:30:37.400,0.680899977684021,-0.4909999966621399,88.40165710449219,2864.7890625,Follow status: track
2025-05-29 11:30:37.903,0.6818000078201294,-0.4869000017642975,75.22935485839844,2864.7890625,Follow status: track
2025-05-29 11:30:37.967,0.6818000078201294,-0.4869000017642975,75.22935485839844,2864.7890625,Follow status: track
2025-05-29 11:30:38.450,0.6840000152587891,-0.4909000098705292,63.592586517333984,2864.7890625,Follow status: track
2025-05-29 11:30:38.967,0.6840000152587891,-0.4909000098705292,63.592586517333984,2864.7890625,Follow status: track
2025-05-29 11:30:39.455,0.6898000240325928,-0.4837000072002411,72.27862548828125,2864.7890625,Follow status: track
2025-05-29 11:30:39.967,0.6898000240325928,-0.4837000072002411,72.27862548828125,2864.7890625,Follow status: track
2025-05-29 11:30:40.967,0.6898000240325928,-0.4837000072002411,72.27862548828125,2864.7890625,Follow status: track
2025-05-29 11:30:41.967,0.6898000240325928,-0.4837000072002411,72.27862548828125,2864.7890625,Follow status: track
2025-05-29 11:30:42.967,0.6898000240325928,-0.4837000072002411,72.27862548828125,2864.7890625,Follow status: track
2025-05-29 11:30:43.967,0.6898000240325928,-0.4837000072002411,72.27862548828125,2864.7890625,Follow status: track
2025-05-29 11:30:44.967,0.6898000240325928,-0.4837000072002411,72.27862548828125,2864.7890625,Follow status: track
2025-05-29 11:30:45.967,0.6898000240325928,-0.4837000072002411,72.27862548828125,2864.7890625,Follow status: track
2025-05-29 11:30:46.289,0.6833999752998352,-0.4909999966621399,60.77363586425781,2864.7890625,Follow status: track
2025-05-29 11:30:46.967,0.6833999752998352,-0.4909999966621399,60.77363586425781,2864.7890625,Follow status: track
2025-05-29 11:30:47.967,0.6833999752998352,-0.4909999966621399,60.77363586425781,2864.7890625,Follow status: track
2025-05-29 11:30:48.967,0.6833999752998352,-0.4909999966621399,60.77363586425781,2864.7890625,Follow status: track
2025-05-29 11:30:49.967,0.6833999752998352,-0.4909999966621399,60.77363586425781,2864.7890625,Follow status: track
2025-05-29 11:30:50.967,0.6833999752998352,-0.4909999966621399,60.77363586425781,2864.7890625,Follow status: track
2025-05-29 11:30:51.967,0.6833999752998352,-0.4909999966621399,60.77363586425781,2864.7890625,Follow status: track
2025-05-29 11:30:52.967,0.6833999752998352,-0.4909999966621399,60.77363586425781,2864.7890625,Follow status: track
2025-05-29 11:30:53.966,0.6833999752998352,-0.4909999966621399,60.77363586425781,2864.7890625,Follow status: track
2025-05-29 11:30:54.967,0.6833999752998352,-0.4909999966621399,60.77363586425781,2864.7890625,Follow status: track
2025-05-29 11:30:55.967,0.6833999752998352,-0.4909999966621399,60.77363586425781,2864.7890625,Follow status: track
2025-05-29 11:30:56.967,0.6833999752998352,-0.4909999966621399,60.77363586425781,2864.7890625,Follow status: track
2025-05-29 11:30:57.967,0.6833999752998352,-0.4909999966621399,60.77363586425781,2864.7890625,Follow status: track
2025-05-29 11:30:58.967,0.6833999752998352,-0.4909999966621399,60.77363586425781,2864.7890625,Follow status: track
2025-05-29 11:30:59.967,0.6833999752998352,-0.4909999966621399,60.77363586425781,2864.7890625,Follow status: track
2025-05-29 11:31:00.966,0.6833999752998352,-0.4909999966621399,60.77363586425781,2864.7890625,Follow status: abort
2025-05-29 11:31:01.967,0.6833999752998352,-0.4909999966621399,60.77363586425781,2864.7890625,Follow status: abort
2025-05-29 11:31:02.967,0.6833999752998352,-0.4909999966621399,60.77363586425781,2864.7890625,Follow status: abort
2025-05-29 11:31:03.967,0.6833999752998352,-0.4909999966621399,60.77363586425781,2864.7890625,Follow status: abort
2025-05-29 11:31:04.967,0.6833999752998352,-0.4909999966621399,60.77363586425781,2864.7890625,Follow status: abort
2025-05-29 11:31:05.967,0.6833999752998352,-0.4909999966621399,60.77363586425781,2864.7890625,Follow status: abort
2025-05-29 11:31:06.967,0.6833999752998352,-0.4909999966621399,60.77363586425781,2864.7890625,Follow status: abort
2025-05-29 11:31:07.967,0.6833999752998352,-0.4909999966621399,60.77363586425781,2864.7890625,Follow status: abort
2025-05-29 11:31:08.967,0.6833999752998352,-0.4909999966621399,60.77363586425781,2864.7890625,Follow status: abort
2025-05-29 11:31:09.967,0.6833999752998352,-0.4909999966621399,60.77363586425781,2864.7890625,Follow status: abort
2025-05-29 11:31:10.503,0.6764000058174133,-0.4952000081539154,59.364158630371094,2750.197509765625,Follow status: abort
2025-05-29 11:31:10.967,0.6764000058174133,-0.4952000081539154,59.364158630371094,2750.197509765625,Follow status: abort
2025-05-29 11:31:11.967,0.6764000058174133,-0.4952000081539154,59.364158630371094,2750.197509765625,Follow status: abort
2025-05-29 11:31:12.967,0.6764000058174133,-0.4952000081539154,59.364158630371094,2750.197509765625,Follow status: abort
2025-05-29 11:31:13.967,0.6764000058174133,-0.4952000081539154,59.364158630371094,2750.197509765625,Follow status: abort
2025-05-29 11:31:14.967,0.6764000058174133,-0.4952000081539154,59.364158630371094,2750.197509765625,Follow status: abort
2025-05-29 11:31:15.967,0.6764000058174133,-0.4952000081539154,59.364158630371094,2750.197509765625,Follow status: abort
2025-05-29 11:31:16.967,0.6764000058174133,-0.4952000081539154,59.364158630371094,2750.197509765625,Follow status: abort
2025-05-29 11:31:17.967,0.6764000058174133,-0.4952000081539154,59.364158630371094,2750.197509765625,Follow status: abort
2025-05-29 11:31:18.967,0.6764000058174133,-0.4952000081539154,59.364158630371094,2750.197509765625,Follow status: abort
2025-05-29 11:31:19.967,0.6764000058174133,-0.4952000081539154,59.364158630371094,2750.197509765625,Follow status: abort
2025-05-29 11:31:20.967,0.6764000058174133,-0.4952000081539154,59.364158630371094,2750.197509765625,Follow status: abort
2025-05-29 11:31:21.967,0.6764000058174133,-0.4952000081539154,59.364158630371094,2750.197509765625,Follow status: abort
2025-05-29 11:31:22.967,0.6764000058174133,-0.4952000081539154,59.364158630371094,2750.197509765625,Follow status: abort
2025-05-29 11:31:23.967,0.6764000058174133,-0.4952000081539154,59.364158630371094,2750.197509765625,Follow status: abort
2025-05-29 11:31:24.967,0.6764000058174133,-0.4952000081539154,59.364158630371094,2750.197509765625,Follow status: abort
2025-05-29 11:31:25.967,0.6764000058174133,-0.4952000081539154,59.364158630371094,2750.197509765625,Follow status: abort
2025-05-29 11:31:26.967,0.6764000058174133,-0.4952000081539154,59.364158630371094,2750.197509765625,Follow status: abort
2025-05-29 11:31:27.967,0.6764000058174133,-0.4952000081539154,59.364158630371094,2750.197509765625,Follow status: abort
2025-05-29 11:31:28.967,0.6764000058174133,-0.4952000081539154,59.364158630371094,2750.197509765625,Follow status: abort
2025-05-29 11:31:29.967,0.6764000058174133,-0.4952000081539154,59.364158630371094,2750.197509765625,Follow status: abort
2025-05-29 11:31:30.966,0.6764000058174133,-0.4952000081539154,59.364158630371094,2750.197509765625,Follow status: abort
2025-05-29 11:31:31.967,0.6764000058174133,-0.4952000081539154,59.364158630371094,2750.197509765625,Follow status: abort
2025-05-29 11:31:32.967,0.6764000058174133,-0.4952000081539154,59.364158630371094,2750.197509765625,Follow status: abort
2025-05-29 11:31:33.967,0.6764000058174133,-0.4952000081539154,59.364158630371094,2750.197509765625,Follow status: abort
2025-05-29 11:31:34.967,0.6764000058174133,-0.4952000081539154,59.364158630371094,2750.197509765625,Follow status: abort
2025-05-29 11:31:35.967,0.6764000058174133,-0.4952000081539154,59.364158630371094,2750.197509765625,Follow status: abort
2025-05-29 11:31:36.967,0.6764000058174133,-0.4952000081539154,59.364158630371094,2750.197509765625,Follow status: abort
2025-05-29 11:31:37.967,0.6764000058174133,-0.4952000081539154,59.364158630371094,2750.197509765625,Follow status: abort
2025-05-29 11:31:38.967,0.6764000058174133,-0.4952000081539154,59.364158630371094,2750.197509765625,Follow status: abort
2025-05-29 11:31:39.967,0.6764000058174133,-0.4952000081539154,59.364158630371094,2750.197509765625,Follow status: abort
2025-05-29 11:31:40.967,0.6764000058174133,-0.4952000081539154,59.364158630371094,2750.197509765625,Follow status: abort
2025-05-29 11:31:41.967,0.6764000058174133,-0.4952000081539154,59.364158630371094,2750.197509765625,Follow status: abort
2025-05-29 11:31:42.967,0.6764000058174133,-0.4952000081539154,59.364158630371094,2750.197509765625,Follow status: abort
2025-05-29 11:31:43.967,0.6764000058174133,-0.4952000081539154,59.364158630371094,2750.197509765625,Follow status: abort
2025-05-29 11:31:44.967,0.6764000058174133,-0.4952000081539154,59.364158630371094,2750.197509765625,Follow status: abort
2025-05-29 11:31:45.967,0.6764000058174133,-0.4952000081539154,59.364158630371094,2750.197509765625,Follow status: abort
2025-05-29 11:31:46.967,0.6764000058174133,-0.4952000081539154,59.364158630371094,2750.197509765625,Follow status: abort
2025-05-29 11:31:47.967,0.6764000058174133,-0.4952000081539154,59.364158630371094,2750.197509765625,Follow status: abort
2025-05-29 11:31:48.967,0.6764000058174133,-0.4952000081539154,59.364158630371094,2750.197509765625,Follow status: abort
2025-05-29 11:31:49.967,0.6764000058174133,-0.4952000081539154,59.364158630371094,2750.197509765625,Follow status: abort
2025-05-29 11:31:50.967,0.6764000058174133,-0.4952000081539154,59.364158630371094,2750.197509765625,Follow status: abort
2025-05-29 11:31:51.967,0.6764000058174133,-0.4952000081539154,59.364158630371094,2750.197509765625,Follow status: abort
2025-05-29 11:31:52.967,0.6764000058174133,-0.4952000081539154,59.364158630371094,2750.197509765625,Follow status: abort
2025-05-29 11:31:53.966,0.6764000058174133,-0.4952000081539154,59.364158630371094,2750.197509765625,Follow status: abort
2025-05-29 11:31:54.966,0.6764000058174133,-0.4952000081539154,59.364158630371094,2750.197509765625,Follow status: abort
2025-05-29 11:31:55.966,0.6764000058174133,-0.4952000081539154,59.364158630371094,2750.197509765625,Follow status: abort
2025-05-29 11:31:56.967,0.6764000058174133,-0.4952000081539154,59.364158630371094,2750.197509765625,Follow status: abort
2025-05-29 11:31:57.967,0.6764000058174133,-0.4952000081539154,59.364158630371094,2750.197509765625,Follow status: abort
2025-05-29 11:31:58.967,0.6764000058174133,-0.4952000081539154,59.364158630371094,2750.197509765625,Follow status: abort
2025-05-29 11:31:59.967,0.6764000058174133,-0.4952000081539154,59.364158630371094,2750.197509765625,Follow status: abort
2025-05-29 11:32:00.967,0.6764000058174133,-0.4952000081539154,59.364158630371094,2750.197509765625,Follow status: abort
2025-05-29 11:32:01.967,0.6764000058174133,-0.4952000081539154,59.364158630371094,2750.197509765625,Follow status: abort
2025-05-29 11:32:02.967,0.6764000058174133,-0.4952000081539154,59.364158630371094,2750.197509765625,Follow status: abort
2025-05-29 11:32:03.967,0.6764000058174133,-0.4952000081539154,59.364158630371094,2750.197509765625,Follow status: abort
2025-05-29 11:32:04.967,0.6764000058174133,-0.4952000081539154,59.364158630371094,2750.197509765625,Follow status: abort
2025-05-29 11:32:05.967,0.6764000058174133,-0.4952000081539154,59.364158630371094,2750.197509765625,Follow status: abort
2025-05-29 11:32:06.967,0.6764000058174133,-0.4952000081539154,59.364158630371094,2750.197509765625,Follow status: abort
2025-05-29 11:32:07.967,0.6764000058174133,-0.4952000081539154,59.364158630371094,2750.197509765625,Follow status: abort
2025-05-29 11:32:08.967,0.6764000058174133,-0.4952000081539154,59.364158630371094,2750.197509765625,Follow status: abort
2025-05-29 11:32:09.967,0.6764000058174133,-0.4952000081539154,59.364158630371094,2750.197509765625,Follow status: abort
2025-05-29 11:32:10.968,0.6764000058174133,-0.4952000081539154,59.364158630371094,2750.197509765625,Follow status: abort
2025-05-29 11:32:11.967,0.6764000058174133,-0.4952000081539154,59.364158630371094,2750.197509765625,Follow status: abort
2025-05-29 11:32:12.967,0.6764000058174133,-0.4952000081539154,59.364158630371094,2750.197509765625,Follow status: abort
2025-05-29 11:32:13.967,0.6764000058174133,-0.4952000081539154,59.364158630371094,2750.197509765625,Follow status: abort
2025-05-29 11:32:14.967,0.6764000058174133,-0.4952000081539154,59.364158630371094,2750.197509765625,Follow status: abort
2025-05-29 11:32:15.967,0.6764000058174133,-0.4952000081539154,59.364158630371094,2750.197509765625,Follow status: abort
2025-05-29 11:32:16.967,0.6764000058174133,-0.4952000081539154,59.364158630371094,2750.197509765625,Follow status: abort
2025-05-29 11:32:17.967,0.6764000058174133,-0.4952000081539154,59.364158630371094,2750.197509765625,Follow status: abort
2025-05-29 11:32:18.967,0.6764000058174133,-0.4952000081539154,59.364158630371094,2750.197509765625,Follow status: abort
2025-05-29 11:32:19.967,0.6764000058174133,-0.4952000081539154,59.364158630371094,2750.197509765625,Follow status: abort
2025-05-29 11:32:20.967,0.6764000058174133,-0.4952000081539154,59.364158630371094,2750.197509765625,Follow status: abort
2025-05-29 11:32:21.967,0.6764000058174133,-0.4952000081539154,59.364158630371094,2750.197509765625,Follow status: abort
2025-05-29 11:32:22.967,0.6764000058174133,-0.4952000081539154,59.364158630371094,2750.197509765625,Follow status: abort
2025-05-29 11:32:23.967,0.6764000058174133,-0.4952000081539154,59.364158630371094,2750.197509765625,Follow status: abort
2025-05-29 11:32:24.967,0.6764000058174133,-0.4952000081539154,59.364158630371094,2750.197509765625,Follow status: abort
2025-05-29 11:32:25.967,0.6764000058174133,-0.4952000081539154,59.364158630371094,2750.197509765625,Follow status: abort
2025-05-29 11:32:26.967,0.6764000058174133,-0.4952000081539154,59.364158630371094,2750.197509765625,Follow status: abort
2025-05-29 11:32:27.967,0.6764000058174133,-0.4952000081539154,59.364158630371094,2750.197509765625,Follow status: abort
2025-05-29 11:32:28.967,0.6764000058174133,-0.4952000081539154,59.364158630371094,2750.197509765625,Follow status: abort
2025-05-29 11:32:29.967,0.6764000058174133,-0.4952000081539154,59.364158630371094,2750.197509765625,Follow status: abort
2025-05-29 11:32:30.967,0.6764000058174133,-0.4952000081539154,59.364158630371094,2750.197509765625,Follow status: abort
2025-05-29 11:32:31.967,0.6764000058174133,-0.4952000081539154,59.364158630371094,2750.197509765625,Follow status: abort
2025-05-29 11:32:32.967,0.6764000058174133,-0.4952000081539154,59.364158630371094,2750.197509765625,Follow status: abort
2025-05-29 11:32:33.967,0.6764000058174133,-0.4952000081539154,59.364158630371094,2750.197509765625,Follow status: abort
2025-05-29 11:32:34.967,0.6764000058174133,-0.4952000081539154,59.364158630371094,2750.197509765625,Follow status: abort
2025-05-29 11:32:35.967,0.6764000058174133,-0.4952000081539154,59.364158630371094,2750.197509765625,Follow status: abort
2025-05-29 11:32:36.967,0.6764000058174133,-0.4952000081539154,59.364158630371094,2750.197509765625,Follow status: abort
2025-05-29 11:32:37.967,0.6764000058174133,-0.4952000081539154,59.364158630371094,2750.197509765625,Follow status: abort
2025-05-29 11:32:38.967,0.6764000058174133,-0.4952000081539154,59.364158630371094,2750.197509765625,Follow status: abort
2025-05-29 11:32:39.967,0.6764000058174133,-0.4952000081539154,59.364158630371094,2750.197509765625,Follow status: abort
2025-05-29 11:32:40.967,0.6764000058174133,-0.4952000081539154,59.364158630371094,2750.197509765625,Follow status: abort
2025-05-29 11:32:41.967,0.6764000058174133,-0.4952000081539154,59.364158630371094,2750.197509765625,Follow status: abort
2025-05-29 11:32:42.967,0.6764000058174133,-0.4952000081539154,59.364158630371094,2750.197509765625,Follow status: abort
2025-05-29 11:32:43.967,0.6764000058174133,-0.4952000081539154,59.364158630371094,2750.197509765625,Follow status: abort
2025-05-29 11:32:44.967,0.6764000058174133,-0.4952000081539154,59.364158630371094,2750.197509765625,Follow status: abort
2025-05-29 11:32:45.967,0.6764000058174133,-0.4952000081539154,59.364158630371094,2750.197509765625,Follow status: abort
2025-05-29 11:32:46.967,0.6764000058174133,-0.4952000081539154,59.364158630371094,2750.197509765625,Follow status: abort
2025-05-29 11:32:47.967,0.6764000058174133,-0.4952000081539154,59.364158630371094,2750.197509765625,Follow status: abort
2025-05-29 11:32:48.967,0.6764000058174133,-0.4952000081539154,59.364158630371094,2750.197509765625,Follow status: abort
2025-05-29 11:32:49.967,0.6764000058174133,-0.4952000081539154,59.364158630371094,2750.197509765625,Follow status: abort
2025-05-29 11:32:50.967,0.6764000058174133,-0.4952000081539154,59.364158630371094,2750.197509765625,Follow status: abort
2025-05-29 11:32:51.967,0.6764000058174133,-0.4952000081539154,59.364158630371094,2750.197509765625,Follow status: abort
2025-05-29 11:32:52.967,0.6764000058174133,-0.4952000081539154,59.364158630371094,2750.197509765625,Follow status: abort
2025-05-29 11:32:53.966,0.6764000058174133,-0.4952000081539154,59.364158630371094,2750.197509765625,Follow status: abort
2025-05-29 11:32:54.967,0.6764000058174133,-0.4952000081539154,59.364158630371094,2750.197509765625,Follow status: abort
2025-05-29 11:32:55.967,0.6764000058174133,-0.4952000081539154,59.364158630371094,2750.197509765625,Follow status: abort
2025-05-29 11:32:56.967,0.6764000058174133,-0.4952000081539154,59.364158630371094,2750.197509765625,Follow status: abort
2025-05-29 11:32:57.967,0.6764000058174133,-0.4952000081539154,59.364158630371094,2750.197509765625,Follow status: abort
2025-05-29 11:32:58.967,0.6764000058174133,-0.4952000081539154,59.364158630371094,2750.197509765625,Follow status: abort
2025-05-29 11:32:59.967,0.6764000058174133,-0.4952000081539154,59.364158630371094,2750.197509765625,Follow status: abort
2025-05-29 11:33:00.967,0.6764000058174133,-0.4952000081539154,59.364158630371094,2750.197509765625,Follow status: abort
2025-05-29 11:33:01.967,0.6764000058174133,-0.4952000081539154,59.364158630371094,2750.197509765625,Follow status: abort
2025-05-29 11:33:02.967,0.6764000058174133,-0.4952000081539154,59.364158630371094,2750.197509765625,Follow status: abort
2025-05-29 11:33:03.967,0.6764000058174133,-0.4952000081539154,59.364158630371094,2750.197509765625,Follow status: abort
2025-05-29 11:33:04.967,0.6764000058174133,-0.4952000081539154,59.364158630371094,2750.197509765625,Follow status: abort
2025-05-29 11:33:05.967,0.6764000058174133,-0.4952000081539154,59.364158630371094,2750.197509765625,Follow status: abort
2025-05-29 11:33:06.967,0.6764000058174133,-0.4952000081539154,59.364158630371094,2750.197509765625,Follow status: abort
2025-05-29 11:33:07.967,0.6764000058174133,-0.4952000081539154,59.364158630371094,2750.197509765625,Follow status: abort
2025-05-29 11:33:08.967,0.6764000058174133,-0.4952000081539154,59.364158630371094,2750.197509765625,Follow status: abort
2025-05-29 11:33:09.967,0.6764000058174133,-0.4952000081539154,59.364158630371094,2750.197509765625,Follow status: abort
2025-05-29 11:33:10.967,0.6764000058174133,-0.4952000081539154,59.364158630371094,2750.197509765625,Follow status: abort
2025-05-29 11:33:11.967,0.6764000058174133,-0.4952000081539154,59.364158630371094,2750.197509765625,Follow status: abort
2025-05-29 11:33:12.967,0.6764000058174133,-0.4952000081539154,59.364158630371094,2750.197509765625,Follow status: abort
2025-05-29 11:33:13.967,0.6764000058174133,-0.4952000081539154,59.364158630371094,2750.197509765625,Follow status: abort
2025-05-29 11:33:14.967,0.6764000058174133,-0.4952000081539154,59.364158630371094,2750.197509765625,Follow status: abort
2025-05-29 11:33:15.967,0.6764000058174133,-0.4952000081539154,59.364158630371094,2750.197509765625,Follow status: abort
2025-05-29 11:33:16.967,0.6764000058174133,-0.4952000081539154,59.364158630371094,2750.197509765625,Follow status: abort
2025-05-29 11:33:17.966,0.6764000058174133,-0.4952000081539154,59.364158630371094,2750.197509765625,Follow status: abort
2025-05-29 11:33:18.966,0.6764000058174133,-0.4952000081539154,59.364158630371094,2750.197509765625,Selected location: eat test location
2025-05-29 11:33:19.967,0.6764000058174133,-0.4952000081539154,59.364158630371094,2750.197509765625,Selected location: eat test location
2025-05-29 11:33:20.115,0.6754000186920166,-0.49639999866485596,59.541770935058594,2807.4931640625,Selected location: eat test location
2025-05-29 11:33:20.567,0.6651999950408936,-0.5078999996185303,34.36600875854492,2807.4931640625,Selected location: eat test location
2025-05-29 11:33:20.967,0.6651999950408936,-0.5078999996185303,34.36600875854492,2807.4931640625,Selected location: eat test location
2025-05-29 11:33:21.113,0.6855000257492065,-0.5062000155448914,-8.995437622070312,2807.4931640625,Selected location: eat test location
2025-05-29 11:33:21.665,0.7339000105857849,-0.5346999764442444,-47.30912399291992,2750.197509765625,Selected location: eat test location
2025-05-29 11:33:21.967,0.7339000105857849,-0.5346999764442444,-47.30912399291992,2750.197509765625,Selected location: eat test location
2025-05-29 11:33:22.214,0.741599977016449,-0.5482000112533569,-61.85652160644531,2807.4931640625,Selected location: eat test location
2025-05-29 11:33:22.967,0.741599977016449,-0.5482000112533569,-61.85652160644531,2807.4931640625,Selected location: eat test location
2025-05-29 11:33:23.967,0.741599977016449,-0.5482000112533569,-61.85652160644531,2807.4931640625,Selected location: eat test location
2025-05-29 11:33:24.317,0.765500009059906,-0.5856999754905701,-85.39363098144531,2807.4931640625,Selected location: eat test location
2025-05-29 11:33:24.967,0.765500009059906,-0.5856999754905701,-85.39363098144531,2807.4931640625,Selected location: eat test location
2025-05-29 11:33:25.911,0.7742000222206116,-0.6466000080108643,-90.86537170410156,2750.197509765625,Selected location: eat test location
2025-05-29 11:33:25.966,0.7742000222206116,-0.6466000080108643,-90.86537170410156,2750.197509765625,Selected location: eat test location
2025-05-29 11:33:26.967,0.7742000222206116,-0.6466000080108643,-90.86537170410156,2750.197509765625,Selected location: eat test location
2025-05-29 11:33:27.518,0.7621999979019165,-0.7936000227928162,-94.88754272460938,2807.4931640625,Selected location: eat test location
2025-05-29 11:33:27.967,0.7621999979019165,-0.7936000227928162,-94.88754272460938,2807.4931640625,Selected location: eat test location
2025-05-29 11:33:28.045,0.7501999735832214,-0.968999981880188,-92.4925765991211,2807.4931640625,Selected location: eat test location
2025-05-29 11:33:28.967,0.7501999735832214,-0.968999981880188,-92.4925765991211,2807.4931640625,Selected location: eat test location
2025-05-29 11:33:29.115,0.7477999925613403,-1.0898000001907349,-93.36920166015625,2807.4931640625,Selected location: eat test location
2025-05-29 11:33:29.967,0.7477999925613403,-1.0898000001907349,-93.36920166015625,2807.4931640625,Selected location: eat test location
2025-05-29 11:33:30.966,0.7477999925613403,-1.0898000001907349,-93.36920166015625,2807.4931640625,Selected location: eat test location
2025-05-29 11:33:31.966,0.7477999925613403,-1.0898000001907349,-93.36920166015625,2807.4931640625,Going to 'eat test location' - Status: reposing - Unknown
2025-05-29 11:33:32.966,0.7477999925613403,-1.0898000001907349,-93.36920166015625,2807.4931640625,Going to 'eat test location' - Status: reposing - Unknown
2025-05-29 11:33:33.966,0.7477999925613403,-1.0898000001907349,-93.36920166015625,2807.4931640625,Going to 'eat test location' - Status: reposing - Unknown
2025-05-29 11:33:34.872,0.7488999962806702,-1.0907000303268433,-74.77098846435547,2750.197509765625,Going to 'eat test location' - Status: reposing - Unknown
2025-05-29 11:33:34.966,0.7488999962806702,-1.0907000303268433,-74.77098846435547,2750.197509765625,Going to 'eat test location' - Status: reposing - Unknown
2025-05-29 11:33:35.418,0.7447999715805054,-1.0841000080108643,-43.18383026123047,2692.901611328125,Going to 'eat test location' - Status: reposing - Unknown
2025-05-29 11:33:35.923,0.7414000034332275,-1.0806000232696533,-36.726593017578125,2692.901611328125,Going to 'eat test location' - Status: reposing - Unknown
2025-05-29 11:33:35.966,0.7414000034332275,-1.0806000232696533,-36.726593017578125,2692.901611328125,Going to 'eat test location' - Status: reposing - Unknown
2025-05-29 11:33:36.966,0.7414000034332275,-1.0806000232696533,-36.726593017578125,2692.901611328125,Going to 'eat test location' - Status: reposing - Unknown
2025-05-29 11:33:37.966,0.7414000034332275,-1.0806000232696533,-36.726593017578125,2692.901611328125,Going to 'eat test location' - Status: reposing - Unknown
2025-05-29 11:33:38.967,0.7414000034332275,-1.0806000232696533,-36.726593017578125,2692.901611328125,Going to 'eat test location' - Status: reposing - Unknown
2025-05-29 11:33:39.967,0.7414000034332275,-1.0806000232696533,-36.726593017578125,2692.901611328125,Going to 'eat test location' - Status: reposing - Unknown
2025-05-29 11:33:40.777,0.8611999750137329,-1.2187000513076782,-60.18921661376953,-343.7746887207031,Going to 'eat test location' - Status: going - Unknown
2025-05-29 11:33:40.967,0.8611999750137329,-1.2187000513076782,-60.18921661376953,-343.7746887207031,Going to 'eat test location' - Status: going - Unknown
2025-05-29 11:33:41.286,0.9426000118255615,-1.4718999862670898,-76.53570556640625,-343.7746887207031,Going to 'eat test location' - Status: going - Unknown
2025-05-29 11:33:41.792,0.939300000667572,-1.844099998474121,-91.59303283691406,-286.4789123535156,Going to 'eat test location' - Status: going - Unknown
2025-05-29 11:33:41.967,0.939300000667572,-1.844099998474121,-91.59303283691406,-286.4789123535156,Going to 'eat test location' - Status: going - Unknown
2025-05-29 11:33:42.287,0.9318000078201294,-2.276400089263916,-91.73626708984375,-286.4789123535156,Going to 'eat test location' - Status: going - Unknown
2025-05-29 11:33:42.841,0.9273999929428101,-2.746999979019165,-90.69921875,-343.7746887207031,Going to 'eat test location' - Status: going - Unknown
2025-05-29 11:33:42.967,0.9273999929428101,-2.746999979019165,-90.69921875,-343.7746887207031,Going to 'eat test location' - Status: going - Unknown
2025-05-29 11:33:43.384,0.9100000262260437,-3.2348999977111816,-92.19464111328125,-286.4789123535156,Going to 'eat test location' - Status: going - Unknown
2025-05-29 11:33:43.932,0.9174000024795532,-3.7046000957489014,-89.74237823486328,-286.4789123535156,Going to 'eat test location' - Status: going - Unknown
2025-05-29 11:33:43.966,0.9174000024795532,-3.7046000957489014,-89.74237823486328,-286.4789123535156,Going to 'eat test location' - Status: going - Unknown
2025-05-29 11:33:44.436,0.9110999703407288,-4.119800090789795,-89.66790008544922,-286.4789123535156,Going to 'eat test location' - Status: going - Unknown
2025-05-29 11:33:44.939,0.9138000011444092,-4.541999816894531,-91.38104248046875,-286.4789123535156,Going to 'eat test location' - Status: going - Unknown
2025-05-29 11:33:44.966,0.9138000011444092,-4.541999816894531,-91.38104248046875,-286.4789123535156,Going to 'eat test location' - Status: going - Unknown
2025-05-29 11:33:45.475,0.9071000218391418,-5.005000114440918,-89.42152404785156,-286.4789123535156,Going to 'eat test location' - Status: going - Unknown
2025-05-29 11:33:45.966,0.9071000218391418,-5.005000114440918,-89.42152404785156,-286.4789123535156,Going to 'eat test location' - Status: going - Unknown
2025-05-29 11:33:46.031,0.9236999750137329,-5.460899829864502,-87.02655792236328,-286.4789123535156,Going to 'eat test location' - Status: going - Unknown
2025-05-29 11:33:46.585,0.9296000003814697,-5.911499977111816,-88.21831512451172,-286.4789123535156,Going to 'eat test location' - Status: going - Unknown
2025-05-29 11:33:46.967,0.9296000003814697,-5.911499977111816,-88.21831512451172,-286.4789123535156,Going to 'eat test location' - Status: going - Unknown
2025-05-29 11:33:47.138,0.9509000182151794,-6.381100177764893,-87.32449340820312,-286.4789123535156,Going to 'eat test location' - Status: going - Unknown
2025-05-29 11:33:47.632,0.9607999920845032,-6.813300132751465,-88.48760223388672,-286.4789123535156,Going to 'eat test location' - Status: going - Unknown
2025-05-29 11:33:47.967,0.9607999920845032,-6.813300132751465,-88.48760223388672,-286.4789123535156,Going to 'eat test location' - Status: going - Unknown
2025-05-29 11:33:48.196,0.967199981212616,-7.295300006866455,-88.51624298095703,-286.4789123535156,Going to 'eat test location' - Status: going - Unknown
2025-05-29 11:33:48.743,0.9692999720573425,-7.75439977645874,-87.13542175292969,-286.4789123535156,Going to 'eat test location' - Status: going - Unknown
2025-05-29 11:33:48.967,0.9692999720573425,-7.75439977645874,-87.13542175292969,-286.4789123535156,Going to 'eat test location' - Status: going - Unknown
2025-05-29 11:33:49.238,0.9851999878883362,-8.202400207519531,-87.86307525634766,-286.4789123535156,Going to 'eat test location' - Status: going - Unknown
2025-05-29 11:33:49.784,0.9872999787330627,-8.67609977722168,-87.84589385986328,-286.4789123535156,Going to 'eat test location' - Status: going - Unknown
2025-05-29 11:33:49.967,0.9872999787330627,-8.67609977722168,-87.84589385986328,-286.4789123535156,Going to 'eat test location' - Status: going - Unknown
2025-05-29 11:33:50.295,0.9926999807357788,-9.126799583435059,-89.21526336669922,-286.4789123535156,Going to 'eat test location' - Status: going - Unknown
2025-05-29 11:33:50.829,1.0322999954223633,-9.490500450134277,-73.23546600341797,-343.7746887207031,Going to 'eat test location' - Status: going - Unknown
2025-05-29 11:33:50.967,1.0322999954223633,-9.490500450134277,-73.23546600341797,-343.7746887207031,Going to 'eat test location' - Status: going - Unknown
2025-05-29 11:33:51.383,1.2232999801635742,-9.791500091552734,-44.73081588745117,-286.4789123535156,Going to 'eat test location' - Status: going - Unknown
2025-05-29 11:33:51.886,1.5506999492645264,-9.975299835205078,-22.56880760192871,-286.4789123535156,Going to 'eat test location' - Status: going - Unknown
2025-05-29 11:33:51.966,1.5506999492645264,-9.975299835205078,-22.56880760192871,-286.4789123535156,Going to 'eat test location' - Status: going - Unknown
2025-05-29 11:33:52.445,1.9532999992370605,-10.043299674987793,-5.895735740661621,-286.4789123535156,Going to 'eat test location' - Status: going - Unknown
2025-05-29 11:33:52.967,1.9532999992370605,-10.043299674987793,-5.895735740661621,-286.4789123535156,Going to 'eat test location' - Status: going - Unknown
2025-05-29 11:33:52.991,2.427299976348877,-10.062800407409668,2.1314029693603516,-286.4789123535156,Going to 'eat test location' - Status: going - Unknown
2025-05-29 11:33:53.492,2.863300085067749,-10.037799835205078,5.2368340492248535,-286.4789123535156,Going to 'eat test location' - Status: going - Unknown
2025-05-29 11:33:53.966,2.863300085067749,-10.037799835205078,5.2368340492248535,-286.4789123535156,Going to 'eat test location' - Status: going - Unknown
2025-05-29 11:33:53.977,3.2948999404907227,-10.019700050354004,2.79030442237854,-286.4789123535156,Going to 'eat test location' - Status: going - Unknown
2025-05-29 11:33:54.506,3.7353999614715576,-10.000200271606445,1.9308677911758423,-286.4789123535156,Going to 'eat test location' - Status: going - Unknown
2025-05-29 11:33:54.967,3.7353999614715576,-10.000200271606445,1.9308677911758423,-286.4789123535156,Going to 'eat test location' - Status: going - Unknown
2025-05-29 11:33:55.026,4.2027997970581055,-9.992300033569336,3.0939722061157227,-286.4789123535156,Going to 'eat test location' - Status: going - Unknown
2025-05-29 11:33:55.539,4.63100004196167,-9.993599891662598,0.37815213203430176,-343.7746887207031,Going to 'eat test location' - Status: going - Unknown
2025-05-29 11:33:55.967,4.63100004196167,-9.993599891662598,0.37815213203430176,-343.7746887207031,Going to 'eat test location' - Status: going - Unknown
2025-05-29 11:33:56.070,5.119900226593018,-9.973199844360352,1.9136790037155151,-286.4789123535156,Going to 'eat test location' - Status: going - Unknown
2025-05-29 11:33:56.640,5.5894999504089355,-9.949999809265137,3.1971044540405273,-286.4789123535156,Going to 'eat test location' - Status: going - Unknown
2025-05-29 11:33:56.967,5.5894999504089355,-9.949999809265137,3.1971044540405273,-286.4789123535156,Going to 'eat test location' - Status: going - Unknown
2025-05-29 11:33:57.141,6.024600028991699,-9.94480037689209,2.240264892578125,-286.4789123535156,Going to 'eat test location' - Status: going - Unknown
2025-05-29 11:33:57.691,6.503499984741211,-9.933699607849121,-0.26929014921188354,-286.4789123535156,Going to 'eat test location' - Status: going - Unknown
2025-05-29 11:33:57.967,6.503499984741211,-9.933699607849121,-0.26929014921188354,-286.4789123535156,Going to 'eat test location' - Status: going - Unknown
2025-05-29 11:33:58.234,6.978600025177002,-9.931599617004395,0.6589014530181885,-286.4789123535156,Going to 'eat test location' - Status: going - Unknown
2025-05-29 11:33:58.784,7.4558000564575195,-9.927399635314941,2.2689127922058105,-286.4789123535156,Going to 'eat test location' - Status: going - Unknown
2025-05-29 11:33:58.967,7.4558000564575195,-9.927399635314941,2.2689127922058105,-286.4789123535156,Going to 'eat test location' - Status: going - Unknown
2025-05-29 11:33:59.295,7.8958001136779785,-9.914199829101562,2.0741074085235596,-286.4789123535156,Going to 'eat test location' - Status: going - Unknown
2025-05-29 11:33:59.838,8.370200157165527,-9.895600318908691,2.022541046142578,-286.4789123535156,Going to 'eat test location' - Status: going - Unknown
2025-05-29 11:33:59.967,8.370200157165527,-9.895600318908691,2.022541046142578,-286.4789123535156,Going to 'eat test location' - Status: going - Unknown
2025-05-29 11:34:00.382,8.850000381469727,-9.885700225830078,0.9396507740020752,-286.4789123535156,Going to 'eat test location' - Status: going - Unknown
2025-05-29 11:34:00.931,9.327199935913086,-9.883999824523926,0.9854874610900879,-286.4789123535156,Going to 'eat test location' - Status: going - Unknown
2025-05-29 11:34:00.967,9.327199935913086,-9.883999824523926,0.9854874610900879,-286.4789123535156,Going to 'eat test location' - Status: going - Unknown
2025-05-29 11:34:01.446,9.757699966430664,-9.881699562072754,-1.317802906036377,-286.4789123535156,Going to 'eat test location' - Status: going - Unknown
2025-05-29 11:34:01.967,9.757699966430664,-9.881699562072754,-1.317802906036377,-286.4789123535156,Going to 'eat test location' - Status: going - Unknown
2025-05-29 11:34:01.996,10.085599899291992,-9.826299667358398,20.168113708496094,-286.4789123535156,Going to 'eat test location' - Status: going - Unknown
2025-05-29 11:34:02.491,10.371700286865234,-9.649299621582031,44.89124298095703,-286.4789123535156,Going to 'eat test location' - Status: going - Unknown
2025-05-29 11:34:02.967,10.371700286865234,-9.649299621582031,44.89124298095703,-286.4789123535156,Going to 'eat test location' - Status: going - Unknown
2025-05-29 11:34:02.991,10.530400276184082,-9.332799911499023,72.69688415527344,-286.4789123535156,Going to 'eat test location' - Status: going - Unknown
2025-05-29 11:34:03.538,10.598299980163574,-8.907099723815918,84.50554656982422,-286.4789123535156,Going to 'eat test location' - Status: going - Unknown
2025-05-29 11:34:03.967,10.598299980163574,-8.907099723815918,84.50554656982422,-286.4789123535156,Going to 'eat test location' - Status: going - Unknown
2025-05-29 11:34:04.027,10.616000175476074,-8.456999778747559,88.33863067626953,-286.4789123535156,Going to 'eat test location' - Status: going - Unknown
2025-05-29 11:34:04.587,10.615500450134277,-8.022100448608398,91.41541290283203,-286.4789123535156,Going to 'eat test location' - Status: going - Unknown
2025-05-29 11:34:04.967,10.615500450134277,-8.022100448608398,91.41541290283203,-286.4789123535156,Going to 'eat test location' - Status: going - Unknown
2025-05-29 11:34:05.072,10.598799705505371,-7.583000183105469,92.84780883789062,-286.4789123535156,Going to 'eat test location' - Status: going - Unknown
2025-05-29 11:34:05.594,10.581399917602539,-7.157199859619141,90.9513168334961,-286.4789123535156,Going to 'eat test location' - Status: going - Unknown
2025-05-29 11:34:05.967,10.581399917602539,-7.157199859619141,90.9513168334961,-286.4789123535156,Going to 'eat test location' - Status: going - Unknown
2025-05-29 11:34:06.140,10.576499938964844,-6.678199768066406,90.49295043945312,-286.4789123535156,Going to 'eat test location' - Status: going - Unknown
2025-05-29 11:34:06.636,10.57509994506836,-6.251699924468994,91.94253540039062,-286.4789123535156,Going to 'eat test location' - Status: going - Unknown
2025-05-29 11:34:06.967,10.57509994506836,-6.251699924468994,91.94253540039062,-286.4789123535156,Going to 'eat test location' - Status: going - Unknown
2025-05-29 11:34:07.136,10.579700469970703,-5.815800189971924,89.84551239013672,-343.7746887207031,Going to 'eat test location' - Status: going - Unknown
2025-05-29 11:34:07.698,10.570599555969238,-5.3292999267578125,89.96582794189453,-286.4789123535156,Going to 'eat test location' - Status: going - Unknown
2025-05-29 11:34:07.967,10.570599555969238,-5.3292999267578125,89.96582794189453,-286.4789123535156,Going to 'eat test location' - Status: going - Unknown
2025-05-29 11:34:08.238,10.577300071716309,-4.860499858856201,91.02008056640625,-286.4789123535156,Going to 'eat test location' - Status: going - Unknown
2025-05-29 11:34:08.795,10.576800346374512,-4.378900051116943,92.10869598388672,-286.4789123535156,Going to 'eat test location' - Status: going - Unknown
2025-05-29 11:34:08.967,10.576800346374512,-4.378900051116943,92.10869598388672,-286.4789123535156,Going to 'eat test location' - Status: going - Unknown
2025-05-29 11:34:09.284,10.575400352478027,-3.952500104904175,89.87416076660156,-286.4789123535156,Going to 'eat test location' - Status: going - Unknown
2025-05-29 11:34:09.833,10.563199996948242,-3.471400022506714,90.24085235595703,-286.4789123535156,Going to 'eat test location' - Status: going - Unknown
2025-05-29 11:34:09.967,10.563199996948242,-3.471400022506714,90.24085235595703,-286.4789123535156,Going to 'eat test location' - Status: going - Unknown
2025-05-29 11:34:10.333,10.565099716186523,-3.0308001041412354,92.10869598388672,-286.4789123535156,Going to 'eat test location' - Status: going - Unknown
2025-05-29 11:34:10.840,10.574899673461914,-2.5878000259399414,89.80540466308594,-286.4789123535156,Going to 'eat test location' - Status: going - Unknown
2025-05-29 11:34:10.966,10.574899673461914,-2.5878000259399414,89.80540466308594,-286.4789123535156,Going to 'eat test location' - Status: going - Unknown
2025-05-29 11:34:11.388,10.576499938964844,-2.121000051498413,88.60218811035156,-286.4789123535156,Going to 'eat test location' - Status: going - Unknown
2025-05-29 11:34:11.885,10.567899703979492,-1.8954999446868896,95.3172607421875,-286.4789123535156,Going to 'eat test location' - Status: going - Unknown
2025-05-29 11:34:11.966,10.567899703979492,-1.8954999446868896,95.3172607421875,-286.4789123535156,Going to 'eat test location' - Status: going - Unknown
2025-05-29 11:34:12.441,10.558199882507324,-1.719499945640564,96.46890258789062,-286.4789123535156,Going to 'eat test location' - Status: going - Unknown
2025-05-29 11:34:12.949,10.535599708557129,-1.61899995803833,112.14502716064453,-286.4789123535156,Going to 'eat test location' - Status: going - Unknown
2025-05-29 11:34:12.966,10.535599708557129,-1.61899995803833,112.14502716064453,-286.4789123535156,Going to 'eat test location' - Status: going - Unknown
2025-05-29 11:34:13.490,10.427599906921387,-1.4569000005722046,138.2604522705078,-286.4789123535156,Going to 'eat test location' - Status: going - Unknown
2025-05-29 11:34:13.967,10.427599906921387,-1.4569000005722046,138.2604522705078,-286.4789123535156,Going to 'eat test location' - Status: going - Unknown
2025-05-29 11:34:14.031,10.122900009155273,-1.3136999607086182,165.34988403320312,-286.4789123535156,Going to 'eat test location' - Status: going - Unknown
2025-05-29 11:34:14.614,9.670100212097168,-1.2954000234603882,-179.62799072265625,-286.4789123535156,Going to 'eat test location' - Status: going - Unknown
2025-05-29 11:34:14.967,9.670100212097168,-1.2954000234603882,-179.62799072265625,-286.4789123535156,Going to 'eat test location' - Status: going - Unknown
2025-05-29 11:34:15.084,9.277299880981445,-1.3351999521255493,-174.56304931640625,-286.4789123535156,Going to 'eat test location' - Status: going - Unknown
2025-05-29 11:34:15.630,8.85990047454834,-1.3473999500274658,-176.8376922607422,-286.4789123535156,Going to 'eat test location' - Status: going - Unknown
2025-05-29 11:34:15.966,8.85990047454834,-1.3473999500274658,-176.8376922607422,-286.4789123535156,Going to 'eat test location' - Status: going - Unknown
2025-05-29 11:34:16.137,8.645700454711914,-1.386299967765808,-163.76280212402344,-286.4789123535156,Going to 'eat test location' - Status: going - Unknown
2025-05-29 11:34:16.685,8.331399917602539,-1.5358999967575073,-152.2864532470703,-286.4789123535156,Going to 'eat test location' - Status: going - Unknown
2025-05-29 11:34:16.967,8.331399917602539,-1.5358999967575073,-152.2864532470703,-286.4789123535156,Going to 'eat test location' - Status: going - Unknown
2025-05-29 11:34:17.241,7.934299945831299,-1.7365000247955322,-154.3090057373047,-286.4789123535156,Going to 'eat test location' - Status: going - Unknown
2025-05-29 11:34:17.742,7.576600074768066,-1.889799952507019,-165.48167419433594,-286.4789123535156,Going to 'eat test location' - Status: going - Unknown
2025-05-29 11:34:17.967,7.576600074768066,-1.889799952507019,-165.48167419433594,-286.4789123535156,Going to 'eat test location' - Status: going - Unknown
2025-05-29 11:34:18.290,7.185500144958496,-1.9134999513626099,171.1367645263672,-286.4789123535156,Going to 'eat test location' - Status: going - Unknown
2025-05-29 11:34:18.786,6.831900119781494,-1.7756999731063843,148.4820098876953,-286.4789123535156,Going to 'eat test location' - Status: going - Unknown
2025-05-29 11:34:18.967,6.831900119781494,-1.7756999731063843,148.4820098876953,-286.4789123535156,Going to 'eat test location' - Status: going - Unknown
2025-05-29 11:34:19.352,6.6132001876831055,-1.6223000288009644,148.21844482421875,-286.4789123535156,Going to 'eat test location' - Status: going - Unknown
2025-05-29 11:34:19.967,6.6132001876831055,-1.6223000288009644,148.21844482421875,-286.4789123535156,Going to 'eat test location' - Status: going - Unknown
2025-05-29 11:34:20.943,6.500500202178955,-1.545699954032898,134.16378784179688,-286.4789123535156,Going to 'eat test location' - Status: going - Unknown
2025-05-29 11:34:20.967,6.500500202178955,-1.545699954032898,134.16378784179688,-286.4789123535156,Going to 'eat test location' - Status: going - Unknown
2025-05-29 11:34:21.498,6.474299907684326,-1.497499942779541,109.22867584228516,-286.4789123535156,Going to 'eat test location' - Status: going - Unknown
2025-05-29 11:34:21.967,6.474299907684326,-1.497499942779541,109.22867584228516,-286.4789123535156,Going to 'eat test location' - Status: going - Unknown
2025-05-29 11:34:22.001,6.470900058746338,-1.472599983215332,83.23931121826172,-286.4789123535156,Going to 'eat test location' - Status: going - Unknown
2025-05-29 11:34:22.540,6.4710001945495605,-1.4736000299453735,65.20832824707031,-286.4789123535156,Going to 'eat test location' - Status: going - Unknown
2025-05-29 11:34:22.967,6.4710001945495605,-1.4736000299453735,65.20832824707031,-286.4789123535156,Going to 'eat test location' - Status: going - Unknown
2025-05-29 11:34:23.080,6.468200206756592,-1.4782999753952026,25.450786590576172,-286.4789123535156,Going to 'eat test location' - Status: going - Unknown
2025-05-29 11:34:23.634,6.462100028991699,-1.4781999588012695,-18.09400749206543,-286.4789123535156,Going to 'eat test location' - Status: going - Unknown
2025-05-29 11:34:23.967,6.462100028991699,-1.4781999588012695,-18.09400749206543,-286.4789123535156,Going to 'eat test location' - Status: going - Unknown
2025-05-29 11:34:24.182,6.472599983215332,-1.4854999780654907,-43.2755012512207,-286.4789123535156,Going to 'eat test location' - Status: going - Unknown
2025-05-29 11:34:24.735,6.471199989318848,-1.4882999658584595,-52.33396530151367,-286.4789123535156,Going to 'eat test location' - Status: going - Unknown
2025-05-29 11:34:24.967,6.471199989318848,-1.4882999658584595,-52.33396530151367,-286.4789123535156,Going to 'eat test location' - Status: going - Unknown
2025-05-29 11:34:25.282,6.471700191497803,-1.4876999855041504,-66.1880874633789,-286.4789123535156,Going to 'eat test location' - Status: going - Unknown
2025-05-29 11:34:25.782,6.469900131225586,-1.4860999584197998,-75.83096313476562,-286.4789123535156,Going to 'eat test location' - Status: going - Unknown
2025-05-29 11:34:25.967,6.469900131225586,-1.4860999584197998,-75.83096313476562,-286.4789123535156,Going to 'eat test location' - Status: going - Unknown
2025-05-29 11:34:26.325,6.4670000076293945,-1.492300033569336,-89.41006469726562,-286.4789123535156,Going to 'eat test location' - Status: going - Unknown
2025-05-29 11:34:26.967,6.4670000076293945,-1.492300033569336,-89.41006469726562,-286.4789123535156,Going to 'eat test location' - Status: complete - Unknown
2025-05-29 11:34:27.967,6.4670000076293945,-1.492300033569336,-89.41006469726562,-286.4789123535156,Going to 'eat test location' - Status: complete - Unknown
2025-05-29 11:34:28.967,6.4670000076293945,-1.492300033569336,-89.41006469726562,-286.4789123535156,Going to 'eat test location' - Status: complete - Unknown
2025-05-29 11:34:29.966,6.4670000076293945,-1.492300033569336,-89.41006469726562,-286.4789123535156,Going to 'eat test location' - Status: complete - Unknown
2025-05-29 11:34:30.966,6.4670000076293945,-1.492300033569336,-89.41006469726562,-286.4789123535156,Going to 'eat test location' - Status: complete - Unknown
2025-05-29 11:34:31.967,6.4670000076293945,-1.492300033569336,-89.41006469726562,-286.4789123535156,Going to 'eat test location' - Status: complete - Unknown
2025-05-29 11:34:32.967,6.4670000076293945,-1.492300033569336,-89.41006469726562,-286.4789123535156,Going to 'eat test location' - Status: complete - Unknown
2025-05-29 11:34:33.967,6.4670000076293945,-1.492300033569336,-89.41006469726562,-286.4789123535156,Going to 'eat test location' - Status: complete - Unknown
2025-05-29 11:34:34.967,6.4670000076293945,-1.492300033569336,-89.41006469726562,-286.4789123535156,Going to 'eat test location' - Status: complete - Unknown
2025-05-29 11:34:35.967,6.4670000076293945,-1.492300033569336,-89.41006469726562,-286.4789123535156,Going to 'eat test location' - Status: complete - Unknown
2025-05-29 11:34:36.456,6.474100112915039,-1.485700011253357,-92.04566955566406,0,Going to 'eat test location' - Status: complete - Unknown
2025-05-29 11:34:36.967,6.474100112915039,-1.485700011253357,-92.04566955566406,0,Going to 'eat test location' - Status: complete - Unknown
2025-05-29 11:34:37.967,6.474100112915039,-1.485700011253357,-92.04566955566406,0,Going to 'eat test location' - Status: complete - Unknown
2025-05-29 11:34:38.967,6.474100112915039,-1.485700011253357,-92.04566955566406,0,Going to 'eat test location' - Status: complete - Unknown
2025-05-29 11:34:39.967,6.474100112915039,-1.485700011253357,-92.04566955566406,0,Going to 'eat test location' - Status: complete - Unknown
2025-05-29 11:34:40.967,6.474100112915039,-1.485700011253357,-92.04566955566406,0,Going to 'eat test location' - Status: complete - Unknown
2025-05-29 11:34:41.967,6.474100112915039,-1.485700011253357,-92.04566955566406,0,Going to 'eat test location' - Status: complete - Unknown
2025-05-29 11:34:42.967,6.474100112915039,-1.485700011253357,-92.04566955566406,0,Going to 'eat test location' - Status: complete - Unknown
2025-05-29 11:34:43.967,6.474100112915039,-1.485700011253357,-92.04566955566406,0,Going to 'eat test location' - Status: complete - Unknown
2025-05-29 11:34:44.967,6.474100112915039,-1.485700011253357,-92.04566955566406,0,Going to 'eat test location' - Status: complete - Unknown
2025-05-29 11:34:45.967,6.474100112915039,-1.485700011253357,-92.04566955566406,0,Going to 'eat test location' - Status: complete - Unknown
2025-05-29 11:34:46.967,6.474100112915039,-1.485700011253357,-92.04566955566406,0,Going to 'eat test location' - Status: complete - Unknown
2025-05-29 11:34:47.967,6.474100112915039,-1.485700011253357,-92.04566955566406,0,Going to 'eat test location' - Status: complete - Unknown
2025-05-29 11:34:48.967,6.474100112915039,-1.485700011253357,-92.04566955566406,0,Going to 'eat test location' - Status: complete - Unknown
2025-05-29 11:34:49.967,6.474100112915039,-1.485700011253357,-92.04566955566406,0,Going to 'eat test location' - Status: complete - Unknown
2025-05-29 11:34:50.967,6.474100112915039,-1.485700011253357,-92.04566955566406,0,Going to 'eat test location' - Status: complete - Unknown
2025-05-29 11:34:51.967,6.474100112915039,-1.485700011253357,-92.04566955566406,0,Going to 'eat test location' - Status: complete - Unknown
2025-05-29 11:34:52.967,6.474100112915039,-1.485700011253357,-92.04566955566406,0,Going to 'eat test location' - Status: complete - Unknown
2025-05-29 11:34:53.966,6.474100112915039,-1.485700011253357,-92.04566955566406,0,Going to 'eat test location' - Status: complete - Unknown
2025-05-29 11:34:54.966,6.474100112915039,-1.485700011253357,-92.04566955566406,0,Going to 'eat test location' - Status: complete - Unknown
2025-05-29 11:34:55.966,6.474100112915039,-1.485700011253357,-92.04566955566406,0,Going to 'eat test location' - Status: complete - Unknown
2025-05-29 11:34:56.967,6.474100112915039,-1.485700011253357,-92.04566955566406,0,Going to 'eat test location' - Status: complete - Unknown
2025-05-29 11:34:57.967,6.474100112915039,-1.485700011253357,-92.04566955566406,0,Going to 'eat test location' - Status: complete - Unknown
2025-05-29 11:34:58.967,6.474100112915039,-1.485700011253357,-92.04566955566406,0,Going to 'eat test location' - Status: complete - Unknown
2025-05-29 11:34:59.967,6.474100112915039,-1.485700011253357,-92.04566955566406,0,Going to 'eat test location' - Status: complete - Unknown
2025-05-29 11:35:00.966,6.474100112915039,-1.485700011253357,-92.04566955566406,0,Going to 'eat test location' - Status: complete - Unknown
2025-05-29 11:35:01.967,6.474100112915039,-1.485700011253357,-92.04566955566406,0,Going to 'eat test location' - Status: complete - Unknown
2025-05-29 11:35:02.967,6.474100112915039,-1.485700011253357,-92.04566955566406,0,Going to 'eat test location' - Status: complete - Unknown
2025-05-29 11:35:03.967,6.474100112915039,-1.485700011253357,-92.04566955566406,0,Going to 'eat test location' - Status: complete - Unknown
2025-05-29 11:35:04.967,6.474100112915039,-1.485700011253357,-92.04566955566406,0,Going to 'eat test location' - Status: complete - Unknown
2025-05-29 11:35:05.966,6.474100112915039,-1.485700011253357,-92.04566955566406,0,Going to 'eat test location' - Status: complete - Unknown
2025-05-29 11:35:06.967,6.474100112915039,-1.485700011253357,-92.04566955566406,0,Going to 'eat test location' - Status: complete - Unknown
2025-05-29 11:35:07.967,6.474100112915039,-1.485700011253357,-92.04566955566406,0,Going to 'eat test location' - Status: complete - Unknown
2025-05-29 11:35:08.967,6.474100112915039,-1.485700011253357,-92.04566955566406,0,Going to 'eat test location' - Status: complete - Unknown
2025-05-29 11:35:09.967,6.474100112915039,-1.485700011253357,-92.04566955566406,0,Going to 'eat test location' - Status: complete - Unknown
2025-05-29 11:35:10.967,6.474100112915039,-1.485700011253357,-92.04566955566406,0,Going to 'eat test location' - Status: complete - Unknown
2025-05-29 11:35:11.967,6.474100112915039,-1.485700011253357,-92.04566955566406,0,Going to 'eat test location' - Status: complete - Unknown
2025-05-29 11:35:12.967,6.474100112915039,-1.485700011253357,-92.04566955566406,0,Going to 'eat test location' - Status: complete - Unknown
2025-05-29 11:35:13.967,6.474100112915039,-1.485700011253357,-92.04566955566406,0,Going to 'eat test location' - Status: complete - Unknown
2025-05-29 11:35:14.967,6.474100112915039,-1.485700011253357,-92.04566955566406,0,Going to 'eat test location' - Status: complete - Unknown
2025-05-29 11:35:15.967,6.474100112915039,-1.485700011253357,-92.04566955566406,0,Going to 'eat test location' - Status: complete - Unknown
2025-05-29 11:35:16.967,6.474100112915039,-1.485700011253357,-92.04566955566406,0,Going to 'eat test location' - Status: complete - Unknown
2025-05-29 11:35:17.967,6.474100112915039,-1.485700011253357,-92.04566955566406,0,Going to 'eat test location' - Status: complete - Unknown
2025-05-29 11:35:18.967,6.474100112915039,-1.485700011253357,-92.04566955566406,0,Going to 'eat test location' - Status: complete - Unknown
2025-05-29 11:35:19.967,6.474100112915039,-1.485700011253357,-92.04566955566406,0,Going to 'eat test location' - Status: complete - Unknown
2025-05-29 11:35:20.967,6.474100112915039,-1.485700011253357,-92.04566955566406,0,Going to 'eat test location' - Status: complete - Unknown
2025-05-29 11:35:21.967,6.474100112915039,-1.485700011253357,-92.04566955566406,0,Going to 'eat test location' - Status: complete - Unknown
2025-05-29 11:35:22.967,6.474100112915039,-1.485700011253357,-92.04566955566406,0,Going to 'eat test location' - Status: complete - Unknown
2025-05-29 11:35:23.967,6.474100112915039,-1.485700011253357,-92.04566955566406,0,Going to 'eat test location' - Status: complete - Unknown
2025-05-29 11:35:24.967,6.474100112915039,-1.485700011253357,-92.04566955566406,0,Going to 'eat test location' - Status: complete - Unknown
2025-05-29 11:35:25.967,6.474100112915039,-1.485700011253357,-92.04566955566406,0,Going to 'eat test location' - Status: complete - Unknown
2025-05-29 11:35:26.967,6.474100112915039,-1.485700011253357,-92.04566955566406,0,Going to 'eat test location' - Status: complete - Unknown
2025-05-29 11:35:27.967,6.474100112915039,-1.485700011253357,-92.04566955566406,0,Going to 'eat test location' - Status: complete - Unknown
2025-05-29 11:35:28.967,6.474100112915039,-1.485700011253357,-92.04566955566406,0,Going to 'eat test location' - Status: complete - Unknown
2025-05-29 11:35:29.967,6.474100112915039,-1.485700011253357,-92.04566955566406,0,Going to 'eat test location' - Status: complete - Unknown
2025-05-29 11:35:30.966,6.474100112915039,-1.485700011253357,-92.04566955566406,0,Going to 'eat test location' - Status: complete - Unknown
2025-05-29 11:35:31.967,6.474100112915039,-1.485700011253357,-92.04566955566406,0,Going to 'eat test location' - Status: complete - Unknown
2025-05-29 11:35:32.968,6.474100112915039,-1.485700011253357,-92.04566955566406,0,Going to 'eat test location' - Status: complete - Unknown
2025-05-29 11:35:33.967,6.474100112915039,-1.485700011253357,-92.04566955566406,0,Going to 'eat test location' - Status: complete - Unknown
2025-05-29 11:35:34.967,6.474100112915039,-1.485700011253357,-92.04566955566406,0,Going to 'eat test location' - Status: complete - Unknown
2025-05-29 11:35:35.967,6.474100112915039,-1.485700011253357,-92.04566955566406,0,Going to 'eat test location' - Status: complete - Unknown
2025-05-29 11:35:36.967,6.474100112915039,-1.485700011253357,-92.04566955566406,0,Going to 'eat test location' - Status: complete - Unknown
2025-05-29 11:35:37.967,6.474100112915039,-1.485700011253357,-92.04566955566406,0,Going to 'eat test location' - Status: complete - Unknown
2025-05-29 11:35:38.966,6.474100112915039,-1.485700011253357,-92.04566955566406,0,Going to 'eat test location' - Status: complete - Unknown
2025-05-29 11:35:39.966,6.474100112915039,-1.485700011253357,-92.04566955566406,0,Going to 'eat test location' - Status: complete - Unknown
2025-05-29 11:35:40.966,6.474100112915039,-1.485700011253357,-92.04566955566406,0,Going to 'eat test location' - Status: complete - Unknown
2025-05-29 11:35:41.967,6.474100112915039,-1.485700011253357,-92.04566955566406,0,Going to 'eat test location' - Status: complete - Unknown
2025-05-29 11:35:42.967,6.474100112915039,-1.485700011253357,-92.04566955566406,0,Going to 'eat test location' - Status: complete - Unknown
2025-05-29 11:35:43.967,6.474100112915039,-1.485700011253357,-92.04566955566406,0,Going to 'eat test location' - Status: complete - Unknown
2025-05-29 11:35:44.967,6.474100112915039,-1.485700011253357,-92.04566955566406,0,Going to 'eat test location' - Status: complete - Unknown
2025-05-29 11:35:45.967,6.474100112915039,-1.485700011253357,-92.04566955566406,0,Going to 'eat test location' - Status: complete - Unknown
2025-05-29 11:35:46.967,6.474100112915039,-1.485700011253357,-92.04566955566406,0,Going to 'eat test location' - Status: complete - Unknown
2025-05-29 11:35:47.967,6.474100112915039,-1.485700011253357,-92.04566955566406,0,Going to 'eat test location' - Status: complete - Unknown
2025-05-29 11:35:48.967,6.474100112915039,-1.485700011253357,-92.04566955566406,0,Going to 'eat test location' - Status: complete - Unknown
2025-05-29 11:35:49.967,6.474100112915039,-1.485700011253357,-92.04566955566406,0,Going to 'eat test location' - Status: complete - Unknown
2025-05-29 11:35:50.967,6.474100112915039,-1.485700011253357,-92.04566955566406,0,Going to 'eat test location' - Status: complete - Unknown
2025-05-29 11:35:51.967,6.474100112915039,-1.485700011253357,-92.04566955566406,0,Going to 'eat test location' - Status: complete - Unknown
2025-05-29 11:35:52.967,6.474100112915039,-1.485700011253357,-92.04566955566406,0,Going to 'eat test location' - Status: complete - Unknown
2025-05-29 11:35:53.966,6.474100112915039,-1.485700011253357,-92.04566955566406,0,Going to 'eat test location' - Status: complete - Unknown
2025-05-29 11:35:54.967,6.474100112915039,-1.485700011253357,-92.04566955566406,0,Going to 'eat test location' - Status: complete - Unknown
2025-05-29 11:35:55.967,6.474100112915039,-1.485700011253357,-92.04566955566406,0,Going to 'eat test location' - Status: complete - Unknown
2025-05-29 11:35:56.967,6.474100112915039,-1.485700011253357,-92.04566955566406,0,Going to 'eat test location' - Status: complete - Unknown
2025-05-29 11:35:57.967,6.474100112915039,-1.485700011253357,-92.04566955566406,0,Going to 'eat test location' - Status: complete - Unknown
2025-05-29 11:35:58.967,6.474100112915039,-1.485700011253357,-92.04566955566406,0,Going to 'eat test location' - Status: complete - Unknown
2025-05-29 11:35:59.967,6.474100112915039,-1.485700011253357,-92.04566955566406,0,Going to 'eat test location' - Status: complete - Unknown
2025-05-29 11:36:00.966,6.474100112915039,-1.485700011253357,-92.04566955566406,0,Going to 'eat test location' - Status: complete - Unknown
2025-05-29 11:36:01.967,6.474100112915039,-1.485700011253357,-92.04566955566406,0,Going to 'eat test location' - Status: complete - Unknown
2025-05-29 11:36:02.967,6.474100112915039,-1.485700011253357,-92.04566955566406,0,Going to 'eat test location' - Status: complete - Unknown
2025-05-29 11:36:03.967,6.474100112915039,-1.485700011253357,-92.04566955566406,0,Going to 'eat test location' - Status: complete - Unknown
2025-05-29 11:36:04.967,6.474100112915039,-1.485700011253357,-92.04566955566406,0,Going to 'eat test location' - Status: complete - Unknown
2025-05-29 11:36:05.967,6.474100112915039,-1.485700011253357,-92.04566955566406,0,Going to 'eat test location' - Status: complete - Unknown
2025-05-29 11:36:06.967,6.474100112915039,-1.485700011253357,-92.04566955566406,0,Going to 'eat test location' - Status: complete - Unknown
2025-05-29 11:36:07.967,6.474100112915039,-1.485700011253357,-92.04566955566406,0,Going to 'eat test location' - Status: complete - Unknown
2025-05-29 11:36:08.967,6.474100112915039,-1.485700011253357,-92.04566955566406,0,Going to 'eat test location' - Status: complete - Unknown
2025-05-29 11:36:09.967,6.474100112915039,-1.485700011253357,-92.04566955566406,0,Going to 'eat test location' - Status: complete - Unknown
2025-05-29 11:36:10.966,6.474100112915039,-1.485700011253357,-92.04566955566406,0,Going to 'eat test location' - Status: complete - Unknown
2025-05-29 11:36:11.967,6.474100112915039,-1.485700011253357,-92.04566955566406,0,Going to 'eat test location' - Status: complete - Unknown
2025-05-29 11:36:12.967,6.474100112915039,-1.485700011253357,-92.04566955566406,0,Going to 'eat test location' - Status: complete - Unknown
2025-05-29 11:36:13.967,6.474100112915039,-1.485700011253357,-92.04566955566406,0,Going to 'eat test location' - Status: complete - Unknown
2025-05-29 11:36:14.967,6.474100112915039,-1.485700011253357,-92.04566955566406,0,Going to 'eat test location' - Status: complete - Unknown
2025-05-29 11:36:15.967,6.474100112915039,-1.485700011253357,-92.04566955566406,0,Going to 'eat test location' - Status: complete - Unknown
2025-05-29 11:36:16.967,6.474100112915039,-1.485700011253357,-92.04566955566406,0,Going to 'eat test location' - Status: complete - Unknown
2025-05-29 11:36:17.967,6.474100112915039,-1.485700011253357,-92.04566955566406,0,Going to 'eat test location' - Status: complete - Unknown
2025-05-29 11:36:18.967,6.474100112915039,-1.485700011253357,-92.04566955566406,0,Going to 'eat test location' - Status: complete - Unknown
2025-05-29 11:36:19.967,6.474100112915039,-1.485700011253357,-92.04566955566406,0,Going to 'eat test location' - Status: complete - Unknown
2025-05-29 11:36:20.967,6.474100112915039,-1.485700011253357,-92.04566955566406,0,Going to 'eat test location' - Status: complete - Unknown
2025-05-29 11:36:21.967,6.474100112915039,-1.485700011253357,-92.04566955566406,0,Going to 'eat test location' - Status: complete - Unknown
2025-05-29 11:36:22.967,6.474100112915039,-1.485700011253357,-92.04566955566406,0,Going to 'eat test location' - Status: complete - Unknown
2025-05-29 11:36:23.967,6.474100112915039,-1.485700011253357,-92.04566955566406,0,Going to 'eat test location' - Status: complete - Unknown
2025-05-29 11:36:24.967,6.474100112915039,-1.485700011253357,-92.04566955566406,0,Going to 'eat test location' - Status: complete - Unknown
2025-05-29 11:36:25.967,6.474100112915039,-1.485700011253357,-92.04566955566406,0,Going to 'eat test location' - Status: complete - Unknown
2025-05-29 11:36:26.967,6.474100112915039,-1.485700011253357,-92.04566955566406,0,Going to 'eat test location' - Status: complete - Unknown
2025-05-29 11:36:27.967,6.474100112915039,-1.485700011253357,-92.04566955566406,0,Going to 'eat test location' - Status: complete - Unknown
2025-05-29 11:36:28.967,6.474100112915039,-1.485700011253357,-92.04566955566406,0,Going to 'eat test location' - Status: complete - Unknown
2025-05-29 11:36:29.967,6.474100112915039,-1.485700011253357,-92.04566955566406,0,Going to 'eat test location' - Status: complete - Unknown
2025-05-29 11:36:30.967,6.474100112915039,-1.485700011253357,-92.04566955566406,0,Going to 'eat test location' - Status: complete - Unknown
2025-05-29 11:36:31.967,6.474100112915039,-1.485700011253357,-92.04566955566406,0,Going to 'eat test location' - Status: complete - Unknown
2025-05-29 11:36:32.967,6.474100112915039,-1.485700011253357,-92.04566955566406,0,Going to 'eat test location' - Status: complete - Unknown
2025-05-29 11:36:33.967,6.474100112915039,-1.485700011253357,-92.04566955566406,0,Going to 'eat test location' - Status: complete - Unknown
2025-05-29 11:36:34.967,6.474100112915039,-1.485700011253357,-92.04566955566406,0,Going to 'eat test location' - Status: complete - Unknown
2025-05-29 11:36:35.967,6.474100112915039,-1.485700011253357,-92.04566955566406,0,Going to 'eat test location' - Status: complete - Unknown
2025-05-29 11:36:36.967,6.474100112915039,-1.485700011253357,-92.04566955566406,0,Going to 'eat test location' - Status: complete - Unknown
2025-05-29 11:36:37.967,6.474100112915039,-1.485700011253357,-92.04566955566406,0,Going to 'eat test location' - Status: complete - Unknown
2025-05-29 11:36:38.967,6.474100112915039,-1.485700011253357,-92.04566955566406,0,Going to 'eat test location' - Status: complete - Unknown
2025-05-29 11:36:39.967,6.474100112915039,-1.485700011253357,-92.04566955566406,0,Going to 'eat test location' - Status: complete - Unknown
2025-05-29 11:36:40.967,6.474100112915039,-1.485700011253357,-92.04566955566406,0,Going to 'eat test location' - Status: complete - Unknown
2025-05-29 11:36:41.967,6.474100112915039,-1.485700011253357,-92.04566955566406,0,Going to 'eat test location' - Status: complete - Unknown
2025-05-29 11:36:42.967,6.474100112915039,-1.485700011253357,-92.04566955566406,0,Going to 'eat test location' - Status: complete - Unknown
2025-05-29 11:36:43.966,6.474100112915039,-1.485700011253357,-92.04566955566406,0,Going to 'eat test location' - Status: complete - Unknown
2025-05-29 11:36:44.966,6.474100112915039,-1.485700011253357,-92.04566955566406,0,Going to 'eat test location' - Status: complete - Unknown
2025-05-29 11:36:45.966,6.474100112915039,-1.485700011253357,-92.04566955566406,0,Going to 'eat test location' - Status: complete - Unknown
2025-05-29 11:36:46.967,6.474100112915039,-1.485700011253357,-92.04566955566406,0,Going to 'eat test location' - Status: complete - Unknown
2025-05-29 11:36:47.967,6.474100112915039,-1.485700011253357,-92.04566955566406,0,Going to 'eat test location' - Status: complete - Unknown
2025-05-29 11:36:48.967,6.474100112915039,-1.485700011253357,-92.04566955566406,0,Going to 'eat test location' - Status: complete - Unknown
2025-05-29 11:36:49.967,6.474100112915039,-1.485700011253357,-92.04566955566406,0,Going to 'eat test location' - Status: complete - Unknown
2025-05-29 11:36:50.967,6.474100112915039,-1.485700011253357,-92.04566955566406,0,Going to 'eat test location' - Status: complete - Unknown
2025-05-29 11:36:51.967,6.474100112915039,-1.485700011253357,-92.04566955566406,0,Going to 'eat test location' - Status: complete - Unknown
2025-05-29 11:36:52.967,6.474100112915039,-1.485700011253357,-92.04566955566406,0,Going to 'eat test location' - Status: complete - Unknown
2025-05-29 11:36:53.966,6.474100112915039,-1.485700011253357,-92.04566955566406,0,Going to 'eat test location' - Status: complete - Unknown
2025-05-29 11:36:54.967,6.474100112915039,-1.485700011253357,-92.04566955566406,0,Going to 'eat test location' - Status: complete - Unknown
2025-05-29 11:36:55.967,6.474100112915039,-1.485700011253357,-92.04566955566406,0,Going to 'eat test location' - Status: complete - Unknown
2025-05-29 11:36:56.967,6.474100112915039,-1.485700011253357,-92.04566955566406,0,Going to 'eat test location' - Status: complete - Unknown
2025-05-29 11:36:57.967,6.474100112915039,-1.485700011253357,-92.04566955566406,0,Going to 'eat test location' - Status: complete - Unknown
2025-05-29 11:36:58.967,6.474100112915039,-1.485700011253357,-92.04566955566406,0,Going to 'eat test location' - Status: complete - Unknown
2025-05-29 11:36:59.967,6.474100112915039,-1.485700011253357,-92.04566955566406,0,Going to 'eat test location' - Status: complete - Unknown
2025-05-29 11:37:00.966,6.474100112915039,-1.485700011253357,-92.04566955566406,0,Going to 'eat test location' - Status: complete - Unknown
2025-05-29 11:37:01.967,6.474100112915039,-1.485700011253357,-92.04566955566406,0,Going to 'eat test location' - Status: complete - Unknown
2025-05-29 11:37:02.967,6.474100112915039,-1.485700011253357,-92.04566955566406,0,Going to 'eat test location' - Status: complete - Unknown
2025-05-29 11:37:03.967,6.474100112915039,-1.485700011253357,-92.04566955566406,0,Going to 'eat test location' - Status: complete - Unknown
2025-05-29 11:37:04.967,6.474100112915039,-1.485700011253357,-92.04566955566406,0,Going to 'eat test location' - Status: complete - Unknown
2025-05-29 11:37:05.967,6.474100112915039,-1.485700011253357,-92.04566955566406,0,Going to 'eat test location' - Status: complete - Unknown
2025-05-29 11:37:06.967,6.474100112915039,-1.485700011253357,-92.04566955566406,0,Going to 'eat test location' - Status: complete - Unknown
2025-05-29 11:37:07.967,6.474100112915039,-1.485700011253357,-92.04566955566406,0,Going to 'eat test location' - Status: complete - Unknown
2025-05-29 11:37:08.967,6.474100112915039,-1.485700011253357,-92.04566955566406,0,Going to 'eat test location' - Status: complete - Unknown
2025-05-29 11:37:09.967,6.474100112915039,-1.485700011253357,-92.04566955566406,0,Going to 'eat test location' - Status: complete - Unknown
2025-05-29 11:37:10.967,6.474100112915039,-1.485700011253357,-92.04566955566406,0,Going to 'eat test location' - Status: complete - Unknown
2025-05-29 11:37:11.967,6.474100112915039,-1.485700011253357,-92.04566955566406,0,Going to 'eat test location' - Status: complete - Unknown
2025-05-29 11:37:12.967,6.474100112915039,-1.485700011253357,-92.04566955566406,0,Going to 'eat test location' - Status: complete - Unknown
2025-05-29 11:37:13.967,6.474100112915039,-1.485700011253357,-92.04566955566406,0,Going to 'eat test location' - Status: complete - Unknown
2025-05-29 11:37:14.967,6.474100112915039,-1.485700011253357,-92.04566955566406,0,Going to 'eat test location' - Status: complete - Unknown
2025-05-29 11:37:15.967,6.474100112915039,-1.485700011253357,-92.04566955566406,0,Going to 'eat test location' - Status: complete - Unknown
2025-05-29 11:37:16.967,6.474100112915039,-1.485700011253357,-92.04566955566406,0,Going to 'eat test location' - Status: complete - Unknown
2025-05-29 11:37:17.967,6.474100112915039,-1.485700011253357,-92.04566955566406,0,Going to 'eat test location' - Status: complete - Unknown
2025-05-29 11:37:18.967,6.474100112915039,-1.485700011253357,-92.04566955566406,0,Going to 'eat test location' - Status: complete - Unknown
2025-05-29 11:37:19.967,6.474100112915039,-1.485700011253357,-92.04566955566406,0,Going to 'eat test location' - Status: complete - Unknown
2025-05-29 11:37:20.967,6.474100112915039,-1.485700011253357,-92.04566955566406,0,Going to 'eat test location' - Status: complete - Unknown
2025-05-29 11:37:21.967,6.474100112915039,-1.485700011253357,-92.04566955566406,0,Going to 'eat test location' - Status: complete - Unknown
2025-05-29 11:37:22.967,6.474100112915039,-1.485700011253357,-92.04566955566406,0,Going to 'eat test location' - Status: complete - Unknown
2025-05-29 11:37:23.967,6.474100112915039,-1.485700011253357,-92.04566955566406,0,Going to 'eat test location' - Status: complete - Unknown
2025-05-29 11:37:24.966,6.474100112915039,-1.485700011253357,-92.04566955566406,0,Going to 'eat test location' - Status: complete - Unknown
2025-05-29 11:37:25.966,6.474100112915039,-1.485700011253357,-92.04566955566406,0,Going to 'eat test location' - Status: complete - Unknown
2025-05-29 11:37:26.967,6.474100112915039,-1.485700011253357,-92.04566955566406,0,Going to 'eat test location' - Status: complete - Unknown
2025-05-29 11:37:27.967,6.474100112915039,-1.485700011253357,-92.04566955566406,0,Going to 'eat test location' - Status: complete - Unknown
2025-05-29 11:37:28.967,6.474100112915039,-1.485700011253357,-92.04566955566406,0,Going to 'eat test location' - Status: complete - Unknown
2025-05-29 11:37:29.967,6.474100112915039,-1.485700011253357,-92.04566955566406,0,Going to 'eat test location' - Status: complete - Unknown
2025-05-29 11:37:30.967,6.474100112915039,-1.485700011253357,-92.04566955566406,0,Going to 'eat test location' - Status: complete - Unknown
2025-05-29 11:37:31.967,6.474100112915039,-1.485700011253357,-92.04566955566406,0,Going to 'eat test location' - Status: complete - Unknown
2025-05-29 11:37:32.967,6.474100112915039,-1.485700011253357,-92.04566955566406,0,Going to 'eat test location' - Status: complete - Unknown
2025-05-29 11:37:33.967,6.474100112915039,-1.485700011253357,-92.04566955566406,0,Going to 'eat test location' - Status: complete - Unknown
2025-05-29 11:37:34.967,6.474100112915039,-1.485700011253357,-92.04566955566406,0,Going to 'eat test location' - Status: complete - Unknown
2025-05-29 11:37:35.967,6.474100112915039,-1.485700011253357,-92.04566955566406,0,Going to 'eat test location' - Status: complete - Unknown
2025-05-29 11:37:36.967,6.474100112915039,-1.485700011253357,-92.04566955566406,0,Going to 'eat test location' - Status: complete - Unknown
2025-05-29 11:37:37.967,6.474100112915039,-1.485700011253357,-92.04566955566406,0,Going to 'eat test location' - Status: complete - Unknown
2025-05-29 11:37:38.967,6.474100112915039,-1.485700011253357,-92.04566955566406,0,Going to 'eat test location' - Status: complete - Unknown
2025-05-29 11:37:39.967,6.474100112915039,-1.485700011253357,-92.04566955566406,0,Going to 'eat test location' - Status: complete - Unknown
2025-05-29 11:37:40.967,6.474100112915039,-1.485700011253357,-92.04566955566406,0,Going to 'eat test location' - Status: complete - Unknown
2025-05-29 11:37:41.967,6.474100112915039,-1.485700011253357,-92.04566955566406,0,Going to 'eat test location' - Status: complete - Unknown
2025-05-29 11:37:42.967,6.474100112915039,-1.485700011253357,-92.04566955566406,0,Going to 'eat test location' - Status: complete - Unknown
2025-05-29 11:37:43.966,6.474100112915039,-1.485700011253357,-92.04566955566406,0,Going to 'eat test location' - Status: complete - Unknown
2025-05-29 11:37:44.966,6.474100112915039,-1.485700011253357,-92.04566955566406,0,Going to 'eat test location' - Status: complete - Unknown
2025-05-29 11:37:45.966,6.474100112915039,-1.485700011253357,-92.04566955566406,0,Going to 'eat test location' - Status: complete - Unknown
2025-05-29 11:37:46.967,6.474100112915039,-1.485700011253357,-92.04566955566406,0,Going to 'eat test location' - Status: complete - Unknown
2025-05-29 11:37:47.967,6.474100112915039,-1.485700011253357,-92.04566955566406,0,Going to 'eat test location' - Status: complete - Unknown
2025-05-29 11:37:48.967,6.474100112915039,-1.485700011253357,-92.04566955566406,0,Going to 'eat test location' - Status: complete - Unknown
2025-05-29 11:37:49.967,6.474100112915039,-1.485700011253357,-92.04566955566406,0,Going to 'eat test location' - Status: complete - Unknown
2025-05-29 11:37:50.967,6.474100112915039,-1.485700011253357,-92.04566955566406,0,Going to 'eat test location' - Status: complete - Unknown
2025-05-29 11:37:51.967,6.474100112915039,-1.485700011253357,-92.04566955566406,0,Going to 'eat test location' - Status: complete - Unknown
2025-05-29 11:37:52.967,6.474100112915039,-1.485700011253357,-92.04566955566406,0,Going to 'eat test location' - Status: complete - Unknown
2025-05-29 11:37:53.966,6.474100112915039,-1.485700011253357,-92.04566955566406,0,Going to 'eat test location' - Status: complete - Unknown
2025-05-29 11:37:54.966,6.474100112915039,-1.485700011253357,-92.04566955566406,0,Going to 'eat test location' - Status: complete - Unknown
2025-05-29 11:37:55.966,6.474100112915039,-1.485700011253357,-92.04566955566406,0,Going to 'eat test location' - Status: complete - Unknown
2025-05-29 11:37:56.967,6.474100112915039,-1.485700011253357,-92.04566955566406,0,Going to 'eat test location' - Status: complete - Unknown
2025-05-29 11:37:57.967,6.474100112915039,-1.485700011253357,-92.04566955566406,0,Going to 'eat test location' - Status: complete - Unknown
2025-05-29 11:37:58.967,6.474100112915039,-1.485700011253357,-92.04566955566406,0,Going to 'eat test location' - Status: complete - Unknown
2025-05-29 11:37:59.967,6.474100112915039,-1.485700011253357,-92.04566955566406,0,Going to 'eat test location' - Status: complete - Unknown
2025-05-29 11:38:00.967,6.474100112915039,-1.485700011253357,-92.04566955566406,0,Going to 'eat test location' - Status: complete - Unknown
2025-05-29 11:38:01.967,6.474100112915039,-1.485700011253357,-92.04566955566406,0,Going to 'eat test location' - Status: complete - Unknown
2025-05-29 11:38:02.967,6.474100112915039,-1.485700011253357,-92.04566955566406,0,Going to 'eat test location' - Status: complete - Unknown
2025-05-29 11:38:03.967,6.474100112915039,-1.485700011253357,-92.04566955566406,0,Going to 'eat test location' - Status: complete - Unknown
2025-05-29 11:38:04.966,6.474100112915039,-1.485700011253357,-92.04566955566406,0,Going to 'eat test location' - Status: complete - Unknown
2025-05-29 11:38:05.967,6.474100112915039,-1.485700011253357,-92.04566955566406,0,Going to 'eat test location' - Status: complete - Unknown
2025-05-29 11:38:06.967,6.474100112915039,-1.485700011253357,-92.04566955566406,0,Going to 'eat test location' - Status: complete - Unknown
2025-05-29 11:38:07.967,6.474100112915039,-1.485700011253357,-92.04566955566406,0,Going to 'eat test location' - Status: complete - Unknown
2025-05-29 11:38:08.967,6.474100112915039,-1.485700011253357,-92.04566955566406,0,Going to 'eat test location' - Status: complete - Unknown
2025-05-29 11:38:09.967,6.474100112915039,-1.485700011253357,-92.04566955566406,0,Going to 'eat test location' - Status: complete - Unknown
2025-05-29 11:38:10.967,6.474100112915039,-1.485700011253357,-92.04566955566406,0,Going to 'eat test location' - Status: complete - Unknown
2025-05-29 11:38:11.967,6.474100112915039,-1.485700011253357,-92.04566955566406,0,Going to 'eat test location' - Status: complete - Unknown
2025-05-29 11:38:12.967,6.474100112915039,-1.485700011253357,-92.04566955566406,0,Going to 'eat test location' - Status: complete - Unknown
2025-05-29 11:38:13.967,6.474100112915039,-1.485700011253357,-92.04566955566406,0,Going to 'eat test location' - Status: complete - Unknown
2025-05-29 11:38:14.967,6.474100112915039,-1.485700011253357,-92.04566955566406,0,Going to 'eat test location' - Status: complete - Unknown
2025-05-29 11:38:15.966,6.474100112915039,-1.485700011253357,-92.04566955566406,0,Going to 'eat test location' - Status: complete - Unknown
2025-05-29 11:38:16.967,6.474100112915039,-1.485700011253357,-92.04566955566406,0,Going to 'eat test location' - Status: complete - Unknown
2025-05-29 11:38:17.967,6.474100112915039,-1.485700011253357,-92.04566955566406,0,Going to 'eat test location' - Status: complete - Unknown
2025-05-29 11:38:18.967,6.474100112915039,-1.485700011253357,-92.04566955566406,0,Going to 'eat test location' - Status: complete - Unknown
2025-05-29 11:38:19.967,6.474100112915039,-1.485700011253357,-92.04566955566406,0,Going to 'eat test location' - Status: complete - Unknown
2025-05-29 11:38:20.967,6.474100112915039,-1.485700011253357,-92.04566955566406,0,Going to 'eat test location' - Status: complete - Unknown
2025-05-29 11:38:21.967,6.474100112915039,-1.485700011253357,-92.04566955566406,0,Going to 'eat test location' - Status: complete - Unknown
2025-05-29 11:38:22.967,6.474100112915039,-1.485700011253357,-92.04566955566406,0,Going to 'eat test location' - Status: complete - Unknown
2025-05-29 11:38:23.967,6.474100112915039,-1.485700011253357,-92.04566955566406,0,Going to 'eat test location' - Status: complete - Unknown
2025-05-29 11:38:24.967,6.474100112915039,-1.485700011253357,-92.04566955566406,0,Going to 'eat test location' - Status: complete - Unknown
2025-05-29 11:38:25.966,6.474100112915039,-1.485700011253357,-92.04566955566406,0,Going to 'eat test location' - Status: complete - Unknown
2025-05-29 11:38:26.967,6.474100112915039,-1.485700011253357,-92.04566955566406,0,Going to 'eat test location' - Status: complete - Unknown
2025-05-29 11:38:27.967,6.474100112915039,-1.485700011253357,-92.04566955566406,0,Going to 'eat test location' - Status: complete - Unknown
2025-05-29 11:38:28.967,6.474100112915039,-1.485700011253357,-92.04566955566406,0,Going to 'eat test location' - Status: complete - Unknown
2025-05-29 11:38:29.967,6.474100112915039,-1.485700011253357,-92.04566955566406,0,Going to 'eat test location' - Status: complete - Unknown
2025-05-29 11:38:30.966,6.474100112915039,-1.485700011253357,-92.04566955566406,0,Going to 'eat test location' - Status: complete - Unknown
2025-05-29 11:38:31.967,6.474100112915039,-1.485700011253357,-92.04566955566406,0,Going to 'eat test location' - Status: complete - Unknown
2025-05-29 11:38:32.967,6.474100112915039,-1.485700011253357,-92.04566955566406,0,Going to 'eat test location' - Status: complete - Unknown
2025-05-29 11:38:33.967,6.474100112915039,-1.485700011253357,-92.04566955566406,0,Going to 'eat test location' - Status: complete - Unknown
2025-05-29 11:38:34.967,6.474100112915039,-1.485700011253357,-92.04566955566406,0,Going to 'eat test location' - Status: complete - Unknown
2025-05-29 11:38:35.967,6.474100112915039,-1.485700011253357,-92.04566955566406,0,Going to 'eat test location' - Status: complete - Unknown
2025-05-29 11:38:36.967,6.474100112915039,-1.485700011253357,-92.04566955566406,0,Going to 'eat test location' - Status: complete - Unknown
2025-05-29 11:38:37.967,6.474100112915039,-1.485700011253357,-92.04566955566406,0,Going to 'eat test location' - Status: complete - Unknown
2025-05-29 11:38:38.967,6.474100112915039,-1.485700011253357,-92.04566955566406,0,Going to 'eat test location' - Status: complete - Unknown
2025-05-29 11:38:39.967,6.474100112915039,-1.485700011253357,-92.04566955566406,0,Going to 'eat test location' - Status: complete - Unknown
2025-05-29 11:38:40.967,6.474100112915039,-1.485700011253357,-92.04566955566406,0,Going to 'eat test location' - Status: complete - Unknown
2025-05-29 11:38:41.967,6.474100112915039,-1.485700011253357,-92.04566955566406,0,Going to 'eat test location' - Status: complete - Unknown
2025-05-29 11:38:42.967,6.474100112915039,-1.485700011253357,-92.04566955566406,0,Going to 'eat test location' - Status: complete - Unknown
2025-05-29 11:38:43.967,6.474100112915039,-1.485700011253357,-92.04566955566406,0,Going to 'eat test location' - Status: complete - Unknown
2025-05-29 11:38:44.967,6.474100112915039,-1.485700011253357,-92.04566955566406,0,Going to 'eat test location' - Status: complete - Unknown
2025-05-29 11:38:45.967,6.474100112915039,-1.485700011253357,-92.04566955566406,0,Going to 'eat test location' - Status: complete - Unknown
2025-05-29 11:38:46.967,6.474100112915039,-1.485700011253357,-92.04566955566406,0,Going to 'eat test location' - Status: complete - Unknown
2025-05-29 11:38:47.967,6.474100112915039,-1.485700011253357,-92.04566955566406,0,Going to 'eat test location' - Status: complete - Unknown
2025-05-29 11:38:48.967,6.474100112915039,-1.485700011253357,-92.04566955566406,0,Going to 'eat test location' - Status: complete - Unknown
2025-05-29 11:38:49.967,6.474100112915039,-1.485700011253357,-92.04566955566406,0,Going to 'eat test location' - Status: complete - Unknown
2025-05-29 11:38:50.967,6.474100112915039,-1.485700011253357,-92.04566955566406,0,Going to 'eat test location' - Status: complete - Unknown
2025-05-29 11:38:51.967,6.474100112915039,-1.485700011253357,-92.04566955566406,0,Going to 'eat test location' - Status: complete - Unknown
2025-05-29 11:38:52.967,6.474100112915039,-1.485700011253357,-92.04566955566406,0,Going to 'eat test location' - Status: complete - Unknown
2025-05-29 11:38:53.966,6.474100112915039,-1.485700011253357,-92.04566955566406,0,Going to 'eat test location' - Status: complete - Unknown
2025-05-29 11:38:54.966,6.474100112915039,-1.485700011253357,-92.04566955566406,0,Going to 'eat test location' - Status: complete - Unknown
2025-05-29 11:38:55.967,6.474100112915039,-1.485700011253357,-92.04566955566406,0,Going to 'eat test location' - Status: complete - Unknown
2025-05-29 11:38:56.967,6.474100112915039,-1.485700011253357,-92.04566955566406,0,Going to 'eat test location' - Status: complete - Unknown
2025-05-29 11:38:57.967,6.474100112915039,-1.485700011253357,-92.04566955566406,0,Going to 'eat test location' - Status: complete - Unknown
2025-05-29 11:38:58.967,6.474100112915039,-1.485700011253357,-92.04566955566406,0,Going to 'eat test location' - Status: complete - Unknown
2025-05-29 11:38:59.967,6.474100112915039,-1.485700011253357,-92.04566955566406,0,Going to 'eat test location' - Status: complete - Unknown
2025-05-29 11:39:00.966,6.474100112915039,-1.485700011253357,-92.04566955566406,0,Going to 'eat test location' - Status: complete - Unknown
2025-05-29 11:39:01.967,6.474100112915039,-1.485700011253357,-92.04566955566406,0,Going to 'eat test location' - Status: complete - Unknown
2025-05-29 11:39:02.967,6.474100112915039,-1.485700011253357,-92.04566955566406,0,Going to 'eat test location' - Status: complete - Unknown
2025-05-29 11:39:03.967,6.474100112915039,-1.485700011253357,-92.04566955566406,0,Going to 'eat test location' - Status: complete - Unknown
2025-05-29 11:39:04.967,6.474100112915039,-1.485700011253357,-92.04566955566406,0,Going to 'eat test location' - Status: complete - Unknown
2025-05-29 11:39:05.967,6.474100112915039,-1.485700011253357,-92.04566955566406,0,Going to 'eat test location' - Status: complete - Unknown
2025-05-29 11:39:06.967,6.474100112915039,-1.485700011253357,-92.04566955566406,0,Going to 'eat test location' - Status: complete - Unknown
2025-05-29 11:39:07.967,6.474100112915039,-1.485700011253357,-92.04566955566406,0,Going to 'eat test location' - Status: complete - Unknown
2025-05-29 11:39:08.967,6.474100112915039,-1.485700011253357,-92.04566955566406,0,Going to 'eat test location' - Status: complete - Unknown
2025-05-29 11:39:09.967,6.474100112915039,-1.485700011253357,-92.04566955566406,0,Going to 'eat test location' - Status: complete - Unknown
2025-05-29 11:39:10.967,6.474100112915039,-1.485700011253357,-92.04566955566406,0,Going to 'eat test location' - Status: complete - Unknown
2025-05-29 11:39:11.967,6.474100112915039,-1.485700011253357,-92.04566955566406,0,Going to 'eat test location' - Status: complete - Unknown
2025-05-29 11:39:12.967,6.474100112915039,-1.485700011253357,-92.04566955566406,0,Going to 'eat test location' - Status: complete - Unknown
2025-05-29 11:39:13.967,6.474100112915039,-1.485700011253357,-92.04566955566406,0,Going to 'eat test location' - Status: complete - Unknown
2025-05-29 11:39:14.967,6.474100112915039,-1.485700011253357,-92.04566955566406,0,Going to 'eat test location' - Status: complete - Unknown
2025-05-29 11:39:15.967,6.474100112915039,-1.485700011253357,-92.04566955566406,0,Going to 'eat test location' - Status: complete - Unknown
2025-05-29 11:39:16.967,6.474100112915039,-1.485700011253357,-92.04566955566406,0,Going to 'eat test location' - Status: complete - Unknown
2025-05-29 11:39:17.967,6.474100112915039,-1.485700011253357,-92.04566955566406,0,Going to 'eat test location' - Status: complete - Unknown
2025-05-29 11:39:18.967,6.474100112915039,-1.485700011253357,-92.04566955566406,0,Going to 'eat test location' - Status: complete - Unknown
2025-05-29 11:39:19.967,6.474100112915039,-1.485700011253357,-92.04566955566406,0,Going to 'eat test location' - Status: complete - Unknown
2025-05-29 11:39:20.967,6.474100112915039,-1.485700011253357,-92.04566955566406,0,Going to 'eat test location' - Status: complete - Unknown
2025-05-29 11:39:21.967,6.474100112915039,-1.485700011253357,-92.04566955566406,0,Going to 'eat test location' - Status: complete - Unknown
2025-05-29 11:39:22.967,6.474100112915039,-1.485700011253357,-92.04566955566406,0,Going to 'eat test location' - Status: complete - Unknown
2025-05-29 11:39:23.967,6.474100112915039,-1.485700011253357,-92.04566955566406,0,Going to 'eat test location' - Status: complete - Unknown
2025-05-29 11:39:24.967,6.474100112915039,-1.485700011253357,-92.04566955566406,0,Going to 'eat test location' - Status: complete - Unknown
2025-05-29 11:39:25.966,6.474100112915039,-1.485700011253357,-92.04566955566406,0,Going to 'eat test location' - Status: complete - Unknown
2025-05-29 11:39:26.967,6.474100112915039,-1.485700011253357,-92.04566955566406,0,Going to 'eat test location' - Status: complete - Unknown
2025-05-29 11:39:27.967,6.474100112915039,-1.485700011253357,-92.04566955566406,0,Going to 'eat test location' - Status: complete - Unknown
2025-05-29 11:39:28.967,6.474100112915039,-1.485700011253357,-92.04566955566406,0,Going to 'eat test location' - Status: complete - Unknown
2025-05-29 11:39:29.967,6.474100112915039,-1.485700011253357,-92.04566955566406,0,Going to 'eat test location' - Status: complete - Unknown
2025-05-29 11:39:30.967,6.474100112915039,-1.485700011253357,-92.04566955566406,0,Going to 'eat test location' - Status: complete - Unknown
2025-05-29 11:39:31.967,6.474100112915039,-1.485700011253357,-92.04566955566406,0,Going to 'eat test location' - Status: complete - Unknown
2025-05-29 11:39:32.967,6.474100112915039,-1.485700011253357,-92.04566955566406,0,Going to 'eat test location' - Status: complete - Unknown
2025-05-29 11:39:33.967,6.474100112915039,-1.485700011253357,-92.04566955566406,0,Going to 'eat test location' - Status: complete - Unknown
2025-05-29 11:39:34.967,6.474100112915039,-1.485700011253357,-92.04566955566406,0,Going to 'eat test location' - Status: complete - Unknown
2025-05-29 11:39:35.967,6.474100112915039,-1.485700011253357,-92.04566955566406,0,Going to 'eat test location' - Status: complete - Unknown
2025-05-29 11:39:36.967,6.474100112915039,-1.485700011253357,-92.04566955566406,0,Going to 'eat test location' - Status: complete - Unknown
2025-05-29 11:39:37.967,6.474100112915039,-1.485700011253357,-92.04566955566406,0,Going to 'eat test location' - Status: complete - Unknown
2025-05-29 11:39:38.967,6.474100112915039,-1.485700011253357,-92.04566955566406,0,Going to 'eat test location' - Status: complete - Unknown
2025-05-29 11:39:39.967,6.474100112915039,-1.485700011253357,-92.04566955566406,0,Going to 'eat test location' - Status: complete - Unknown
2025-05-29 11:39:40.967,6.474100112915039,-1.485700011253357,-92.04566955566406,0,Going to 'eat test location' - Status: complete - Unknown
2025-05-29 11:39:41.967,6.474100112915039,-1.485700011253357,-92.04566955566406,0,Going to 'eat test location' - Status: complete - Unknown
2025-05-29 11:39:42.967,6.474100112915039,-1.485700011253357,-92.04566955566406,0,Going to 'eat test location' - Status: complete - Unknown
2025-05-29 11:39:43.967,6.474100112915039,-1.485700011253357,-92.04566955566406,0,Going to 'eat test location' - Status: complete - Unknown
2025-05-29 11:39:44.967,6.474100112915039,-1.485700011253357,-92.04566955566406,0,Going to 'eat test location' - Status: complete - Unknown
2025-05-29 11:39:45.967,6.474100112915039,-1.485700011253357,-92.04566955566406,0,Going to 'eat test location' - Status: complete - Unknown
2025-05-29 11:39:46.967,6.474100112915039,-1.485700011253357,-92.04566955566406,0,Going to 'eat test location' - Status: complete - Unknown
2025-05-29 11:39:47.967,6.474100112915039,-1.485700011253357,-92.04566955566406,0,Going to 'eat test location' - Status: complete - Unknown
2025-05-29 11:39:48.967,6.474100112915039,-1.485700011253357,-92.04566955566406,0,Going to 'eat test location' - Status: complete - Unknown
2025-05-29 11:39:49.967,6.474100112915039,-1.485700011253357,-92.04566955566406,0,Going to 'eat test location' - Status: complete - Unknown
2025-05-29 11:39:50.967,6.474100112915039,-1.485700011253357,-92.04566955566406,0,Going to 'eat test location' - Status: complete - Unknown
2025-05-29 11:39:51.967,6.474100112915039,-1.485700011253357,-92.04566955566406,0,Going to 'eat test location' - Status: complete - Unknown
2025-05-29 11:39:52.967,6.474100112915039,-1.485700011253357,-92.04566955566406,0,Going to 'eat test location' - Status: complete - Unknown
2025-05-29 11:39:53.966,6.474100112915039,-1.485700011253357,-92.04566955566406,0,Going to 'eat test location' - Status: complete - Unknown
2025-05-29 11:39:54.967,6.474100112915039,-1.485700011253357,-92.04566955566406,0,Going to 'eat test location' - Status: complete - Unknown
2025-05-29 11:39:55.967,6.474100112915039,-1.485700011253357,-92.04566955566406,0,Going to 'eat test location' - Status: complete - Unknown
2025-05-29 11:39:56.967,6.474100112915039,-1.485700011253357,-92.04566955566406,0,Going to 'eat test location' - Status: complete - Unknown
2025-05-29 11:39:57.967,6.474100112915039,-1.485700011253357,-92.04566955566406,0,Going to 'eat test location' - Status: complete - Unknown
2025-05-29 11:39:58.967,6.474100112915039,-1.485700011253357,-92.04566955566406,0,Going to 'eat test location' - Status: complete - Unknown
2025-05-29 11:39:59.967,6.474100112915039,-1.485700011253357,-92.04566955566406,0,Going to 'eat test location' - Status: complete - Unknown
2025-05-29 11:40:00.966,6.474100112915039,-1.485700011253357,-92.04566955566406,0,Going to 'eat test location' - Status: complete - Unknown
2025-05-29 11:40:01.967,6.474100112915039,-1.485700011253357,-92.04566955566406,0,Going to 'eat test location' - Status: complete - Unknown
2025-05-29 11:40:02.967,6.474100112915039,-1.485700011253357,-92.04566955566406,0,Going to 'eat test location' - Status: complete - Unknown
2025-05-29 11:40:03.967,6.474100112915039,-1.485700011253357,-92.04566955566406,0,Going to 'eat test location' - Status: complete - Unknown
2025-05-29 11:40:04.967,6.474100112915039,-1.485700011253357,-92.04566955566406,0,Going to 'eat test location' - Status: complete - Unknown
2025-05-29 11:40:05.967,6.474100112915039,-1.485700011253357,-92.04566955566406,0,Going to 'eat test location' - Status: complete - Unknown
2025-05-29 11:40:06.967,6.474100112915039,-1.485700011253357,-92.04566955566406,0,Going to 'eat test location' - Status: complete - Unknown
2025-05-29 11:40:07.967,6.474100112915039,-1.485700011253357,-92.04566955566406,0,Going to 'eat test location' - Status: complete - Unknown
2025-05-29 11:40:08.966,6.474100112915039,-1.485700011253357,-92.04566955566406,0,Going to 'eat test location' - Status: complete - Unknown
2025-05-29 11:40:09.966,6.474100112915039,-1.485700011253357,-92.04566955566406,0,Going to 'eat test location' - Status: complete - Unknown
2025-05-29 11:40:10.967,6.474100112915039,-1.485700011253357,-92.04566955566406,0,Going to 'eat test location' - Status: complete - Unknown
2025-05-29 11:40:11.967,6.474100112915039,-1.485700011253357,-92.04566955566406,0,Going to 'eat test location' - Status: complete - Unknown
2025-05-29 11:40:12.967,6.474100112915039,-1.485700011253357,-92.04566955566406,0,Going to 'eat test location' - Status: complete - Unknown
2025-05-29 11:40:13.967,6.474100112915039,-1.485700011253357,-92.04566955566406,0,Going to 'eat test location' - Status: complete - Unknown
2025-05-29 11:40:14.967,6.474100112915039,-1.485700011253357,-92.04566955566406,0,Going to 'eat test location' - Status: complete - Unknown
2025-05-29 11:40:15.967,6.474100112915039,-1.485700011253357,-92.04566955566406,0,Going to 'eat test location' - Status: complete - Unknown
2025-05-29 11:40:16.967,6.474100112915039,-1.485700011253357,-92.04566955566406,0,Going to 'eat test location' - Status: complete - Unknown
2025-05-29 11:40:17.967,6.474100112915039,-1.485700011253357,-92.04566955566406,0,Going to 'eat test location' - Status: complete - Unknown
2025-05-29 11:40:18.967,6.474100112915039,-1.485700011253357,-92.04566955566406,0,Going to 'eat test location' - Status: complete - Unknown
2025-05-29 11:40:19.967,6.474100112915039,-1.485700011253357,-92.04566955566406,0,Going to 'eat test location' - Status: complete - Unknown
2025-05-29 11:40:20.967,6.474100112915039,-1.485700011253357,-92.04566955566406,0,Going to 'eat test location' - Status: complete - Unknown
2025-05-29 11:40:21.967,6.474100112915039,-1.485700011253357,-92.04566955566406,0,Going to 'eat test location' - Status: complete - Unknown
2025-05-29 11:40:22.967,6.474100112915039,-1.485700011253357,-92.04566955566406,0,Going to 'eat test location' - Status: complete - Unknown
2025-05-29 11:40:23.967,6.474100112915039,-1.485700011253357,-92.04566955566406,0,Going to 'eat test location' - Status: complete - Unknown
2025-05-29 11:40:24.966,6.474100112915039,-1.485700011253357,-92.04566955566406,0,Going to 'eat test location' - Status: complete - Unknown
2025-05-29 11:40:25.967,6.474100112915039,-1.485700011253357,-92.04566955566406,0,Going to 'eat test location' - Status: complete - Unknown
2025-05-29 11:40:26.967,6.474100112915039,-1.485700011253357,-92.04566955566406,0,Going to 'eat test location' - Status: complete - Unknown
2025-05-29 11:40:27.967,6.474100112915039,-1.485700011253357,-92.04566955566406,0,Going to 'eat test location' - Status: complete - Unknown
2025-05-29 11:40:28.967,6.474100112915039,-1.485700011253357,-92.04566955566406,0,Going to 'eat test location' - Status: complete - Unknown
2025-05-29 11:40:29.966,6.474100112915039,-1.485700011253357,-92.04566955566406,0,Going to 'eat test location' - Status: complete - Unknown
2025-05-29 11:40:30.966,6.474100112915039,-1.485700011253357,-92.04566955566406,0,Going to 'eat test location' - Status: complete - Unknown
2025-05-29 11:40:31.967,6.474100112915039,-1.485700011253357,-92.04566955566406,0,Going to 'eat test location' - Status: complete - Unknown
2025-05-29 11:40:32.967,6.474100112915039,-1.485700011253357,-92.04566955566406,0,Going to 'eat test location' - Status: complete - Unknown
2025-05-29 11:40:33.967,6.474100112915039,-1.485700011253357,-92.04566955566406,0,Going to 'eat test location' - Status: complete - Unknown
2025-05-29 11:40:34.967,6.474100112915039,-1.485700011253357,-92.04566955566406,0,Going to 'eat test location' - Status: complete - Unknown
2025-05-29 11:40:35.967,6.474100112915039,-1.485700011253357,-92.04566955566406,0,Going to 'eat test location' - Status: complete - Unknown
2025-05-29 11:40:36.967,6.474100112915039,-1.485700011253357,-92.04566955566406,0,Going to 'eat test location' - Status: complete - Unknown
2025-05-29 11:40:37.967,6.474100112915039,-1.485700011253357,-92.04566955566406,0,Going to 'eat test location' - Status: complete - Unknown
2025-05-29 11:40:38.967,6.474100112915039,-1.485700011253357,-92.04566955566406,0,Going to 'eat test location' - Status: complete - Unknown
2025-05-29 11:40:39.967,6.474100112915039,-1.485700011253357,-92.04566955566406,0,Going to 'eat test location' - Status: complete - Unknown
2025-05-29 11:40:40.967,6.474100112915039,-1.485700011253357,-92.04566955566406,0,Going to 'eat test location' - Status: complete - Unknown
2025-05-29 11:40:41.967,6.474100112915039,-1.485700011253357,-92.04566955566406,0,Going to 'eat test location' - Status: complete - Unknown
2025-05-29 11:40:42.967,6.474100112915039,-1.485700011253357,-92.04566955566406,0,Going to 'eat test location' - Status: complete - Unknown
2025-05-29 11:40:43.966,6.474100112915039,-1.485700011253357,-92.04566955566406,0,Going to 'eat test location' - Status: complete - Unknown
2025-05-29 11:40:44.966,6.474100112915039,-1.485700011253357,-92.04566955566406,0,Going to 'eat test location' - Status: complete - Unknown
2025-05-29 11:40:45.967,6.474100112915039,-1.485700011253357,-92.04566955566406,0,Going to 'eat test location' - Status: complete - Unknown
2025-05-29 11:40:46.967,6.474100112915039,-1.485700011253357,-92.04566955566406,0,Going to 'eat test location' - Status: complete - Unknown
2025-05-29 11:40:47.967,6.474100112915039,-1.485700011253357,-92.04566955566406,0,Going to 'eat test location' - Status: complete - Unknown
2025-05-29 11:40:48.967,6.474100112915039,-1.485700011253357,-92.04566955566406,0,Going to 'eat test location' - Status: complete - Unknown
2025-05-29 11:40:49.967,6.474100112915039,-1.485700011253357,-92.04566955566406,0,Going to 'eat test location' - Status: complete - Unknown
2025-05-29 11:40:50.967,6.474100112915039,-1.485700011253357,-92.04566955566406,0,Going to 'eat test location' - Status: complete - Unknown
2025-05-29 11:40:51.967,6.474100112915039,-1.485700011253357,-92.04566955566406,0,Going to 'eat test location' - Status: complete - Unknown
2025-05-29 11:40:52.967,6.474100112915039,-1.485700011253357,-92.04566955566406,0,Going to 'eat test location' - Status: complete - Unknown
2025-05-29 11:40:53.966,6.474100112915039,-1.485700011253357,-92.04566955566406,0,Going to 'eat test location' - Status: complete - Unknown
2025-05-29 11:40:54.966,6.474100112915039,-1.485700011253357,-92.04566955566406,0,Going to 'eat test location' - Status: complete - Unknown
2025-05-29 11:40:55.967,6.474100112915039,-1.485700011253357,-92.04566955566406,0,Going to 'eat test location' - Status: complete - Unknown
2025-05-29 11:40:56.967,6.474100112915039,-1.485700011253357,-92.04566955566406,0,Going to 'eat test location' - Status: complete - Unknown
2025-05-29 11:40:57.967,6.474100112915039,-1.485700011253357,-92.04566955566406,0,Going to 'eat test location' - Status: complete - Unknown
2025-05-29 11:40:58.967,6.474100112915039,-1.485700011253357,-92.04566955566406,0,Going to 'eat test location' - Status: complete - Unknown
2025-05-29 11:40:59.967,6.474100112915039,-1.485700011253357,-92.04566955566406,0,Going to 'eat test location' - Status: complete - Unknown
2025-05-29 11:41:00.966,6.474100112915039,-1.485700011253357,-92.04566955566406,0,Going to 'eat test location' - Status: complete - Unknown
2025-05-29 11:41:01.967,6.474100112915039,-1.485700011253357,-92.04566955566406,0,Going to 'eat test location' - Status: complete - Unknown
2025-05-29 11:41:02.967,6.474100112915039,-1.485700011253357,-92.04566955566406,0,Going to 'eat test location' - Status: complete - Unknown
2025-05-29 11:41:03.967,6.474100112915039,-1.485700011253357,-92.04566955566406,0,Going to 'eat test location' - Status: complete - Unknown
2025-05-29 11:41:04.967,6.474100112915039,-1.485700011253357,-92.04566955566406,0,Going to 'eat test location' - Status: complete - Unknown
2025-05-29 11:41:05.967,6.474100112915039,-1.485700011253357,-92.04566955566406,0,Going to 'eat test location' - Status: complete - Unknown
2025-05-29 11:41:06.967,6.474100112915039,-1.485700011253357,-92.04566955566406,0,Going to 'eat test location' - Status: complete - Unknown
2025-05-29 11:41:07.967,6.474100112915039,-1.485700011253357,-92.04566955566406,0,Going to 'eat test location' - Status: complete - Unknown
2025-05-29 11:41:08.967,6.474100112915039,-1.485700011253357,-92.04566955566406,0,Going to 'eat test location' - Status: complete - Unknown
2025-05-29 11:41:09.967,6.474100112915039,-1.485700011253357,-92.04566955566406,0,Going to 'eat test location' - Status: complete - Unknown
2025-05-29 11:41:10.967,6.474100112915039,-1.485700011253357,-92.04566955566406,0,Going to 'eat test location' - Status: complete - Unknown
2025-05-29 11:41:11.967,6.474100112915039,-1.485700011253357,-92.04566955566406,0,Going to 'eat test location' - Status: complete - Unknown
2025-05-29 11:41:12.967,6.474100112915039,-1.485700011253357,-92.04566955566406,0,Going to 'eat test location' - Status: complete - Unknown
2025-05-29 11:41:13.967,6.474100112915039,-1.485700011253357,-92.04566955566406,0,Going to 'eat test location' - Status: complete - Unknown
2025-05-29 11:41:14.967,6.474100112915039,-1.485700011253357,-92.04566955566406,0,Going to 'eat test location' - Status: complete - Unknown
2025-05-29 11:41:15.967,6.474100112915039,-1.485700011253357,-92.04566955566406,0,Going to 'eat test location' - Status: complete - Unknown
2025-05-29 11:41:16.967,6.474100112915039,-1.485700011253357,-92.04566955566406,0,Going to 'eat test location' - Status: complete - Unknown
2025-05-29 11:41:17.967,6.474100112915039,-1.485700011253357,-92.04566955566406,0,Going to 'eat test location' - Status: complete - Unknown
2025-05-29 11:41:18.967,6.474100112915039,-1.485700011253357,-92.04566955566406,0,Going to 'eat test location' - Status: complete - Unknown
2025-05-29 11:41:19.966,6.474100112915039,-1.485700011253357,-92.04566955566406,0,Going to 'eat test location' - Status: complete - Unknown
2025-05-29 11:41:20.967,6.474100112915039,-1.485700011253357,-92.04566955566406,0,Going to 'eat test location' - Status: complete - Unknown
2025-05-29 11:41:21.967,6.474100112915039,-1.485700011253357,-92.04566955566406,0,Going to 'eat test location' - Status: complete - Unknown
2025-05-29 11:41:22.967,6.474100112915039,-1.485700011253357,-92.04566955566406,0,Going to 'eat test location' - Status: complete - Unknown
2025-05-29 11:41:23.966,6.474100112915039,-1.485700011253357,-92.04566955566406,0,Going to 'eat test location' - Status: complete - Unknown
2025-05-29 11:41:24.966,6.474100112915039,-1.485700011253357,-92.04566955566406,0,Going to 'eat test location' - Status: complete - Unknown
2025-05-29 11:41:25.967,6.474100112915039,-1.485700011253357,-92.04566955566406,0,Going to 'eat test location' - Status: complete - Unknown
2025-05-29 11:41:26.967,6.474100112915039,-1.485700011253357,-92.04566955566406,0,Going to 'eat test location' - Status: complete - Unknown
2025-05-29 11:41:27.967,6.474100112915039,-1.485700011253357,-92.04566955566406,0,Going to 'eat test location' - Status: complete - Unknown
2025-05-29 11:41:28.967,6.474100112915039,-1.485700011253357,-92.04566955566406,0,Going to 'eat test location' - Status: complete - Unknown
2025-05-29 11:41:29.967,6.474100112915039,-1.485700011253357,-92.04566955566406,0,Going to 'eat test location' - Status: complete - Unknown
2025-05-29 11:41:30.966,6.474100112915039,-1.485700011253357,-92.04566955566406,0,Going to 'eat test location' - Status: complete - Unknown
2025-05-29 11:41:31.967,6.474100112915039,-1.485700011253357,-92.04566955566406,0,Going to 'eat test location' - Status: complete - Unknown
2025-05-29 11:41:32.967,6.474100112915039,-1.485700011253357,-92.04566955566406,0,Going to 'eat test location' - Status: complete - Unknown
2025-05-29 11:41:33.967,6.474100112915039,-1.485700011253357,-92.04566955566406,0,Going to 'eat test location' - Status: complete - Unknown
2025-05-29 11:41:34.967,6.474100112915039,-1.485700011253357,-92.04566955566406,0,Going to 'eat test location' - Status: complete - Unknown
2025-05-29 11:41:35.967,6.474100112915039,-1.485700011253357,-92.04566955566406,0,Going to 'eat test location' - Status: complete - Unknown
2025-05-29 11:41:36.967,6.474100112915039,-1.485700011253357,-92.04566955566406,0,Going to 'eat test location' - Status: complete - Unknown
2025-05-29 11:41:37.967,6.474100112915039,-1.485700011253357,-92.04566955566406,0,Going to 'eat test location' - Status: complete - Unknown
2025-05-29 11:41:38.967,6.474100112915039,-1.485700011253357,-92.04566955566406,0,Going to 'eat test location' - Status: complete - Unknown
2025-05-29 11:41:39.967,6.474100112915039,-1.485700011253357,-92.04566955566406,0,Going to 'eat test location' - Status: complete - Unknown
2025-05-29 11:41:40.967,6.474100112915039,-1.485700011253357,-92.04566955566406,0,Going to 'eat test location' - Status: complete - Unknown
2025-05-29 11:41:41.967,6.474100112915039,-1.485700011253357,-92.04566955566406,0,Going to 'eat test location' - Status: complete - Unknown
2025-05-29 11:41:42.967,6.474100112915039,-1.485700011253357,-92.04566955566406,0,Going to 'eat test location' - Status: complete - Unknown
2025-05-29 11:41:43.967,6.474100112915039,-1.485700011253357,-92.04566955566406,0,Going to 'eat test location' - Status: complete - Unknown
2025-05-29 11:41:44.967,6.474100112915039,-1.485700011253357,-92.04566955566406,0,Going to 'eat test location' - Status: complete - Unknown
2025-05-29 11:41:45.966,6.474100112915039,-1.485700011253357,-92.04566955566406,0,Going to 'eat test location' - Status: complete - Unknown
2025-05-29 11:41:46.967,6.474100112915039,-1.485700011253357,-92.04566955566406,0,Going to 'eat test location' - Status: complete - Unknown
2025-05-29 11:41:47.967,6.474100112915039,-1.485700011253357,-92.04566955566406,0,Going to 'eat test location' - Status: complete - Unknown
2025-05-29 11:41:48.967,6.474100112915039,-1.485700011253357,-92.04566955566406,0,Going to 'eat test location' - Status: complete - Unknown
2025-05-29 11:41:49.967,6.474100112915039,-1.485700011253357,-92.04566955566406,0,Going to 'eat test location' - Status: complete - Unknown
2025-05-29 11:41:50.967,6.474100112915039,-1.485700011253357,-92.04566955566406,0,Going to 'eat test location' - Status: complete - Unknown
2025-05-29 11:41:51.967,6.474100112915039,-1.485700011253357,-92.04566955566406,0,Going to 'eat test location' - Status: complete - Unknown
2025-05-29 11:41:52.967,6.474100112915039,-1.485700011253357,-92.04566955566406,0,Going to 'eat test location' - Status: complete - Unknown
2025-05-29 11:41:53.966,6.474100112915039,-1.485700011253357,-92.04566955566406,0,Going to 'eat test location' - Status: complete - Unknown
2025-05-29 11:41:54.967,6.474100112915039,-1.485700011253357,-92.04566955566406,0,Going to 'eat test location' - Status: complete - Unknown
2025-05-29 11:41:55.967,6.474100112915039,-1.485700011253357,-92.04566955566406,0,Going to 'eat test location' - Status: complete - Unknown
2025-05-29 11:41:56.967,6.474100112915039,-1.485700011253357,-92.04566955566406,0,Going to 'eat test location' - Status: complete - Unknown
2025-05-29 11:41:57.967,6.474100112915039,-1.485700011253357,-92.04566955566406,0,Going to 'eat test location' - Status: complete - Unknown
2025-05-29 11:41:58.967,6.474100112915039,-1.485700011253357,-92.04566955566406,0,Going to 'eat test location' - Status: complete - Unknown
2025-05-29 11:41:59.967,6.474100112915039,-1.485700011253357,-92.04566955566406,0,Going to 'eat test location' - Status: complete - Unknown
2025-05-29 11:42:00.967,6.474100112915039,-1.485700011253357,-92.04566955566406,0,Going to 'eat test location' - Status: complete - Unknown
2025-05-29 11:42:01.967,6.474100112915039,-1.485700011253357,-92.04566955566406,0,Going to 'eat test location' - Status: complete - Unknown
2025-05-29 11:42:02.967,6.474100112915039,-1.485700011253357,-92.04566955566406,0,Going to 'eat test location' - Status: complete - Unknown
2025-05-29 11:42:03.967,6.474100112915039,-1.485700011253357,-92.04566955566406,0,Going to 'eat test location' - Status: complete - Unknown
2025-05-29 11:42:04.966,6.474100112915039,-1.485700011253357,-92.04566955566406,0,Going to 'eat test location' - Status: complete - Unknown
2025-05-29 11:42:05.967,6.474100112915039,-1.485700011253357,-92.04566955566406,0,Going to 'eat test location' - Status: complete - Unknown
2025-05-29 11:42:06.967,6.474100112915039,-1.485700011253357,-92.04566955566406,0,Going to 'eat test location' - Status: complete - Unknown
2025-05-29 11:42:07.967,6.474100112915039,-1.485700011253357,-92.04566955566406,0,Going to 'eat test location' - Status: complete - Unknown
2025-05-29 11:42:08.967,6.474100112915039,-1.485700011253357,-92.04566955566406,0,Going to 'eat test location' - Status: complete - Unknown
2025-05-29 11:42:09.967,6.474100112915039,-1.485700011253357,-92.04566955566406,0,Going to 'eat test location' - Status: complete - Unknown
2025-05-29 11:42:10.967,6.474100112915039,-1.485700011253357,-92.04566955566406,0,Going to 'eat test location' - Status: complete - Unknown
2025-05-29 11:42:11.967,6.474100112915039,-1.485700011253357,-92.04566955566406,0,Going to 'eat test location' - Status: complete - Unknown
2025-05-29 11:42:12.967,6.474100112915039,-1.485700011253357,-92.04566955566406,0,Going to 'eat test location' - Status: complete - Unknown
2025-05-29 11:42:13.967,6.474100112915039,-1.485700011253357,-92.04566955566406,0,Going to 'eat test location' - Status: complete - Unknown
2025-05-29 11:42:14.967,6.474100112915039,-1.485700011253357,-92.04566955566406,0,Going to 'eat test location' - Status: complete - Unknown
2025-05-29 11:42:15.966,6.474100112915039,-1.485700011253357,-92.04566955566406,0,Going to 'eat test location' - Status: complete - Unknown
2025-05-29 11:42:16.967,6.474100112915039,-1.485700011253357,-92.04566955566406,0,Going to 'eat test location' - Status: complete - Unknown
2025-05-29 11:42:17.967,6.474100112915039,-1.485700011253357,-92.04566955566406,0,Going to 'eat test location' - Status: complete - Unknown
2025-05-29 11:42:18.967,6.474100112915039,-1.485700011253357,-92.04566955566406,0,Going to 'eat test location' - Status: complete - Unknown
2025-05-29 11:42:19.967,6.474100112915039,-1.485700011253357,-92.04566955566406,0,Going to 'eat test location' - Status: complete - Unknown
2025-05-29 11:42:20.967,6.474100112915039,-1.485700011253357,-92.04566955566406,0,Going to 'eat test location' - Status: complete - Unknown
2025-05-29 11:42:21.967,6.474100112915039,-1.485700011253357,-92.04566955566406,0,Going to 'eat test location' - Status: complete - Unknown
2025-05-29 11:42:22.967,6.474100112915039,-1.485700011253357,-92.04566955566406,0,Going to 'eat test location' - Status: complete - Unknown
2025-05-29 11:42:23.967,6.474100112915039,-1.485700011253357,-92.04566955566406,0,Going to 'eat test location' - Status: complete - Unknown
2025-05-29 11:42:24.967,6.474100112915039,-1.485700011253357,-92.04566955566406,0,Going to 'eat test location' - Status: complete - Unknown
2025-05-29 11:42:25.967,6.474100112915039,-1.485700011253357,-92.04566955566406,0,Going to 'eat test location' - Status: complete - Unknown
2025-05-29 11:42:26.967,6.474100112915039,-1.485700011253357,-92.04566955566406,0,Going to 'eat test location' - Status: complete - Unknown
2025-05-29 11:42:27.967,6.474100112915039,-1.485700011253357,-92.04566955566406,0,Going to 'eat test location' - Status: complete - Unknown
2025-05-29 11:42:28.967,6.474100112915039,-1.485700011253357,-92.04566955566406,0,Going to 'eat test location' - Status: complete - Unknown
2025-05-29 11:42:29.967,6.474100112915039,-1.485700011253357,-92.04566955566406,0,Going to 'eat test location' - Status: complete - Unknown
2025-05-29 11:42:30.966,6.474100112915039,-1.485700011253357,-92.04566955566406,0,Going to 'eat test location' - Status: complete - Unknown
2025-05-29 11:42:31.967,6.474100112915039,-1.485700011253357,-92.04566955566406,0,Going to 'eat test location' - Status: complete - Unknown
2025-05-29 11:42:32.967,6.474100112915039,-1.485700011253357,-92.04566955566406,0,Going to 'eat test location' - Status: complete - Unknown
2025-05-29 11:42:33.967,6.474100112915039,-1.485700011253357,-92.04566955566406,0,Going to 'eat test location' - Status: complete - Unknown
2025-05-29 11:42:34.966,6.474100112915039,-1.485700011253357,-92.04566955566406,0,Going to 'eat test location' - Status: complete - Unknown
2025-05-29 11:42:35.967,6.474100112915039,-1.485700011253357,-92.04566955566406,0,Going to 'eat test location' - Status: complete - Unknown
2025-05-29 11:42:36.967,6.474100112915039,-1.485700011253357,-92.04566955566406,0,Going to 'eat test location' - Status: complete - Unknown
2025-05-29 11:42:37.967,6.474100112915039,-1.485700011253357,-92.04566955566406,0,Going to 'eat test location' - Status: complete - Unknown
2025-05-29 11:42:38.967,6.474100112915039,-1.485700011253357,-92.04566955566406,0,Going to 'eat test location' - Status: complete - Unknown
2025-05-29 11:42:39.967,6.474100112915039,-1.485700011253357,-92.04566955566406,0,Going to 'eat test location' - Status: complete - Unknown
2025-05-29 11:42:40.967,6.474100112915039,-1.485700011253357,-92.04566955566406,0,Going to 'eat test location' - Status: complete - Unknown
2025-05-29 11:42:41.967,6.474100112915039,-1.485700011253357,-92.04566955566406,0,Going to 'eat test location' - Status: complete - Unknown
2025-05-29 11:42:42.967,6.474100112915039,-1.485700011253357,-92.04566955566406,0,Going to 'eat test location' - Status: complete - Unknown
2025-05-29 11:42:43.967,6.474100112915039,-1.485700011253357,-92.04566955566406,0,Going to 'eat test location' - Status: complete - Unknown
2025-05-29 11:42:44.968,6.474100112915039,-1.485700011253357,-92.04566955566406,0,Going to 'eat test location' - Status: complete - Unknown
2025-05-29 11:42:45.967,6.474100112915039,-1.485700011253357,-92.04566955566406,0,Going to 'eat test location' - Status: complete - Unknown
2025-05-29 11:42:46.967,6.474100112915039,-1.485700011253357,-92.04566955566406,0,Going to 'eat test location' - Status: complete - Unknown
2025-05-29 11:42:47.967,6.474100112915039,-1.485700011253357,-92.04566955566406,0,Going to 'eat test location' - Status: complete - Unknown
2025-05-29 11:42:48.967,6.474100112915039,-1.485700011253357,-92.04566955566406,0,Going to 'eat test location' - Status: complete - Unknown
2025-05-29 11:42:49.967,6.474100112915039,-1.485700011253357,-92.04566955566406,0,Going to 'eat test location' - Status: complete - Unknown
2025-05-29 11:42:50.967,6.474100112915039,-1.485700011253357,-92.04566955566406,0,Going to 'eat test location' - Status: complete - Unknown
2025-05-29 11:42:51.967,6.474100112915039,-1.485700011253357,-92.04566955566406,0,Going to 'eat test location' - Status: complete - Unknown
2025-05-29 11:42:52.967,6.474100112915039,-1.485700011253357,-92.04566955566406,0,Going to 'eat test location' - Status: complete - Unknown
2025-05-29 11:42:53.966,6.474100112915039,-1.485700011253357,-92.04566955566406,0,Going to 'eat test location' - Status: complete - Unknown
2025-05-29 11:42:54.967,6.474100112915039,-1.485700011253357,-92.04566955566406,0,Going to 'eat test location' - Status: complete - Unknown
2025-05-29 11:42:55.966,6.474100112915039,-1.485700011253357,-92.04566955566406,0,Going to 'eat test location' - Status: complete - Unknown
2025-05-29 11:42:56.967,6.474100112915039,-1.485700011253357,-92.04566955566406,0,Going to 'eat test location' - Status: complete - Unknown
2025-05-29 11:42:57.967,6.474100112915039,-1.485700011253357,-92.04566955566406,0,Going to 'eat test location' - Status: complete - Unknown
2025-05-29 11:42:58.967,6.474100112915039,-1.485700011253357,-92.04566955566406,0,Going to 'eat test location' - Status: complete - Unknown
2025-05-29 11:42:59.967,6.474100112915039,-1.485700011253357,-92.04566955566406,0,Going to 'eat test location' - Status: complete - Unknown
2025-05-29 11:43:00.966,6.474100112915039,-1.485700011253357,-92.04566955566406,0,Going to 'eat test location' - Status: complete - Unknown
2025-05-29 11:43:01.967,6.474100112915039,-1.485700011253357,-92.04566955566406,0,Going to 'eat test location' - Status: complete - Unknown
2025-05-29 11:43:02.967,6.474100112915039,-1.485700011253357,-92.04566955566406,0,Going to 'eat test location' - Status: complete - Unknown
2025-05-29 11:43:03.967,6.474100112915039,-1.485700011253357,-92.04566955566406,0,Going to 'eat test location' - Status: complete - Unknown
2025-05-29 11:43:04.967,6.474100112915039,-1.485700011253357,-92.04566955566406,0,Going to 'eat test location' - Status: complete - Unknown
2025-05-29 11:43:05.967,6.474100112915039,-1.485700011253357,-92.04566955566406,0,Going to 'eat test location' - Status: complete - Unknown
2025-05-29 11:43:06.967,6.474100112915039,-1.485700011253357,-92.04566955566406,0,Going to 'eat test location' - Status: complete - Unknown
2025-05-29 11:43:07.967,6.474100112915039,-1.485700011253357,-92.04566955566406,0,Going to 'eat test location' - Status: complete - Unknown
2025-05-29 11:43:08.967,6.474100112915039,-1.485700011253357,-92.04566955566406,0,Going to 'eat test location' - Status: complete - Unknown
2025-05-29 11:43:09.967,6.474100112915039,-1.485700011253357,-92.04566955566406,0,Going to 'eat test location' - Status: complete - Unknown
2025-05-29 11:43:10.967,6.474100112915039,-1.485700011253357,-92.04566955566406,0,Going to 'eat test location' - Status: complete - Unknown
2025-05-29 11:43:11.967,6.474100112915039,-1.485700011253357,-92.04566955566406,0,Going to 'eat test location' - Status: complete - Unknown
2025-05-29 11:43:12.967,6.474100112915039,-1.485700011253357,-92.04566955566406,0,Going to 'eat test location' - Status: complete - Unknown
2025-05-29 11:43:13.967,6.474100112915039,-1.485700011253357,-92.04566955566406,0,Going to 'eat test location' - Status: complete - Unknown
2025-05-29 11:43:14.967,6.474100112915039,-1.485700011253357,-92.04566955566406,0,Going to 'eat test location' - Status: complete - Unknown
2025-05-29 11:43:15.966,6.474100112915039,-1.485700011253357,-92.04566955566406,0,Going to 'eat test location' - Status: complete - Unknown
2025-05-29 11:43:16.967,6.474100112915039,-1.485700011253357,-92.04566955566406,0,Going to 'eat test location' - Status: complete - Unknown
2025-05-29 11:43:17.967,6.474100112915039,-1.485700011253357,-92.04566955566406,0,Going to 'eat test location' - Status: complete - Unknown
2025-05-29 11:43:18.967,6.474100112915039,-1.485700011253357,-92.04566955566406,0,Going to 'eat test location' - Status: complete - Unknown
2025-05-29 11:43:19.967,6.474100112915039,-1.485700011253357,-92.04566955566406,0,Going to 'eat test location' - Status: complete - Unknown
2025-05-29 11:43:20.967,6.474100112915039,-1.485700011253357,-92.04566955566406,0,Going to 'eat test location' - Status: complete - Unknown
2025-05-29 11:43:21.967,6.474100112915039,-1.485700011253357,-92.04566955566406,0,Going to 'eat test location' - Status: complete - Unknown
2025-05-29 11:43:22.967,6.474100112915039,-1.485700011253357,-92.04566955566406,0,Going to 'eat test location' - Status: complete - Unknown
2025-05-29 11:43:23.967,6.474100112915039,-1.485700011253357,-92.04566955566406,0,Going to 'eat test location' - Status: complete - Unknown
2025-05-29 11:43:24.967,6.474100112915039,-1.485700011253357,-92.04566955566406,0,Going to 'eat test location' - Status: complete - Unknown
2025-05-29 11:43:25.967,6.474100112915039,-1.485700011253357,-92.04566955566406,0,Going to 'eat test location' - Status: complete - Unknown
2025-05-29 11:43:26.967,6.474100112915039,-1.485700011253357,-92.04566955566406,0,Going to 'eat test location' - Status: complete - Unknown
2025-05-29 11:43:27.967,6.474100112915039,-1.485700011253357,-92.04566955566406,0,Going to 'eat test location' - Status: complete - Unknown
2025-05-29 11:43:28.967,6.474100112915039,-1.485700011253357,-92.04566955566406,0,Going to 'eat test location' - Status: complete - Unknown
2025-05-29 11:43:29.967,6.474100112915039,-1.485700011253357,-92.04566955566406,0,Going to 'eat test location' - Status: complete - Unknown
2025-05-29 11:43:30.966,6.474100112915039,-1.485700011253357,-92.04566955566406,0,Going to 'eat test location' - Status: complete - Unknown
2025-05-29 11:43:31.967,6.474100112915039,-1.485700011253357,-92.04566955566406,0,Going to 'eat test location' - Status: complete - Unknown
2025-05-29 11:43:32.967,6.474100112915039,-1.485700011253357,-92.04566955566406,0,Going to 'eat test location' - Status: complete - Unknown
2025-05-29 11:43:33.967,6.474100112915039,-1.485700011253357,-92.04566955566406,0,Going to 'eat test location' - Status: complete - Unknown
2025-05-29 11:43:34.967,6.474100112915039,-1.485700011253357,-92.04566955566406,0,Going to 'eat test location' - Status: complete - Unknown
2025-05-29 11:43:35.967,6.474100112915039,-1.485700011253357,-92.04566955566406,0,Going to 'eat test location' - Status: complete - Unknown
2025-05-29 11:43:36.967,6.474100112915039,-1.485700011253357,-92.04566955566406,0,Going to 'eat test location' - Status: complete - Unknown
2025-05-29 11:43:37.967,6.474100112915039,-1.485700011253357,-92.04566955566406,0,Going to 'eat test location' - Status: complete - Unknown
2025-05-29 11:43:38.966,6.474100112915039,-1.485700011253357,-92.04566955566406,0,Going to 'eat test location' - Status: complete - Unknown
2025-05-29 11:43:39.966,6.474100112915039,-1.485700011253357,-92.04566955566406,0,Going to 'eat test location' - Status: complete - Unknown
2025-05-29 11:43:40.966,6.474100112915039,-1.485700011253357,-92.04566955566406,0,Going to 'eat test location' - Status: complete - Unknown
2025-05-29 11:43:41.967,6.474100112915039,-1.485700011253357,-92.04566955566406,0,Going to 'eat test location' - Status: complete - Unknown
2025-05-29 11:43:42.967,6.474100112915039,-1.485700011253357,-92.04566955566406,0,Going to 'eat test location' - Status: complete - Unknown
2025-05-29 11:43:43.967,6.474100112915039,-1.485700011253357,-92.04566955566406,0,Going to 'eat test location' - Status: complete - Unknown
2025-05-29 11:43:44.967,6.474100112915039,-1.485700011253357,-92.04566955566406,0,Going to 'eat test location' - Status: complete - Unknown
2025-05-29 11:43:45.966,6.474100112915039,-1.485700011253357,-92.04566955566406,0,Going to 'eat test location' - Status: complete - Unknown
2025-05-29 11:43:46.967,6.474100112915039,-1.485700011253357,-92.04566955566406,0,Going to 'eat test location' - Status: complete - Unknown
2025-05-29 11:43:47.967,6.474100112915039,-1.485700011253357,-92.04566955566406,0,Going to 'eat test location' - Status: complete - Unknown
2025-05-29 11:43:48.967,6.474100112915039,-1.485700011253357,-92.04566955566406,0,Going to 'eat test location' - Status: complete - Unknown
2025-05-29 11:43:49.967,6.474100112915039,-1.485700011253357,-92.04566955566406,0,Going to 'eat test location' - Status: complete - Unknown
2025-05-29 11:43:50.967,6.474100112915039,-1.485700011253357,-92.04566955566406,0,Going to 'eat test location' - Status: complete - Unknown
2025-05-29 11:43:51.967,6.474100112915039,-1.485700011253357,-92.04566955566406,0,Going to 'eat test location' - Status: complete - Unknown
2025-05-29 11:43:52.967,6.474100112915039,-1.485700011253357,-92.04566955566406,0,Going to 'eat test location' - Status: complete - Unknown
2025-05-29 11:43:53.966,6.474100112915039,-1.485700011253357,-92.04566955566406,0,Going to 'eat test location' - Status: complete - Unknown
2025-05-29 11:43:54.966,6.474100112915039,-1.485700011253357,-92.04566955566406,0,Going to 'eat test location' - Status: complete - Unknown
2025-05-29 11:43:55.967,6.474100112915039,-1.485700011253357,-92.04566955566406,0,Going to 'eat test location' - Status: complete - Unknown
2025-05-29 11:43:56.967,6.474100112915039,-1.485700011253357,-92.04566955566406,0,Going to 'eat test location' - Status: complete - Unknown
2025-05-29 11:43:57.967,6.474100112915039,-1.485700011253357,-92.04566955566406,0,Going to 'eat test location' - Status: complete - Unknown
2025-05-29 11:43:58.967,6.474100112915039,-1.485700011253357,-92.04566955566406,0,Going to 'eat test location' - Status: complete - Unknown
2025-05-29 11:43:59.967,6.474100112915039,-1.485700011253357,-92.04566955566406,0,Going to 'eat test location' - Status: complete - Unknown
2025-05-29 11:44:00.966,6.474100112915039,-1.485700011253357,-92.04566955566406,0,Going to 'eat test location' - Status: complete - Unknown
2025-05-29 11:44:01.967,6.474100112915039,-1.485700011253357,-92.04566955566406,0,Going to 'eat test location' - Status: complete - Unknown
2025-05-29 11:44:02.967,6.474100112915039,-1.485700011253357,-92.04566955566406,0,Going to 'eat test location' - Status: complete - Unknown
2025-05-29 11:44:03.967,6.474100112915039,-1.485700011253357,-92.04566955566406,0,Going to 'eat test location' - Status: complete - Unknown
2025-05-29 11:44:04.967,6.474100112915039,-1.485700011253357,-92.04566955566406,0,Going to 'eat test location' - Status: complete - Unknown
2025-05-29 11:44:05.967,6.474100112915039,-1.485700011253357,-92.04566955566406,0,Going to 'eat test location' - Status: complete - Unknown
2025-05-29 11:44:06.967,6.474100112915039,-1.485700011253357,-92.04566955566406,0,Going to 'eat test location' - Status: complete - Unknown
2025-05-29 11:44:07.967,6.474100112915039,-1.485700011253357,-92.04566955566406,0,Going to 'eat test location' - Status: complete - Unknown
2025-05-29 11:44:08.967,6.474100112915039,-1.485700011253357,-92.04566955566406,0,Going to 'eat test location' - Status: complete - Unknown
2025-05-29 11:44:09.967,6.474100112915039,-1.485700011253357,-92.04566955566406,0,Going to 'eat test location' - Status: complete - Unknown
2025-05-29 11:44:10.967,6.474100112915039,-1.485700011253357,-92.04566955566406,0,Going to 'eat test location' - Status: complete - Unknown
2025-05-29 11:44:11.967,6.474100112915039,-1.485700011253357,-92.04566955566406,0,Going to 'eat test location' - Status: complete - Unknown
2025-05-29 11:44:12.967,6.474100112915039,-1.485700011253357,-92.04566955566406,0,Going to 'eat test location' - Status: complete - Unknown
2025-05-29 11:44:13.967,6.474100112915039,-1.485700011253357,-92.04566955566406,0,Going to 'eat test location' - Status: complete - Unknown
2025-05-29 11:44:14.967,6.474100112915039,-1.485700011253357,-92.04566955566406,0,Going to 'eat test location' - Status: complete - Unknown
2025-05-29 11:44:15.967,6.474100112915039,-1.485700011253357,-92.04566955566406,0,Going to 'eat test location' - Status: complete - Unknown
2025-05-29 11:44:16.967,6.474100112915039,-1.485700011253357,-92.04566955566406,0,Going to 'eat test location' - Status: complete - Unknown
2025-05-29 11:44:17.967,6.474100112915039,-1.485700011253357,-92.04566955566406,0,Going to 'eat test location' - Status: complete - Unknown
2025-05-29 11:44:18.967,6.474100112915039,-1.485700011253357,-92.04566955566406,0,Going to 'eat test location' - Status: complete - Unknown
2025-05-29 11:44:19.967,6.474100112915039,-1.485700011253357,-92.04566955566406,0,Going to 'eat test location' - Status: complete - Unknown
2025-05-29 11:44:20.967,6.474100112915039,-1.485700011253357,-92.04566955566406,0,Going to 'eat test location' - Status: complete - Unknown
2025-05-29 11:44:21.967,6.474100112915039,-1.485700011253357,-92.04566955566406,0,Going to 'eat test location' - Status: complete - Unknown
2025-05-29 11:44:22.967,6.474100112915039,-1.485700011253357,-92.04566955566406,0,Going to 'eat test location' - Status: complete - Unknown
2025-05-29 11:44:23.967,6.474100112915039,-1.485700011253357,-92.04566955566406,0,Going to 'eat test location' - Status: complete - Unknown
2025-05-29 11:44:24.967,6.474100112915039,-1.485700011253357,-92.04566955566406,0,Going to 'eat test location' - Status: complete - Unknown
2025-05-29 11:44:25.967,6.474100112915039,-1.485700011253357,-92.04566955566406,0,Going to 'eat test location' - Status: complete - Unknown
2025-05-29 11:44:26.966,6.474100112915039,-1.485700011253357,-92.04566955566406,0,Going to 'eat test location' - Status: complete - Unknown
2025-05-29 11:44:28.007,6.474100112915039,-1.485700011253357,-92.04566955566406,0,Going to 'eat test location' - Status: complete - Unknown
2025-05-29 11:44:29.000,6.474100112915039,-1.485700011253357,-92.04566955566406,0,Going to 'eat test location' - Status: complete - Unknown
2025-05-29 11:44:30.001,6.474100112915039,-1.485700011253357,-92.04566955566406,0,Going to 'eat test location' - Status: complete - Unknown
2025-05-29 11:44:31.006,6.474100112915039,-1.485700011253357,-92.04566955566406,0,Going to 'eat test location' - Status: complete - Unknown
2025-05-29 11:44:31.999,6.474100112915039,-1.485700011253357,-92.04566955566406,0,Going to 'eat test location' - Status: complete - Unknown
2025-05-29 11:44:33.007,6.474100112915039,-1.485700011253357,-92.04566955566406,0,Going to 'eat test location' - Status: complete - Unknown
2025-05-29 11:44:34.007,6.474100112915039,-1.485700011253357,-92.04566955566406,0,Going to 'eat test location' - Status: complete - Unknown
2025-05-29 11:44:34.999,6.474100112915039,-1.485700011253357,-92.04566955566406,0,Going to 'eat test location' - Status: complete - Unknown
2025-05-29 11:44:36.007,6.474100112915039,-1.485700011253357,-92.04566955566406,0,Going to 'eat test location' - Status: complete - Unknown
2025-05-29 11:44:37.007,6.474100112915039,-1.485700011253357,-92.04566955566406,0,Going to 'eat test location' - Status: complete - Unknown
2025-05-29 11:44:37.999,6.474100112915039,-1.485700011253357,-92.04566955566406,0,Going to 'eat test location' - Status: complete - Unknown
2025-05-29 11:44:39.006,6.474100112915039,-1.485700011253357,-92.04566955566406,0,Going to 'eat test location' - Status: complete - Unknown
2025-05-29 11:44:40.006,6.474100112915039,-1.485700011253357,-92.04566955566406,0,Going to 'eat test location' - Status: complete - Unknown
2025-05-29 11:44:41.000,6.474100112915039,-1.485700011253357,-92.04566955566406,0,Going to 'eat test location' - Status: complete - Unknown
2025-05-29 11:44:42.007,6.474100112915039,-1.485700011253357,-92.04566955566406,0,Going to 'eat test location' - Status: complete - Unknown
2025-05-29 11:44:43.007,6.474100112915039,-1.485700011253357,-92.04566955566406,0,Going to 'eat test location' - Status: complete - Unknown
2025-05-29 11:44:44.006,6.474100112915039,-1.485700011253357,-92.04566955566406,0,Going to 'eat test location' - Status: complete - Unknown
2025-05-29 11:44:45.007,6.474100112915039,-1.485700011253357,-92.04566955566406,0,Going to 'eat test location' - Status: complete - Unknown
2025-05-29 11:44:46.006,6.474100112915039,-1.485700011253357,-92.04566955566406,0,Going to 'eat test location' - Status: complete - Unknown
2025-05-29 11:44:47.007,6.474100112915039,-1.485700011253357,-92.04566955566406,0,Going to 'eat test location' - Status: complete - Unknown
2025-05-29 11:44:48.007,6.474100112915039,-1.485700011253357,-92.04566955566406,0,Going to 'eat test location' - Status: complete - Unknown
2025-05-29 11:44:49.007,6.474100112915039,-1.485700011253357,-92.04566955566406,0,Going to 'eat test location' - Status: complete - Unknown
2025-05-29 11:44:50.007,6.474100112915039,-1.485700011253357,-92.04566955566406,0,Going to 'eat test location' - Status: complete - Unknown
2025-05-29 11:44:51.001,6.474100112915039,-1.485700011253357,-92.04566955566406,0,Going to 'eat test location' - Status: complete - Unknown
2025-05-29 11:44:51.990,6.474100112915039,-1.485700011253357,-92.04566955566406,0,Going to 'eat test location' - Status: complete - Unknown
2025-05-29 11:44:53.007,6.474100112915039,-1.485700011253357,-92.04566955566406,0,Going to 'eat test location' - Status: complete - Unknown
2025-05-29 11:44:53.999,6.474100112915039,-1.485700011253357,-92.04566955566406,0,Going to 'eat test location' - Status: complete - Unknown
2025-05-29 11:44:55.007,6.474100112915039,-1.485700011253357,-92.04566955566406,0,Going to 'eat test location' - Status: complete - Unknown
2025-05-29 11:44:56.007,6.474100112915039,-1.485700011253357,-92.04566955566406,0,Going to 'eat test location' - Status: complete - Unknown
2025-05-29 11:44:57.007,6.474100112915039,-1.485700011253357,-92.04566955566406,0,Going to 'eat test location' - Status: complete - Unknown
2025-05-29 11:44:58.007,6.474100112915039,-1.485700011253357,-92.04566955566406,0,Going to 'eat test location' - Status: complete - Unknown
2025-05-29 11:44:59.007,6.474100112915039,-1.485700011253357,-92.04566955566406,0,Going to 'eat test location' - Status: complete - Unknown
2025-05-29 11:45:00.007,6.474100112915039,-1.485700011253357,-92.04566955566406,0,Going to 'eat test location' - Status: complete - Unknown
2025-05-29 11:45:01.006,6.474100112915039,-1.485700011253357,-92.04566955566406,0,Going to 'eat test location' - Status: complete - Unknown
2025-05-29 11:45:02.007,6.474100112915039,-1.485700011253357,-92.04566955566406,0,Going to 'eat test location' - Status: complete - Unknown
2025-05-29 11:45:03.007,6.474100112915039,-1.485700011253357,-92.04566955566406,0,Going to 'eat test location' - Status: complete - Unknown
2025-05-29 11:45:04.007,6.474100112915039,-1.485700011253357,-92.04566955566406,0,Going to 'eat test location' - Status: complete - Unknown
2025-05-29 11:45:05.007,6.474100112915039,-1.485700011253357,-92.04566955566406,0,Going to 'eat test location' - Status: complete - Unknown
2025-05-29 11:45:06.000,6.474100112915039,-1.485700011253357,-92.04566955566406,0,Going to 'eat test location' - Status: complete - Unknown
2025-05-29 11:45:07.007,6.474100112915039,-1.485700011253357,-92.04566955566406,0,Going to 'eat test location' - Status: complete - Unknown
2025-05-29 11:45:08.007,6.474100112915039,-1.485700011253357,-92.04566955566406,0,Going to 'eat test location' - Status: complete - Unknown
2025-05-29 11:45:09.007,6.474100112915039,-1.485700011253357,-92.04566955566406,0,Going to 'eat test location' - Status: complete - Unknown
2025-05-29 11:45:10.007,6.474100112915039,-1.485700011253357,-92.04566955566406,0,Going to 'eat test location' - Status: complete - Unknown
2025-05-29 11:45:10.999,6.474100112915039,-1.485700011253357,-92.04566955566406,0,Going to 'eat test location' - Status: complete - Unknown
2025-05-29 11:45:11.997,6.474100112915039,-1.485700011253357,-92.04566955566406,0,Going to 'eat test location' - Status: complete - Unknown
2025-05-29 11:45:13.007,6.474100112915039,-1.485700011253357,-92.04566955566406,0,Going to 'eat test location' - Status: complete - Unknown
2025-05-29 11:45:14.007,6.474100112915039,-1.485700011253357,-92.04566955566406,0,Going to 'eat test location' - Status: complete - Unknown
2025-05-29 11:45:15.007,6.474100112915039,-1.485700011253357,-92.04566955566406,0,Going to 'eat test location' - Status: complete - Unknown
2025-05-29 11:45:16.007,6.474100112915039,-1.485700011253357,-92.04566955566406,0,Going to 'eat test location' - Status: complete - Unknown
2025-05-29 11:45:17.007,6.474100112915039,-1.485700011253357,-92.04566955566406,0,Going to 'eat test location' - Status: complete - Unknown
2025-05-29 11:45:18.007,6.474100112915039,-1.485700011253357,-92.04566955566406,0,Going to 'eat test location' - Status: complete - Unknown
2025-05-29 11:45:19.007,6.474100112915039,-1.485700011253357,-92.04566955566406,0,Going to 'eat test location' - Status: complete - Unknown
2025-05-29 11:45:19.999,6.474100112915039,-1.485700011253357,-92.04566955566406,0,Going to 'eat test location' - Status: complete - Unknown
2025-05-29 11:45:21.007,6.474100112915039,-1.485700011253357,-92.04566955566406,0,Going to 'eat test location' - Status: complete - Unknown
2025-05-29 11:45:22.007,6.474100112915039,-1.485700011253357,-92.04566955566406,0,Going to 'eat test location' - Status: complete - Unknown
2025-05-29 11:45:23.007,6.474100112915039,-1.485700011253357,-92.04566955566406,0,Going to 'eat test location' - Status: complete - Unknown
2025-05-29 11:45:23.997,6.474100112915039,-1.485700011253357,-92.04566955566406,0,Going to 'eat test location' - Status: complete - Unknown
2025-05-29 11:45:24.968,6.474100112915039,-1.485700011253357,-92.04566955566406,0,Going to 'eat test location' - Status: complete - Unknown
2025-05-29 11:45:26.006,6.474100112915039,-1.485700011253357,-92.04566955566406,0,Going to 'eat test location' - Status: complete - Unknown
2025-05-29 11:45:27.007,6.474100112915039,-1.485700011253357,-92.04566955566406,0,Going to 'eat test location' - Status: complete - Unknown
2025-05-29 11:45:28.007,6.474100112915039,-1.485700011253357,-92.04566955566406,0,Going to 'eat test location' - Status: complete - Unknown
2025-05-29 11:45:29.007,6.474100112915039,-1.485700011253357,-92.04566955566406,0,Going to 'eat test location' - Status: complete - Unknown
2025-05-29 11:45:30.007,6.474100112915039,-1.485700011253357,-92.04566955566406,0,Going to 'eat test location' - Status: complete - Unknown
2025-05-29 11:45:30.980,6.474100112915039,-1.485700011253357,-92.04566955566406,0,Going to 'eat test location' - Status: complete - Unknown
2025-05-29 11:45:32.007,6.474100112915039,-1.485700011253357,-92.04566955566406,0,Going to 'eat test location' - Status: complete - Unknown
2025-05-29 11:45:33.007,6.474100112915039,-1.485700011253357,-92.04566955566406,0,Going to 'eat test location' - Status: complete - Unknown
2025-05-29 11:45:34.007,6.474100112915039,-1.485700011253357,-92.04566955566406,0,Going to 'eat test location' - Status: complete - Unknown
2025-05-29 11:45:35.007,6.474100112915039,-1.485700011253357,-92.04566955566406,0,Going to 'eat test location' - Status: complete - Unknown
2025-05-29 11:45:36.007,6.474100112915039,-1.485700011253357,-92.04566955566406,0,Going to 'eat test location' - Status: complete - Unknown
2025-05-29 11:45:37.007,6.474100112915039,-1.485700011253357,-92.04566955566406,0,Going to 'eat test location' - Status: complete - Unknown
2025-05-29 11:45:37.999,6.474100112915039,-1.485700011253357,-92.04566955566406,0,Going to 'eat test location' - Status: complete - Unknown
2025-05-29 11:45:38.968,6.474100112915039,-1.485700011253357,-92.04566955566406,0,Going to 'eat test location' - Status: complete - Unknown
2025-05-29 11:45:40.000,6.474100112915039,-1.485700011253357,-92.04566955566406,0,Going to 'eat test location' - Status: complete - Unknown
2025-05-29 11:45:40.999,6.474100112915039,-1.485700011253357,-92.04566955566406,0,Going to 'eat test location' - Status: complete - Unknown
2025-05-29 11:45:42.002,6.474100112915039,-1.485700011253357,-92.04566955566406,0,Going to 'eat test location' - Status: complete - Unknown
2025-05-29 11:45:43.007,6.474100112915039,-1.485700011253357,-92.04566955566406,0,Going to 'eat test location' - Status: complete - Unknown
2025-05-29 11:45:44.003,6.474100112915039,-1.485700011253357,-92.04566955566406,0,Going to 'eat test location' - Status: complete - Unknown
2025-05-29 11:45:45.007,6.474100112915039,-1.485700011253357,-92.04566955566406,0,Going to 'eat test location' - Status: complete - Unknown
2025-05-29 11:45:46.006,6.474100112915039,-1.485700011253357,-92.04566955566406,0,Going to 'eat test location' - Status: complete - Unknown
2025-05-29 11:45:46.999,6.474100112915039,-1.485700011253357,-92.04566955566406,0,Going to 'eat test location' - Status: complete - Unknown
2025-05-29 11:45:47.972,6.474100112915039,-1.485700011253357,-92.04566955566406,0,Going to 'eat test location' - Status: complete - Unknown
2025-05-29 11:45:49.004,6.474100112915039,-1.485700011253357,-92.04566955566406,0,Going to 'eat test location' - Status: complete - Unknown
2025-05-29 11:45:49.974,6.474100112915039,-1.485700011253357,-92.04566955566406,0,Going to 'eat test location' - Status: complete - Unknown
2025-05-29 11:45:50.973,6.474100112915039,-1.485700011253357,-92.04566955566406,0,Going to 'eat test location' - Status: complete - Unknown
2025-05-29 11:45:51.999,6.474100112915039,-1.485700011253357,-92.04566955566406,0,Going to 'eat test location' - Status: complete - Unknown
2025-05-29 11:45:53.007,6.474100112915039,-1.485700011253357,-92.04566955566406,0,Going to 'eat test location' - Status: complete - Unknown
2025-05-29 11:45:54.006,6.474100112915039,-1.485700011253357,-92.04566955566406,0,Going to 'eat test location' - Status: complete - Unknown
2025-05-29 11:45:55.007,6.474100112915039,-1.485700011253357,-92.04566955566406,0,Going to 'eat test location' - Status: complete - Unknown
2025-05-29 11:45:56.007,6.474100112915039,-1.485700011253357,-92.04566955566406,0,Going to 'eat test location' - Status: complete - Unknown
2025-05-29 11:45:57.007,6.474100112915039,-1.485700011253357,-92.04566955566406,0,Going to 'eat test location' - Status: complete - Unknown
2025-05-29 11:45:58.007,6.474100112915039,-1.485700011253357,-92.04566955566406,0,Going to 'eat test location' - Status: complete - Unknown
2025-05-29 11:45:59.007,6.474100112915039,-1.485700011253357,-92.04566955566406,0,Going to 'eat test location' - Status: complete - Unknown
2025-05-29 11:46:00.007,6.474100112915039,-1.485700011253357,-92.04566955566406,0,Going to 'eat test location' - Status: complete - Unknown
2025-05-29 11:46:01.007,6.474100112915039,-1.485700011253357,-92.04566955566406,0,Going to 'eat test location' - Status: complete - Unknown
2025-05-29 11:46:02.007,6.474100112915039,-1.485700011253357,-92.04566955566406,0,Going to 'eat test location' - Status: complete - Unknown
2025-05-29 11:46:03.007,6.474100112915039,-1.485700011253357,-92.04566955566406,0,Going to 'eat test location' - Status: complete - Unknown
2025-05-29 11:46:04.007,6.474100112915039,-1.485700011253357,-92.04566955566406,0,Going to 'eat test location' - Status: complete - Unknown
2025-05-29 11:46:04.986,6.474100112915039,-1.485700011253357,-92.04566955566406,0,Going to 'eat test location' - Status: complete - Unknown
2025-05-29 11:46:05.988,6.474100112915039,-1.485700011253357,-92.04566955566406,0,Going to 'eat test location' - Status: complete - Unknown
2025-05-29 11:46:06.999,6.474100112915039,-1.485700011253357,-92.04566955566406,0,Going to 'eat test location' - Status: complete - Unknown
2025-05-29 11:46:07.992,6.474100112915039,-1.485700011253357,-92.04566955566406,0,Going to 'eat test location' - Status: complete - Unknown
2025-05-29 11:46:08.990,6.474100112915039,-1.485700011253357,-92.04566955566406,0,Going to 'eat test location' - Status: complete - Unknown
2025-05-29 11:46:10.007,6.474100112915039,-1.485700011253357,-92.04566955566406,0,Going to 'eat test location' - Status: complete - Unknown
2025-05-29 11:46:10.996,6.474100112915039,-1.485700011253357,-92.04566955566406,0,Going to 'eat test location' - Status: complete - Unknown
2025-05-29 11:46:12.007,6.474100112915039,-1.485700011253357,-92.04566955566406,0,Going to 'eat test location' - Status: complete - Unknown
2025-05-29 11:46:13.007,6.474100112915039,-1.485700011253357,-92.04566955566406,0,Going to 'eat test location' - Status: complete - Unknown
2025-05-29 11:46:14.007,6.474100112915039,-1.485700011253357,-92.04566955566406,0,Going to 'eat test location' - Status: complete - Unknown
2025-05-29 11:46:15.007,6.474100112915039,-1.485700011253357,-92.04566955566406,0,Going to 'eat test location' - Status: complete - Unknown
2025-05-29 11:46:16.006,6.474100112915039,-1.485700011253357,-92.04566955566406,0,Going to 'eat test location' - Status: complete - Unknown
2025-05-29 11:46:17.007,6.474100112915039,-1.485700011253357,-92.04566955566406,0,Going to 'eat test location' - Status: complete - Unknown
2025-05-29 11:46:18.007,6.474100112915039,-1.485700011253357,-92.04566955566406,0,Going to 'eat test location' - Status: complete - Unknown
2025-05-29 11:46:19.006,6.474100112915039,-1.485700011253357,-92.04566955566406,0,Going to 'eat test location' - Status: complete - Unknown
2025-05-29 11:46:20.007,6.474100112915039,-1.485700011253357,-92.04566955566406,0,Going to 'eat test location' - Status: complete - Unknown
2025-05-29 11:46:21.007,6.474100112915039,-1.485700011253357,-92.04566955566406,0,Going to 'eat test location' - Status: complete - Unknown
2025-05-29 11:46:22.007,6.474100112915039,-1.485700011253357,-92.04566955566406,0,Going to 'eat test location' - Status: complete - Unknown
2025-05-29 11:46:23.007,6.474100112915039,-1.485700011253357,-92.04566955566406,0,Going to 'eat test location' - Status: complete - Unknown
2025-05-29 11:46:24.007,6.474100112915039,-1.485700011253357,-92.04566955566406,0,Going to 'eat test location' - Status: complete - Unknown
2025-05-29 11:46:25.007,6.474100112915039,-1.485700011253357,-92.04566955566406,0,Going to 'eat test location' - Status: complete - Unknown
2025-05-29 11:46:26.007,6.474100112915039,-1.485700011253357,-92.04566955566406,0,Going to 'eat test location' - Status: complete - Unknown
2025-05-29 11:46:27.007,6.474100112915039,-1.485700011253357,-92.04566955566406,0,Going to 'eat test location' - Status: complete - Unknown
2025-05-29 11:46:28.007,6.474100112915039,-1.485700011253357,-92.04566955566406,0,Going to 'eat test location' - Status: complete - Unknown
2025-05-29 11:46:29.007,6.474100112915039,-1.485700011253357,-92.04566955566406,0,Going to 'eat test location' - Status: complete - Unknown
2025-05-29 11:46:29.999,6.474100112915039,-1.485700011253357,-92.04566955566406,0,Going to 'eat test location' - Status: complete - Unknown
2025-05-29 11:46:31.005,6.474100112915039,-1.485700011253357,-92.04566955566406,0,Going to 'eat test location' - Status: complete - Unknown
2025-05-29 11:46:32.007,6.474100112915039,-1.485700011253357,-92.04566955566406,0,Going to 'eat test location' - Status: complete - Unknown
2025-05-29 11:46:33.007,6.474100112915039,-1.485700011253357,-92.04566955566406,0,Going to 'eat test location' - Status: complete - Unknown
2025-05-29 11:46:34.007,6.474100112915039,-1.485700011253357,-92.04566955566406,0,Going to 'eat test location' - Status: complete - Unknown
2025-05-29 11:46:35.007,6.474100112915039,-1.485700011253357,-92.04566955566406,0,Going to 'eat test location' - Status: complete - Unknown
2025-05-29 11:46:36.007,6.474100112915039,-1.485700011253357,-92.04566955566406,0,Going to 'eat test location' - Status: complete - Unknown
2025-05-29 11:46:37.007,6.474100112915039,-1.485700011253357,-92.04566955566406,0,Going to 'eat test location' - Status: complete - Unknown
2025-05-29 11:46:38.007,6.474100112915039,-1.485700011253357,-92.04566955566406,0,Going to 'eat test location' - Status: complete - Unknown
2025-05-29 11:46:39.007,6.474100112915039,-1.485700011253357,-92.04566955566406,0,Going to 'eat test location' - Status: complete - Unknown
2025-05-29 11:46:40.007,6.474100112915039,-1.485700011253357,-92.04566955566406,0,Going to 'eat test location' - Status: complete - Unknown
2025-05-29 11:46:41.006,6.474100112915039,-1.485700011253357,-92.04566955566406,0,Going to 'eat test location' - Status: complete - Unknown
2025-05-29 11:46:42.007,6.474100112915039,-1.485700011253357,-92.04566955566406,0,Going to 'eat test location' - Status: complete - Unknown
2025-05-29 11:46:42.999,6.474100112915039,-1.485700011253357,-92.04566955566406,0,Going to 'eat test location' - Status: complete - Unknown
2025-05-29 11:46:44.007,6.474100112915039,-1.485700011253357,-92.04566955566406,0,Going to 'eat test location' - Status: complete - Unknown
2025-05-29 11:46:45.007,6.474100112915039,-1.485700011253357,-92.04566955566406,0,Going to 'eat test location' - Status: complete - Unknown
2025-05-29 11:46:46.006,6.474100112915039,-1.485700011253357,-92.04566955566406,0,Going to 'eat test location' - Status: complete - Unknown
2025-05-29 11:46:47.007,6.474100112915039,-1.485700011253357,-92.04566955566406,0,Going to 'eat test location' - Status: complete - Unknown
2025-05-29 11:46:47.999,6.474100112915039,-1.485700011253357,-92.04566955566406,0,Going to 'eat test location' - Status: complete - Unknown
2025-05-29 11:46:49.007,6.474100112915039,-1.485700011253357,-92.04566955566406,0,Going to 'eat test location' - Status: complete - Unknown
2025-05-29 11:46:50.007,6.474100112915039,-1.485700011253357,-92.04566955566406,0,Going to 'eat test location' - Status: complete - Unknown
2025-05-29 11:46:51.007,6.474100112915039,-1.485700011253357,-92.04566955566406,0,Going to 'eat test location' - Status: complete - Unknown
2025-05-29 11:46:51.983,6.474100112915039,-1.485700011253357,-92.04566955566406,0,Going to 'eat test location' - Status: complete - Unknown
2025-05-29 11:46:53.007,6.474100112915039,-1.485700011253357,-92.04566955566406,0,Going to 'eat test location' - Status: complete - Unknown
2025-05-29 11:46:54.006,6.474100112915039,-1.485700011253357,-92.04566955566406,0,Going to 'eat test location' - Status: complete - Unknown
2025-05-29 11:46:54.999,6.474100112915039,-1.485700011253357,-92.04566955566406,0,Going to 'eat test location' - Status: complete - Unknown
2025-05-29 11:46:56.006,6.474100112915039,-1.485700011253357,-92.04566955566406,0,Going to 'eat test location' - Status: complete - Unknown
2025-05-29 11:46:57.000,6.474100112915039,-1.485700011253357,-92.04566955566406,0,Going to 'eat test location' - Status: complete - Unknown
2025-05-29 11:46:57.999,6.474100112915039,-1.485700011253357,-92.04566955566406,0,Going to 'eat test location' - Status: complete - Unknown
2025-05-29 11:46:58.995,6.474100112915039,-1.485700011253357,-92.04566955566406,0,Going to 'eat test location' - Status: complete - Unknown
2025-05-29 11:47:00.007,6.474100112915039,-1.485700011253357,-92.04566955566406,0,Going to 'eat test location' - Status: complete - Unknown
2025-05-29 11:47:00.999,6.474100112915039,-1.485700011253357,-92.04566955566406,0,Going to 'eat test location' - Status: complete - Unknown
2025-05-29 11:47:02.007,6.474100112915039,-1.485700011253357,-92.04566955566406,0,Going to 'eat test location' - Status: complete - Unknown
2025-05-29 11:47:02.999,6.474100112915039,-1.485700011253357,-92.04566955566406,0,Going to 'eat test location' - Status: complete - Unknown
2025-05-29 11:47:03.999,6.474100112915039,-1.485700011253357,-92.04566955566406,0,Going to 'eat test location' - Status: complete - Unknown
2025-05-29 11:47:04.999,6.474100112915039,-1.485700011253357,-92.04566955566406,0,Going to 'eat test location' - Status: complete - Unknown
2025-05-29 11:47:06.007,6.474100112915039,-1.485700011253357,-92.04566955566406,0,Going to 'eat test location' - Status: complete - Unknown
2025-05-29 11:47:06.999,6.474100112915039,-1.485700011253357,-92.04566955566406,0,Going to 'eat test location' - Status: complete - Unknown
2025-05-29 11:47:07.999,6.474100112915039,-1.485700011253357,-92.04566955566406,0,Going to 'eat test location' - Status: complete - Unknown
2025-05-29 11:47:08.999,6.474100112915039,-1.485700011253357,-92.04566955566406,0,Going to 'eat test location' - Status: complete - Unknown
2025-05-29 11:47:09.999,6.474100112915039,-1.485700011253357,-92.04566955566406,0,Going to 'eat test location' - Status: complete - Unknown
2025-05-29 11:47:11.007,6.474100112915039,-1.485700011253357,-92.04566955566406,0,Going to 'eat test location' - Status: complete - Unknown
2025-05-29 11:47:11.999,6.474100112915039,-1.485700011253357,-92.04566955566406,0,Going to 'eat test location' - Status: complete - Unknown
2025-05-29 11:47:12.999,6.474100112915039,-1.485700011253357,-92.04566955566406,0,Going to 'eat test location' - Status: complete - Unknown
2025-05-29 11:47:13.999,6.474100112915039,-1.485700011253357,-92.04566955566406,0,Going to 'eat test location' - Status: complete - Unknown
2025-05-29 11:47:15.007,6.474100112915039,-1.485700011253357,-92.04566955566406,0,Going to 'eat test location' - Status: complete - Unknown
2025-05-29 11:47:16.006,6.474100112915039,-1.485700011253357,-92.04566955566406,0,Going to 'eat test location' - Status: complete - Unknown
2025-05-29 11:47:17.007,6.474100112915039,-1.485700011253357,-92.04566955566406,0,Going to 'eat test location' - Status: complete - Unknown
2025-05-29 11:47:18.007,6.474100112915039,-1.485700011253357,-92.04566955566406,0,Going to 'eat test location' - Status: complete - Unknown
2025-05-29 11:47:19.007,6.474100112915039,-1.485700011253357,-92.04566955566406,0,Going to 'eat test location' - Status: complete - Unknown
2025-05-29 11:47:20.007,6.474100112915039,-1.485700011253357,-92.04566955566406,0,Going to 'eat test location' - Status: complete - Unknown
2025-05-29 11:47:21.000,6.474100112915039,-1.485700011253357,-92.04566955566406,0,Going to 'eat test location' - Status: complete - Unknown
2025-05-29 11:47:21.999,6.474100112915039,-1.485700011253357,-92.04566955566406,0,Going to 'eat test location' - Status: complete - Unknown
2025-05-29 11:47:23.007,6.474100112915039,-1.485700011253357,-92.04566955566406,0,Going to 'eat test location' - Status: complete - Unknown
2025-05-29 11:47:24.007,6.474100112915039,-1.485700011253357,-92.04566955566406,0,Going to 'eat test location' - Status: complete - Unknown
2025-05-29 11:47:24.999,6.474100112915039,-1.485700011253357,-92.04566955566406,0,Going to 'eat test location' - Status: complete - Unknown
2025-05-29 11:47:26.007,6.474100112915039,-1.485700011253357,-92.04566955566406,0,Going to 'eat test location' - Status: complete - Unknown
2025-05-29 11:47:27.007,6.474100112915039,-1.485700011253357,-92.04566955566406,0,Going to 'eat test location' - Status: complete - Unknown
2025-05-29 11:47:28.007,6.474100112915039,-1.485700011253357,-92.04566955566406,0,Going to 'eat test location' - Status: complete - Unknown
2025-05-29 11:47:29.007,6.474100112915039,-1.485700011253357,-92.04566955566406,0,Going to 'eat test location' - Status: complete - Unknown
2025-05-29 11:47:29.999,6.474100112915039,-1.485700011253357,-92.04566955566406,0,Going to 'eat test location' - Status: complete - Unknown
2025-05-29 11:47:31.006,6.474100112915039,-1.485700011253357,-92.04566955566406,0,Going to 'eat test location' - Status: complete - Unknown
2025-05-29 11:47:32.007,6.474100112915039,-1.485700011253357,-92.04566955566406,0,Going to 'eat test location' - Status: complete - Unknown
2025-05-29 11:47:33.007,6.474100112915039,-1.485700011253357,-92.04566955566406,0,Going to 'eat test location' - Status: complete - Unknown
2025-05-29 11:47:33.986,6.474100112915039,-1.485700011253357,-92.04566955566406,0,Going to 'eat test location' - Status: complete - Unknown
2025-05-29 11:47:35.007,6.474100112915039,-1.485700011253357,-92.04566955566406,0,Going to 'eat test location' - Status: complete - Unknown
2025-05-29 11:47:36.007,6.474100112915039,-1.485700011253357,-92.04566955566406,0,Going to 'eat test location' - Status: complete - Unknown
2025-05-29 11:47:36.999,6.474100112915039,-1.485700011253357,-92.04566955566406,0,Going to 'eat test location' - Status: complete - Unknown
2025-05-29 11:47:37.999,6.474100112915039,-1.485700011253357,-92.04566955566406,0,Going to 'eat test location' - Status: complete - Unknown
2025-05-29 11:47:39.007,6.474100112915039,-1.485700011253357,-92.04566955566406,0,Going to 'eat test location' - Status: complete - Unknown
2025-05-29 11:47:40.007,6.474100112915039,-1.485700011253357,-92.04566955566406,0,Going to 'eat test location' - Status: complete - Unknown
2025-05-29 11:47:41.007,6.474100112915039,-1.485700011253357,-92.04566955566406,0,Going to 'eat test location' - Status: complete - Unknown
2025-05-29 11:47:42.003,6.474100112915039,-1.485700011253357,-92.04566955566406,0,Going to 'eat test location' - Status: complete - Unknown
2025-05-29 11:47:42.971,6.474100112915039,-1.485700011253357,-92.04566955566406,0,Going to 'eat test location' - Status: complete - Unknown
2025-05-29 11:47:43.999,6.474100112915039,-1.485700011253357,-92.04566955566406,0,Going to 'eat test location' - Status: complete - Unknown
2025-05-29 11:47:45.007,6.474100112915039,-1.485700011253357,-92.04566955566406,0,Going to 'eat test location' - Status: complete - Unknown
2025-05-29 11:47:46.006,6.474100112915039,-1.485700011253357,-92.04566955566406,0,Going to 'eat test location' - Status: complete - Unknown
2025-05-29 11:47:47.007,6.474100112915039,-1.485700011253357,-92.04566955566406,0,Going to 'eat test location' - Status: complete - Unknown
2025-05-29 11:47:48.007,6.474100112915039,-1.485700011253357,-92.04566955566406,0,Going to 'eat test location' - Status: complete - Unknown
2025-05-29 11:47:49.007,6.474100112915039,-1.485700011253357,-92.04566955566406,0,Going to 'eat test location' - Status: complete - Unknown
2025-05-29 11:47:49.999,6.474100112915039,-1.485700011253357,-92.04566955566406,0,Going to 'eat test location' - Status: complete - Unknown
2025-05-29 11:47:51.007,6.474100112915039,-1.485700011253357,-92.04566955566406,0,Going to 'eat test location' - Status: complete - Unknown
2025-05-29 11:47:52.007,6.474100112915039,-1.485700011253357,-92.04566955566406,0,Going to 'eat test location' - Status: complete - Unknown
2025-05-29 11:47:53.007,6.474100112915039,-1.485700011253357,-92.04566955566406,0,Going to 'eat test location' - Status: complete - Unknown
2025-05-29 11:47:53.999,6.474100112915039,-1.485700011253357,-92.04566955566406,0,Going to 'eat test location' - Status: complete - Unknown
2025-05-29 11:47:54.999,6.474100112915039,-1.485700011253357,-92.04566955566406,0,Going to 'eat test location' - Status: complete - Unknown
2025-05-29 11:47:56.007,6.474100112915039,-1.485700011253357,-92.04566955566406,0,Going to 'eat test location' - Status: complete - Unknown
2025-05-29 11:47:56.999,6.474100112915039,-1.485700011253357,-92.04566955566406,0,Going to 'eat test location' - Status: complete - Unknown
2025-05-29 11:47:58.007,6.474100112915039,-1.485700011253357,-92.04566955566406,0,Going to 'eat test location' - Status: complete - Unknown
2025-05-29 11:47:58.975,6.474100112915039,-1.485700011253357,-92.04566955566406,0,Going to 'eat test location' - Status: complete - Unknown
2025-05-29 11:48:00.007,6.474100112915039,-1.485700011253357,-92.04566955566406,0,Going to 'eat test location' - Status: complete - Unknown
2025-05-29 11:48:01.005,6.474100112915039,-1.485700011253357,-92.04566955566406,0,Going to 'eat test location' - Status: complete - Unknown
2025-05-29 11:48:02.007,6.474100112915039,-1.485700011253357,-92.04566955566406,0,Going to 'eat test location' - Status: complete - Unknown
2025-05-29 11:48:03.007,6.474100112915039,-1.485700011253357,-92.04566955566406,0,Going to 'eat test location' - Status: complete - Unknown
2025-05-29 11:48:04.007,6.474100112915039,-1.485700011253357,-92.04566955566406,0,Going to 'eat test location' - Status: complete - Unknown
2025-05-29 11:48:05.007,6.474100112915039,-1.485700011253357,-92.04566955566406,0,Going to 'eat test location' - Status: complete - Unknown
2025-05-29 11:48:06.007,6.474100112915039,-1.485700011253357,-92.04566955566406,0,Going to 'eat test location' - Status: complete - Unknown
2025-05-29 11:48:07.007,6.474100112915039,-1.485700011253357,-92.04566955566406,0,Going to 'eat test location' - Status: complete - Unknown
2025-05-29 11:48:08.007,6.474100112915039,-1.485700011253357,-92.04566955566406,0,Going to 'eat test location' - Status: complete - Unknown
2025-05-29 11:48:09.007,6.474100112915039,-1.485700011253357,-92.04566955566406,0,Going to 'eat test location' - Status: complete - Unknown
2025-05-29 11:48:10.007,6.474100112915039,-1.485700011253357,-92.04566955566406,0,Going to 'eat test location' - Status: complete - Unknown
2025-05-29 11:48:11.007,6.474100112915039,-1.485700011253357,-92.04566955566406,0,Going to 'eat test location' - Status: complete - Unknown
2025-05-29 11:48:12.007,6.474100112915039,-1.485700011253357,-92.04566955566406,0,Going to 'eat test location' - Status: complete - Unknown
2025-05-29 11:48:13.007,6.474100112915039,-1.485700011253357,-92.04566955566406,0,Going to 'eat test location' - Status: complete - Unknown
2025-05-29 11:48:14.007,6.474100112915039,-1.485700011253357,-92.04566955566406,0,Going to 'eat test location' - Status: complete - Unknown
2025-05-29 11:48:14.971,6.474100112915039,-1.485700011253357,-92.04566955566406,0,Going to 'eat test location' - Status: complete - Unknown
2025-05-29 11:48:15.999,6.474100112915039,-1.485700011253357,-92.04566955566406,0,Going to 'eat test location' - Status: complete - Unknown
2025-05-29 11:48:17.007,6.474100112915039,-1.485700011253357,-92.04566955566406,0,Going to 'eat test location' - Status: complete - Unknown
2025-05-29 11:48:18.007,6.474100112915039,-1.485700011253357,-92.04566955566406,0,Going to 'eat test location' - Status: complete - Unknown
2025-05-29 11:48:19.007,6.474100112915039,-1.485700011253357,-92.04566955566406,0,Going to 'eat test location' - Status: complete - Unknown
2025-05-29 11:48:20.007,6.474100112915039,-1.485700011253357,-92.04566955566406,0,Going to 'eat test location' - Status: complete - Unknown
2025-05-29 11:48:21.007,6.474100112915039,-1.485700011253357,-92.04566955566406,0,Going to 'eat test location' - Status: complete - Unknown
2025-05-29 11:48:22.007,6.474100112915039,-1.485700011253357,-92.04566955566406,0,Going to 'eat test location' - Status: complete - Unknown
2025-05-29 11:48:23.007,6.474100112915039,-1.485700011253357,-92.04566955566406,0,Going to 'eat test location' - Status: complete - Unknown
2025-05-29 11:48:24.007,6.474100112915039,-1.485700011253357,-92.04566955566406,0,Going to 'eat test location' - Status: complete - Unknown
2025-05-29 11:48:25.007,6.474100112915039,-1.485700011253357,-92.04566955566406,0,Going to 'eat test location' - Status: complete - Unknown
2025-05-29 11:48:26.007,6.474100112915039,-1.485700011253357,-92.04566955566406,0,Going to 'eat test location' - Status: complete - Unknown
2025-05-29 11:48:27.007,6.474100112915039,-1.485700011253357,-92.04566955566406,0,Going to 'eat test location' - Status: complete - Unknown
2025-05-29 11:48:28.007,6.474100112915039,-1.485700011253357,-92.04566955566406,0,Going to 'eat test location' - Status: complete - Unknown
2025-05-29 11:48:29.007,6.474100112915039,-1.485700011253357,-92.04566955566406,0,Going to 'eat test location' - Status: complete - Unknown
2025-05-29 11:48:30.007,6.474100112915039,-1.485700011253357,-92.04566955566406,0,Going to 'eat test location' - Status: complete - Unknown
2025-05-29 11:48:31.006,6.474100112915039,-1.485700011253357,-92.04566955566406,0,Going to 'eat test location' - Status: complete - Unknown
2025-05-29 11:48:32.007,6.474100112915039,-1.485700011253357,-92.04566955566406,0,Going to 'eat test location' - Status: complete - Unknown
2025-05-29 11:48:33.007,6.474100112915039,-1.485700011253357,-92.04566955566406,0,Going to 'eat test location' - Status: complete - Unknown
2025-05-29 11:48:34.007,6.474100112915039,-1.485700011253357,-92.04566955566406,0,Going to 'eat test location' - Status: complete - Unknown
2025-05-29 11:48:35.007,6.474100112915039,-1.485700011253357,-92.04566955566406,0,Going to 'eat test location' - Status: complete - Unknown
2025-05-29 11:48:36.007,6.474100112915039,-1.485700011253357,-92.04566955566406,0,Going to 'eat test location' - Status: complete - Unknown
None,None,None,None,None,
None,None,None,None,None,
2025-05-29 13:28:52.018,0.17810000479221344,-0.04050000011920929,1.5068789720535278,2864.7890625,Data logging started
2025-05-29 13:28:52.576,0.17579999566078186,-0.04010000079870224,2.0511889457702637,2922.084716796875,Follow status: start
2025-05-29 13:28:53.016,0.17579999566078186,-0.04010000079870224,2.0511889457702637,2922.084716796875,Follow status: start
2025-05-29 13:28:54.016,0.17579999566078186,-0.04010000079870224,2.0511889457702637,2922.084716796875,Follow status: start
2025-05-29 13:28:54.803,0.17329999804496765,-0.04179999977350235,35.72964859008789,1203.21142578125,Follow status: start
2025-05-29 13:28:55.016,0.17329999804496765,-0.04179999977350235,35.72964859008789,1203.21142578125,Follow status: track
2025-05-29 13:28:55.277,0.16660000383853912,-0.04960000142455101,63.4608039855957,1145.9156494140625,Follow status: track
2025-05-29 13:28:56.016,0.16660000383853912,-0.04960000142455101,63.4608039855957,1145.9156494140625,Follow status: track
2025-05-29 13:28:56.394,0.1597999930381775,-0.05640000104904175,39.17885208129883,1031.323974609375,Follow status: track
2025-05-29 13:28:56.949,0.15299999713897705,-0.0697999969124794,16.15167999267578,744.8451538085938,Follow status: track
2025-05-29 13:28:57.016,0.15299999713897705,-0.0697999969124794,16.15167999267578,744.8451538085938,Follow status: track
2025-05-29 13:28:58.016,0.15299999713897705,-0.0697999969124794,16.15167999267578,744.8451538085938,Follow status: track
2025-05-29 13:28:58.048,0.15189999341964722,-0.07119999825954437,45.93975830078125,687.5493774414062,Follow status: track
2025-05-29 13:28:58.546,0.148499995470047,-0.07240000367164612,61.58723449707031,744.8451538085938,Follow status: track
2025-05-29 13:28:59.016,0.148499995470047,-0.07240000367164612,61.58723449707031,744.8451538085938,Follow status: track
2025-05-29 13:28:59.606,0.15379999577999115,-0.06419999897480011,48.51806640625,1088.6197509765625,Follow status: track
2025-05-29 13:29:00.016,0.15379999577999115,-0.06419999897480011,48.51806640625,1088.6197509765625,Follow status: track
2025-05-29 13:29:00.131,0.13979999721050262,-0.07890000194311142,41.608192443847656,1031.323974609375,Follow status: track
2025-05-29 13:29:00.684,0.13860000669956207,-0.08009999990463257,55.04405212402344,974.0282592773438,Follow status: abort
2025-05-29 13:29:01.016,0.13860000669956207,-0.08009999990463257,55.04405212402344,974.0282592773438,Follow status: abort
2025-05-29 13:29:02.016,0.13860000669956207,-0.08009999990463257,55.04405212402344,974.0282592773438,Follow status: abort
2025-05-29 13:29:03.016,0.13860000669956207,-0.08009999990463257,55.04405212402344,974.0282592773438,Follow status: abort
2025-05-29 13:29:04.016,0.13860000669956207,-0.08009999990463257,55.04405212402344,974.0282592773438,Follow status: abort
2025-05-29 13:29:05.016,0.13860000669956207,-0.08009999990463257,55.04405212402344,974.0282592773438,Follow status: abort
2025-05-29 13:29:06.016,0.13860000669956207,-0.08009999990463257,55.04405212402344,974.0282592773438,Follow status: abort
2025-05-29 13:29:07.016,0.13860000669956207,-0.08009999990463257,55.04405212402344,974.0282592773438,Follow status: abort
2025-05-29 13:29:08.016,0.13860000669956207,-0.08009999990463257,55.04405212402344,974.0282592773438,Follow status: abort
2025-05-29 13:29:09.016,0.13860000669956207,-0.08009999990463257,55.04405212402344,974.0282592773438,Follow status: abort
2025-05-29 13:29:10.016,0.13860000669956207,-0.08009999990463257,55.04405212402344,974.0282592773438,Follow status: abort
2025-05-29 13:29:10.627,0.1379999965429306,-0.08089999854564667,55.4795036315918,1031.323974609375,Follow status: abort
2025-05-29 13:29:11.016,0.1379999965429306,-0.08089999854564667,55.4795036315918,1031.323974609375,Follow status: abort
2025-05-29 13:29:12.016,0.1379999965429306,-0.08089999854564667,55.4795036315918,1031.323974609375,Follow status: abort
2025-05-29 13:29:13.016,0.1379999965429306,-0.08089999854564667,55.4795036315918,1031.323974609375,Follow status: abort
2025-05-29 13:29:14.016,0.1379999965429306,-0.08089999854564667,55.4795036315918,1031.323974609375,Follow status: abort
2025-05-29 13:29:15.016,0.1379999965429306,-0.08089999854564667,55.4795036315918,1031.323974609375,Follow status: abort
2025-05-29 13:29:16.016,0.1379999965429306,-0.08089999854564667,55.4795036315918,1031.323974609375,Follow status: abort
2025-05-29 13:29:17.016,0.1379999965429306,-0.08089999854564667,55.4795036315918,1031.323974609375,Follow status: abort
2025-05-29 13:29:18.016,0.1379999965429306,-0.08089999854564667,55.4795036315918,1031.323974609375,Follow status: abort
2025-05-29 13:29:19.016,0.1379999965429306,-0.08089999854564667,55.4795036315918,1031.323974609375,Follow status: abort
2025-05-29 13:29:20.016,0.1379999965429306,-0.08089999854564667,55.4795036315918,1031.323974609375,Follow status: abort
2025-05-29 13:29:21.016,0.1379999965429306,-0.08089999854564667,55.4795036315918,1031.323974609375,Follow status: abort
2025-05-29 13:29:22.016,0.1379999965429306,-0.08089999854564667,55.4795036315918,1031.323974609375,Follow status: abort
2025-05-29 13:29:23.016,0.1379999965429306,-0.08089999854564667,55.4795036315918,1031.323974609375,Follow status: abort
2025-05-29 13:29:24.016,0.1379999965429306,-0.08089999854564667,55.4795036315918,1031.323974609375,Follow status: abort
2025-05-29 13:29:25.016,0.1379999965429306,-0.08089999854564667,55.4795036315918,1031.323974609375,Follow status: abort
2025-05-29 13:29:26.016,0.1379999965429306,-0.08089999854564667,55.4795036315918,1031.323974609375,Follow status: abort
2025-05-29 13:29:27.016,0.1379999965429306,-0.08089999854564667,55.4795036315918,1031.323974609375,Follow status: abort
2025-05-29 13:29:28.016,0.1379999965429306,-0.08089999854564667,55.4795036315918,1031.323974609375,Follow status: abort
2025-05-29 13:29:29.016,0.1379999965429306,-0.08089999854564667,55.4795036315918,1031.323974609375,Follow status: abort
2025-05-29 13:29:30.016,0.1379999965429306,-0.08089999854564667,55.4795036315918,1031.323974609375,Follow status: abort
2025-05-29 13:29:31.016,0.1379999965429306,-0.08089999854564667,55.4795036315918,1031.323974609375,Follow status: abort
2025-05-29 13:29:32.016,0.1379999965429306,-0.08089999854564667,55.4795036315918,1031.323974609375,Follow status: abort
2025-05-29 13:29:33.016,0.1379999965429306,-0.08089999854564667,55.4795036315918,1031.323974609375,Follow status: abort
2025-05-29 13:29:34.016,0.1379999965429306,-0.08089999854564667,55.4795036315918,1031.323974609375,Follow status: abort
2025-05-29 13:29:35.016,0.1379999965429306,-0.08089999854564667,55.4795036315918,1031.323974609375,Follow status: abort
2025-05-29 13:29:36.016,0.1379999965429306,-0.08089999854564667,55.4795036315918,1031.323974609375,Follow status: abort
2025-05-29 13:29:37.016,0.1379999965429306,-0.08089999854564667,55.4795036315918,1031.323974609375,Follow status: abort
2025-05-29 13:29:38.016,0.1379999965429306,-0.08089999854564667,55.4795036315918,1031.323974609375,Follow status: abort
2025-05-29 13:29:39.016,0.1379999965429306,-0.08089999854564667,55.4795036315918,1031.323974609375,Follow status: abort
2025-05-29 13:29:40.016,0.1379999965429306,-0.08089999854564667,55.4795036315918,1031.323974609375,Follow status: abort
2025-05-29 13:29:41.016,0.1379999965429306,-0.08089999854564667,55.4795036315918,1031.323974609375,Follow status: abort
2025-05-29 13:29:42.016,0.1379999965429306,-0.08089999854564667,55.4795036315918,1031.323974609375,Follow status: abort
2025-05-29 13:29:43.016,0.1379999965429306,-0.08089999854564667,55.4795036315918,1031.323974609375,Follow status: abort
2025-05-29 13:29:44.016,0.1379999965429306,-0.08089999854564667,55.4795036315918,1031.323974609375,Follow status: abort
2025-05-29 13:29:45.016,0.1379999965429306,-0.08089999854564667,55.4795036315918,1031.323974609375,Follow status: abort
2025-05-29 13:29:46.016,0.1379999965429306,-0.08089999854564667,55.4795036315918,1031.323974609375,Follow status: abort
2025-05-29 13:29:47.016,0.1379999965429306,-0.08089999854564667,55.4795036315918,1031.323974609375,Follow status: abort
2025-05-29 13:29:48.016,0.1379999965429306,-0.08089999854564667,55.4795036315918,1031.323974609375,Follow status: abort
2025-05-29 13:29:49.016,0.1379999965429306,-0.08089999854564667,55.4795036315918,1031.323974609375,Follow status: abort
2025-05-29 13:29:50.016,0.1379999965429306,-0.08089999854564667,55.4795036315918,1031.323974609375,Follow status: abort
2025-05-29 13:29:51.016,0.1379999965429306,-0.08089999854564667,55.4795036315918,1031.323974609375,Follow status: abort
2025-05-29 13:29:52.016,0.1379999965429306,-0.08089999854564667,55.4795036315918,1031.323974609375,Follow status: abort
2025-05-29 13:29:53.016,0.1379999965429306,-0.08089999854564667,55.4795036315918,1031.323974609375,Follow status: abort
2025-05-29 13:29:54.016,0.1379999965429306,-0.08089999854564667,55.4795036315918,1031.323974609375,Follow status: abort
2025-05-29 13:29:55.016,0.1379999965429306,-0.08089999854564667,55.4795036315918,1031.323974609375,Follow status: abort
2025-05-29 13:29:56.016,0.1379999965429306,-0.08089999854564667,55.4795036315918,1031.323974609375,Follow status: abort
2025-05-29 13:29:57.016,0.1379999965429306,-0.08089999854564667,55.4795036315918,1031.323974609375,Follow status: abort
2025-05-29 13:29:58.016,0.1379999965429306,-0.08089999854564667,55.4795036315918,1031.323974609375,Follow status: abort
2025-05-29 13:29:59.016,0.1379999965429306,-0.08089999854564667,55.4795036315918,1031.323974609375,Follow status: abort
2025-05-29 13:30:00.016,0.1379999965429306,-0.08089999854564667,55.4795036315918,1031.323974609375,Follow status: abort
2025-05-29 13:30:01.016,0.1379999965429306,-0.08089999854564667,55.4795036315918,1031.323974609375,Follow status: abort
2025-05-29 13:30:02.016,0.1379999965429306,-0.08089999854564667,55.4795036315918,1031.323974609375,Follow status: abort
2025-05-29 13:30:03.016,0.1379999965429306,-0.08089999854564667,55.4795036315918,1031.323974609375,Follow status: abort
2025-05-29 13:30:04.016,0.1379999965429306,-0.08089999854564667,55.4795036315918,1031.323974609375,Follow status: abort
2025-05-29 13:30:05.016,0.1379999965429306,-0.08089999854564667,55.4795036315918,1031.323974609375,Follow status: abort
2025-05-29 13:30:06.016,0.1379999965429306,-0.08089999854564667,55.4795036315918,1031.323974609375,Follow status: abort
2025-05-29 13:30:07.016,0.1379999965429306,-0.08089999854564667,55.4795036315918,1031.323974609375,Follow status: abort
2025-05-29 13:30:08.016,0.1379999965429306,-0.08089999854564667,55.4795036315918,1031.323974609375,Follow status: abort
2025-05-29 13:30:09.016,0.1379999965429306,-0.08089999854564667,55.4795036315918,1031.323974609375,Follow status: abort
2025-05-29 13:30:10.016,0.1379999965429306,-0.08089999854564667,55.4795036315918,1031.323974609375,Follow status: abort
2025-05-29 13:30:11.016,0.1379999965429306,-0.08089999854564667,55.4795036315918,1031.323974609375,Follow status: abort
2025-05-29 13:30:12.016,0.1379999965429306,-0.08089999854564667,55.4795036315918,1031.323974609375,Follow status: abort
2025-05-29 13:30:13.016,0.1379999965429306,-0.08089999854564667,55.4795036315918,1031.323974609375,Follow status: abort
2025-05-29 13:30:14.016,0.1379999965429306,-0.08089999854564667,55.4795036315918,1031.323974609375,Follow status: abort
2025-05-29 13:30:15.016,0.1379999965429306,-0.08089999854564667,55.4795036315918,1031.323974609375,Follow status: abort
2025-05-29 13:30:16.016,0.1379999965429306,-0.08089999854564667,55.4795036315918,1031.323974609375,Follow status: abort
2025-05-29 13:30:17.016,0.1379999965429306,-0.08089999854564667,55.4795036315918,1031.323974609375,Follow status: abort
2025-05-29 13:30:18.016,0.1379999965429306,-0.08089999854564667,55.4795036315918,1031.323974609375,Follow status: abort
2025-05-29 13:30:19.016,0.1379999965429306,-0.08089999854564667,55.4795036315918,1031.323974609375,Follow status: abort
2025-05-29 13:30:20.016,0.1379999965429306,-0.08089999854564667,55.4795036315918,1031.323974609375,Follow status: abort
2025-05-29 13:30:21.016,0.1379999965429306,-0.08089999854564667,55.4795036315918,1031.323974609375,Follow status: abort
2025-05-29 13:30:22.016,0.1379999965429306,-0.08089999854564667,55.4795036315918,1031.323974609375,Follow status: abort
2025-05-29 13:30:23.016,0.1379999965429306,-0.08089999854564667,55.4795036315918,1031.323974609375,Follow status: abort
2025-05-29 13:30:24.016,0.1379999965429306,-0.08089999854564667,55.4795036315918,1031.323974609375,Follow status: abort
2025-05-29 13:30:25.016,0.1379999965429306,-0.08089999854564667,55.4795036315918,1031.323974609375,Follow status: abort
2025-05-29 13:30:26.016,0.1379999965429306,-0.08089999854564667,55.4795036315918,1031.323974609375,Follow status: abort
2025-05-29 13:30:27.016,0.1379999965429306,-0.08089999854564667,55.4795036315918,1031.323974609375,Follow status: abort
2025-05-29 13:30:28.016,0.1379999965429306,-0.08089999854564667,55.4795036315918,1031.323974609375,Follow status: abort
2025-05-29 13:30:29.016,0.1379999965429306,-0.08089999854564667,55.4795036315918,1031.323974609375,Follow status: abort
2025-05-29 13:30:30.016,0.1379999965429306,-0.08089999854564667,55.4795036315918,1031.323974609375,Follow status: abort
2025-05-29 13:30:31.016,0.1379999965429306,-0.08089999854564667,55.4795036315918,1031.323974609375,Follow status: abort
2025-05-29 13:30:32.016,0.1379999965429306,-0.08089999854564667,55.4795036315918,1031.323974609375,Follow status: abort
2025-05-29 13:30:33.016,0.1379999965429306,-0.08089999854564667,55.4795036315918,1031.323974609375,Follow status: abort
2025-05-29 13:30:34.016,0.1379999965429306,-0.08089999854564667,55.4795036315918,1031.323974609375,Follow status: abort
2025-05-29 13:30:35.016,0.1379999965429306,-0.08089999854564667,55.4795036315918,1031.323974609375,Follow status: abort
2025-05-29 13:30:36.016,0.1379999965429306,-0.08089999854564667,55.4795036315918,1031.323974609375,Follow status: abort
2025-05-29 13:30:37.016,0.1379999965429306,-0.08089999854564667,55.4795036315918,1031.323974609375,Follow status: abort
2025-05-29 13:30:38.016,0.1379999965429306,-0.08089999854564667,55.4795036315918,1031.323974609375,Follow status: abort
2025-05-29 13:30:39.016,0.1379999965429306,-0.08089999854564667,55.4795036315918,1031.323974609375,Follow status: abort
2025-05-29 13:30:40.016,0.1379999965429306,-0.08089999854564667,55.4795036315918,1031.323974609375,Follow status: abort
2025-05-29 13:30:41.016,0.1379999965429306,-0.08089999854564667,55.4795036315918,1031.323974609375,Follow status: abort
2025-05-29 13:30:42.016,0.1379999965429306,-0.08089999854564667,55.4795036315918,1031.323974609375,Follow status: abort
2025-05-29 13:30:43.016,0.1379999965429306,-0.08089999854564667,55.4795036315918,1031.323974609375,Follow status: abort
2025-05-29 13:30:44.016,0.1379999965429306,-0.08089999854564667,55.4795036315918,1031.323974609375,Follow status: abort
2025-05-29 13:30:45.016,0.1379999965429306,-0.08089999854564667,55.4795036315918,1031.323974609375,Follow status: abort
2025-05-29 13:30:46.016,0.1379999965429306,-0.08089999854564667,55.4795036315918,1031.323974609375,Follow status: abort
2025-05-29 13:30:47.016,0.1379999965429306,-0.08089999854564667,55.4795036315918,1031.323974609375,Follow status: abort
2025-05-29 13:30:48.016,0.1379999965429306,-0.08089999854564667,55.4795036315918,1031.323974609375,Follow status: abort
2025-05-29 13:30:49.016,0.1379999965429306,-0.08089999854564667,55.4795036315918,1031.323974609375,Follow status: abort
2025-05-29 13:30:50.016,0.1379999965429306,-0.08089999854564667,55.4795036315918,1031.323974609375,Follow status: abort
2025-05-29 13:30:51.016,0.1379999965429306,-0.08089999854564667,55.4795036315918,1031.323974609375,Follow status: abort
2025-05-29 13:30:52.016,0.1379999965429306,-0.08089999854564667,55.4795036315918,1031.323974609375,Follow status: abort
2025-05-29 13:30:53.016,0.1379999965429306,-0.08089999854564667,55.4795036315918,1031.323974609375,Follow status: abort
2025-05-29 13:30:54.016,0.1379999965429306,-0.08089999854564667,55.4795036315918,1031.323974609375,Follow status: abort
2025-05-29 13:30:55.016,0.1379999965429306,-0.08089999854564667,55.4795036315918,1031.323974609375,Follow status: abort
2025-05-29 13:30:56.016,0.1379999965429306,-0.08089999854564667,55.4795036315918,1031.323974609375,Follow status: abort
2025-05-29 13:30:57.016,0.1379999965429306,-0.08089999854564667,55.4795036315918,1031.323974609375,Follow status: abort
2025-05-29 13:30:58.016,0.1379999965429306,-0.08089999854564667,55.4795036315918,1031.323974609375,Follow status: abort
2025-05-29 13:30:59.016,0.1379999965429306,-0.08089999854564667,55.4795036315918,1031.323974609375,Follow status: abort
2025-05-29 13:31:00.016,0.1379999965429306,-0.08089999854564667,55.4795036315918,1031.323974609375,Follow status: abort
2025-05-29 13:31:01.016,0.1379999965429306,-0.08089999854564667,55.4795036315918,1031.323974609375,Follow status: abort
2025-05-29 13:31:02.016,0.1379999965429306,-0.08089999854564667,55.4795036315918,1031.323974609375,Follow status: abort
2025-05-29 13:31:03.016,0.1379999965429306,-0.08089999854564667,55.4795036315918,1031.323974609375,Follow status: abort
2025-05-29 13:31:04.016,0.1379999965429306,-0.08089999854564667,55.4795036315918,1031.323974609375,Follow status: abort
2025-05-29 13:31:05.016,0.1379999965429306,-0.08089999854564667,55.4795036315918,1031.323974609375,Follow status: abort
2025-05-29 13:31:06.016,0.1379999965429306,-0.08089999854564667,55.4795036315918,1031.323974609375,Follow status: abort
2025-05-29 13:31:07.016,0.1379999965429306,-0.08089999854564667,55.4795036315918,1031.323974609375,Follow status: abort
2025-05-29 13:31:08.016,0.1379999965429306,-0.08089999854564667,55.4795036315918,1031.323974609375,Follow status: abort
2025-05-29 13:31:09.016,0.1379999965429306,-0.08089999854564667,55.4795036315918,1031.323974609375,Follow status: abort
2025-05-29 13:31:10.016,0.1379999965429306,-0.08089999854564667,55.4795036315918,1031.323974609375,Follow status: abort
2025-05-29 13:31:11.016,0.1379999965429306,-0.08089999854564667,55.4795036315918,1031.323974609375,Follow status: abort
2025-05-29 13:31:12.016,0.1379999965429306,-0.08089999854564667,55.4795036315918,1031.323974609375,Follow status: abort
2025-05-29 13:31:13.017,0.1379999965429306,-0.08089999854564667,55.4795036315918,1031.323974609375,Follow status: abort
2025-05-29 13:31:14.016,0.1379999965429306,-0.08089999854564667,55.4795036315918,1031.323974609375,Follow status: abort
2025-05-29 13:31:15.016,0.1379999965429306,-0.08089999854564667,55.4795036315918,1031.323974609375,Follow status: abort
2025-05-29 13:31:16.016,0.1379999965429306,-0.08089999854564667,55.4795036315918,1031.323974609375,Follow status: abort
2025-05-29 13:31:17.016,0.1379999965429306,-0.08089999854564667,55.4795036315918,1031.323974609375,Follow status: abort
2025-05-29 13:31:18.016,0.1379999965429306,-0.08089999854564667,55.4795036315918,1031.323974609375,Follow status: abort
2025-05-29 13:31:19.016,0.1379999965429306,-0.08089999854564667,55.4795036315918,1031.323974609375,Follow status: abort
2025-05-29 13:31:20.016,0.1379999965429306,-0.08089999854564667,55.4795036315918,1031.323974609375,Follow status: abort
2025-05-29 13:31:21.016,0.1379999965429306,-0.08089999854564667,55.4795036315918,1031.323974609375,Follow status: abort
2025-05-29 13:31:22.016,0.1379999965429306,-0.08089999854564667,55.4795036315918,1031.323974609375,Follow status: abort
2025-05-29 13:31:23.016,0.1379999965429306,-0.08089999854564667,55.4795036315918,1031.323974609375,Follow status: abort
2025-05-29 13:31:24.016,0.1379999965429306,-0.08089999854564667,55.4795036315918,1031.323974609375,Follow status: abort
2025-05-29 13:31:25.016,0.1379999965429306,-0.08089999854564667,55.4795036315918,1031.323974609375,Follow status: abort
2025-05-29 13:31:26.016,0.1379999965429306,-0.08089999854564667,55.4795036315918,1031.323974609375,Follow status: abort
2025-05-29 13:31:27.016,0.1379999965429306,-0.08089999854564667,55.4795036315918,1031.323974609375,Follow status: abort
2025-05-29 13:31:28.016,0.1379999965429306,-0.08089999854564667,55.4795036315918,1031.323974609375,Follow status: abort
2025-05-29 13:31:29.016,0.1379999965429306,-0.08089999854564667,55.4795036315918,1031.323974609375,Follow status: abort
2025-05-29 13:31:30.016,0.1379999965429306,-0.08089999854564667,55.4795036315918,1031.323974609375,Follow status: abort
2025-05-29 13:31:31.016,0.1379999965429306,-0.08089999854564667,55.4795036315918,1031.323974609375,Follow status: abort
2025-05-29 13:31:32.016,0.1379999965429306,-0.08089999854564667,55.4795036315918,1031.323974609375,Follow status: abort
2025-05-29 13:31:33.016,0.1379999965429306,-0.08089999854564667,55.4795036315918,1031.323974609375,Follow status: abort
2025-05-29 13:31:34.016,0.1379999965429306,-0.08089999854564667,55.4795036315918,1031.323974609375,Follow status: abort
2025-05-29 13:31:35.016,0.1379999965429306,-0.08089999854564667,55.4795036315918,1031.323974609375,Follow status: abort
2025-05-29 13:31:36.016,0.1379999965429306,-0.08089999854564667,55.4795036315918,1031.323974609375,Follow status: abort
2025-05-29 13:31:37.016,0.1379999965429306,-0.08089999854564667,55.4795036315918,1031.323974609375,Follow status: abort
2025-05-29 13:31:38.016,0.1379999965429306,-0.08089999854564667,55.4795036315918,1031.323974609375,Follow status: abort
2025-05-29 13:31:39.016,0.1379999965429306,-0.08089999854564667,55.4795036315918,1031.323974609375,Follow status: abort
2025-05-29 13:31:40.016,0.1379999965429306,-0.08089999854564667,55.4795036315918,1031.323974609375,Follow status: abort
2025-05-29 13:31:41.016,0.1379999965429306,-0.08089999854564667,55.4795036315918,1031.323974609375,Follow status: abort
2025-05-29 13:31:42.016,0.1379999965429306,-0.08089999854564667,55.4795036315918,1031.323974609375,Follow status: abort
2025-05-29 13:31:43.016,0.1379999965429306,-0.08089999854564667,55.4795036315918,1031.323974609375,Follow status: abort
2025-05-29 13:31:44.016,0.1379999965429306,-0.08089999854564667,55.4795036315918,1031.323974609375,Follow status: abort
2025-05-29 13:31:45.016,0.1379999965429306,-0.08089999854564667,55.4795036315918,1031.323974609375,Follow status: abort
2025-05-29 13:31:46.016,0.1379999965429306,-0.08089999854564667,55.4795036315918,1031.323974609375,Follow status: abort
2025-05-29 13:31:47.016,0.1379999965429306,-0.08089999854564667,55.4795036315918,1031.323974609375,Follow status: abort
2025-05-29 13:31:48.016,0.1379999965429306,-0.08089999854564667,55.4795036315918,1031.323974609375,Follow status: abort
2025-05-29 13:31:49.017,0.1379999965429306,-0.08089999854564667,55.4795036315918,1031.323974609375,Follow status: abort
2025-05-29 13:31:50.016,0.1379999965429306,-0.08089999854564667,55.4795036315918,1031.323974609375,Follow status: abort
2025-05-29 13:31:51.016,0.1379999965429306,-0.08089999854564667,55.4795036315918,1031.323974609375,Follow status: abort
2025-05-29 13:31:52.016,0.1379999965429306,-0.08089999854564667,55.4795036315918,1031.323974609375,Follow status: abort
2025-05-29 13:31:53.016,0.1379999965429306,-0.08089999854564667,55.4795036315918,1031.323974609375,Follow status: abort
2025-05-29 13:31:54.016,0.1379999965429306,-0.08089999854564667,55.4795036315918,1031.323974609375,Follow status: abort
2025-05-29 13:31:55.016,0.1379999965429306,-0.08089999854564667,55.4795036315918,1031.323974609375,Follow status: abort
2025-05-29 13:31:56.016,0.1379999965429306,-0.08089999854564667,55.4795036315918,1031.323974609375,Follow status: abort
2025-05-29 13:31:57.016,0.1379999965429306,-0.08089999854564667,55.4795036315918,1031.323974609375,Follow status: abort
2025-05-29 13:31:58.016,0.1379999965429306,-0.08089999854564667,55.4795036315918,1031.323974609375,Follow status: abort
2025-05-29 13:31:59.016,0.1379999965429306,-0.08089999854564667,55.4795036315918,1031.323974609375,Follow status: abort
2025-05-29 13:32:00.016,0.1379999965429306,-0.08089999854564667,55.4795036315918,1031.323974609375,Follow status: abort
2025-05-29 13:32:01.016,0.1379999965429306,-0.08089999854564667,55.4795036315918,1031.323974609375,Follow status: abort
2025-05-29 13:32:02.016,0.1379999965429306,-0.08089999854564667,55.4795036315918,1031.323974609375,Follow status: abort
2025-05-29 13:32:03.016,0.1379999965429306,-0.08089999854564667,55.4795036315918,1031.323974609375,Follow status: abort
2025-05-29 13:32:04.016,0.1379999965429306,-0.08089999854564667,55.4795036315918,1031.323974609375,Follow status: abort
2025-05-29 13:32:05.016,0.1379999965429306,-0.08089999854564667,55.4795036315918,1031.323974609375,Follow status: abort
2025-05-29 13:32:06.016,0.1379999965429306,-0.08089999854564667,55.4795036315918,1031.323974609375,Follow status: abort
2025-05-29 13:32:07.016,0.1379999965429306,-0.08089999854564667,55.4795036315918,1031.323974609375,Follow status: abort
2025-05-29 13:32:08.016,0.1379999965429306,-0.08089999854564667,55.4795036315918,1031.323974609375,Follow status: abort
2025-05-29 13:32:09.016,0.1379999965429306,-0.08089999854564667,55.4795036315918,1031.323974609375,Follow status: abort
2025-05-29 13:32:10.016,0.1379999965429306,-0.08089999854564667,55.4795036315918,1031.323974609375,Follow status: abort
2025-05-29 13:32:11.016,0.1379999965429306,-0.08089999854564667,55.4795036315918,1031.323974609375,Follow status: abort
2025-05-29 13:32:12.016,0.1379999965429306,-0.08089999854564667,55.4795036315918,1031.323974609375,Follow status: abort
2025-05-29 13:32:13.016,0.1379999965429306,-0.08089999854564667,55.4795036315918,1031.323974609375,Follow status: abort
2025-05-29 13:32:14.016,0.1379999965429306,-0.08089999854564667,55.4795036315918,1031.323974609375,Follow status: abort
2025-05-29 13:32:15.016,0.1379999965429306,-0.08089999854564667,55.4795036315918,1031.323974609375,Follow status: abort
2025-05-29 13:32:16.016,0.1379999965429306,-0.08089999854564667,55.4795036315918,1031.323974609375,Follow status: abort
2025-05-29 13:32:17.016,0.1379999965429306,-0.08089999854564667,55.4795036315918,1031.323974609375,Follow status: abort
2025-05-29 13:32:18.016,0.1379999965429306,-0.08089999854564667,55.4795036315918,1031.323974609375,Follow status: abort
2025-05-29 13:32:19.016,0.1379999965429306,-0.08089999854564667,55.4795036315918,1031.323974609375,Follow status: abort
2025-05-29 13:32:20.016,0.1379999965429306,-0.08089999854564667,55.4795036315918,1031.323974609375,Follow status: abort
2025-05-29 13:32:21.016,0.1379999965429306,-0.08089999854564667,55.4795036315918,1031.323974609375,Follow status: abort
2025-05-29 13:32:22.016,0.1379999965429306,-0.08089999854564667,55.4795036315918,1031.323974609375,Follow status: abort
2025-05-29 13:32:23.016,0.1379999965429306,-0.08089999854564667,55.4795036315918,1031.323974609375,Follow status: abort
2025-05-29 13:32:24.016,0.1379999965429306,-0.08089999854564667,55.4795036315918,1031.323974609375,Follow status: abort
2025-05-29 13:32:25.016,0.1379999965429306,-0.08089999854564667,55.4795036315918,1031.323974609375,Follow status: abort
2025-05-29 13:32:26.016,0.1379999965429306,-0.08089999854564667,55.4795036315918,1031.323974609375,Follow status: abort
2025-05-29 13:32:27.016,0.1379999965429306,-0.08089999854564667,55.4795036315918,1031.323974609375,Follow status: abort
2025-05-29 13:32:28.016,0.1379999965429306,-0.08089999854564667,55.4795036315918,1031.323974609375,Follow status: abort
2025-05-29 13:32:29.016,0.1379999965429306,-0.08089999854564667,55.4795036315918,1031.323974609375,Follow status: abort
2025-05-29 13:32:30.016,0.1379999965429306,-0.08089999854564667,55.4795036315918,1031.323974609375,Follow status: abort
2025-05-29 13:32:31.016,0.1379999965429306,-0.08089999854564667,55.4795036315918,1031.323974609375,Follow status: abort
2025-05-29 13:32:32.016,0.1379999965429306,-0.08089999854564667,55.4795036315918,1031.323974609375,Follow status: abort
2025-05-29 13:32:33.016,0.1379999965429306,-0.08089999854564667,55.4795036315918,1031.323974609375,Follow status: abort
2025-05-29 13:32:34.016,0.1379999965429306,-0.08089999854564667,55.4795036315918,1031.323974609375,Follow status: abort
2025-05-29 13:32:35.016,0.1379999965429306,-0.08089999854564667,55.4795036315918,1031.323974609375,Follow status: abort
2025-05-29 13:32:36.016,0.1379999965429306,-0.08089999854564667,55.4795036315918,1031.323974609375,Follow status: abort
2025-05-29 13:32:37.016,0.1379999965429306,-0.08089999854564667,55.4795036315918,1031.323974609375,Follow status: abort
2025-05-29 13:32:38.016,0.1379999965429306,-0.08089999854564667,55.4795036315918,1031.323974609375,Follow status: abort
2025-05-29 13:32:39.016,0.1379999965429306,-0.08089999854564667,55.4795036315918,1031.323974609375,Follow status: abort
2025-05-29 13:32:40.016,0.1379999965429306,-0.08089999854564667,55.4795036315918,1031.323974609375,Follow status: abort
2025-05-29 13:32:41.016,0.1379999965429306,-0.08089999854564667,55.4795036315918,1031.323974609375,Follow status: abort
2025-05-29 13:32:42.016,0.1379999965429306,-0.08089999854564667,55.4795036315918,1031.323974609375,Follow status: abort
2025-05-29 13:32:43.016,0.1379999965429306,-0.08089999854564667,55.4795036315918,1031.323974609375,Follow status: abort
2025-05-29 13:32:44.016,0.1379999965429306,-0.08089999854564667,55.4795036315918,1031.323974609375,Follow status: abort
2025-05-29 13:32:45.016,0.1379999965429306,-0.08089999854564667,55.4795036315918,1031.323974609375,Follow status: abort
2025-05-29 13:32:46.016,0.1379999965429306,-0.08089999854564667,55.4795036315918,1031.323974609375,Follow status: abort
2025-05-29 13:32:47.016,0.1379999965429306,-0.08089999854564667,55.4795036315918,1031.323974609375,Follow status: abort
2025-05-29 13:32:48.016,0.1379999965429306,-0.08089999854564667,55.4795036315918,1031.323974609375,Follow status: abort
2025-05-29 13:32:49.016,0.1379999965429306,-0.08089999854564667,55.4795036315918,1031.323974609375,Follow status: abort
2025-05-29 13:32:50.016,0.1379999965429306,-0.08089999854564667,55.4795036315918,1031.323974609375,Follow status: abort
2025-05-29 13:32:51.016,0.1379999965429306,-0.08089999854564667,55.4795036315918,1031.323974609375,Follow status: abort
2025-05-29 13:32:52.016,0.1379999965429306,-0.08089999854564667,55.4795036315918,1031.323974609375,Follow status: abort
2025-05-29 13:32:53.016,0.1379999965429306,-0.08089999854564667,55.4795036315918,1031.323974609375,Follow status: abort
2025-05-29 13:32:54.016,0.1379999965429306,-0.08089999854564667,55.4795036315918,1031.323974609375,Follow status: abort
2025-05-29 13:32:55.016,0.1379999965429306,-0.08089999854564667,55.4795036315918,1031.323974609375,Follow status: abort
2025-05-29 13:32:56.016,0.1379999965429306,-0.08089999854564667,55.4795036315918,1031.323974609375,Follow status: abort
2025-05-29 13:32:57.016,0.1379999965429306,-0.08089999854564667,55.4795036315918,1031.323974609375,Follow status: abort
2025-05-29 13:32:58.016,0.1379999965429306,-0.08089999854564667,55.4795036315918,1031.323974609375,Follow status: abort
2025-05-29 13:32:59.016,0.1379999965429306,-0.08089999854564667,55.4795036315918,1031.323974609375,Follow status: abort
2025-05-29 13:33:00.016,0.1379999965429306,-0.08089999854564667,55.4795036315918,1031.323974609375,Follow status: abort
2025-05-29 13:33:01.016,0.1379999965429306,-0.08089999854564667,55.4795036315918,1031.323974609375,Follow status: abort
2025-05-29 13:33:02.016,0.1379999965429306,-0.08089999854564667,55.4795036315918,1031.323974609375,Follow status: abort
2025-05-29 13:33:03.016,0.1379999965429306,-0.08089999854564667,55.4795036315918,1031.323974609375,Follow status: abort
2025-05-29 13:33:04.016,0.1379999965429306,-0.08089999854564667,55.4795036315918,1031.323974609375,Follow status: abort
2025-05-29 13:33:05.016,0.1379999965429306,-0.08089999854564667,55.4795036315918,1031.323974609375,Follow status: abort
2025-05-29 13:33:06.016,0.1379999965429306,-0.08089999854564667,55.4795036315918,1031.323974609375,Follow status: abort
2025-05-29 13:33:07.016,0.1379999965429306,-0.08089999854564667,55.4795036315918,1031.323974609375,Follow status: abort
2025-05-29 13:33:08.016,0.1379999965429306,-0.08089999854564667,55.4795036315918,1031.323974609375,Follow status: abort
2025-05-29 13:33:09.016,0.1379999965429306,-0.08089999854564667,55.4795036315918,1031.323974609375,Follow status: abort
2025-05-29 13:33:10.016,0.1379999965429306,-0.08089999854564667,55.4795036315918,1031.323974609375,Follow status: abort
2025-05-29 13:33:11.016,0.1379999965429306,-0.08089999854564667,55.4795036315918,1031.323974609375,Follow status: abort
2025-05-29 13:33:12.016,0.1379999965429306,-0.08089999854564667,55.4795036315918,1031.323974609375,Follow status: abort
2025-05-29 13:33:13.016,0.1379999965429306,-0.08089999854564667,55.4795036315918,1031.323974609375,Follow status: abort
2025-05-29 13:33:14.016,0.1379999965429306,-0.08089999854564667,55.4795036315918,1031.323974609375,Follow status: abort
2025-05-29 13:33:15.016,0.1379999965429306,-0.08089999854564667,55.4795036315918,1031.323974609375,Follow status: abort
2025-05-29 13:33:16.016,0.1379999965429306,-0.08089999854564667,55.4795036315918,1031.323974609375,Follow status: abort
2025-05-29 13:33:17.016,0.1379999965429306,-0.08089999854564667,55.4795036315918,1031.323974609375,Follow status: abort
2025-05-29 13:33:18.016,0.1379999965429306,-0.08089999854564667,55.4795036315918,1031.323974609375,Follow status: abort
2025-05-29 13:33:19.016,0.1379999965429306,-0.08089999854564667,55.4795036315918,1031.323974609375,Follow status: abort
2025-05-29 13:33:20.016,0.1379999965429306,-0.08089999854564667,55.4795036315918,1031.323974609375,Follow status: abort
2025-05-29 13:33:21.016,0.1379999965429306,-0.08089999854564667,55.4795036315918,1031.323974609375,Follow status: abort
2025-05-29 13:33:22.016,0.1379999965429306,-0.08089999854564667,55.4795036315918,1031.323974609375,Follow status: abort
2025-05-29 13:33:23.016,0.1379999965429306,-0.08089999854564667,55.4795036315918,1031.323974609375,Follow status: abort
2025-05-29 13:33:24.016,0.1379999965429306,-0.08089999854564667,55.4795036315918,1031.323974609375,Follow status: abort
2025-05-29 13:33:25.016,0.1379999965429306,-0.08089999854564667,55.4795036315918,1031.323974609375,Follow status: abort
2025-05-29 13:33:26.016,0.1379999965429306,-0.08089999854564667,55.4795036315918,1031.323974609375,Follow status: abort
2025-05-29 13:33:27.016,0.1379999965429306,-0.08089999854564667,55.4795036315918,1031.323974609375,Follow status: abort
2025-05-29 13:33:28.016,0.1379999965429306,-0.08089999854564667,55.4795036315918,1031.323974609375,Follow status: abort
2025-05-29 13:33:29.016,0.1379999965429306,-0.08089999854564667,55.4795036315918,1031.323974609375,Follow status: abort
2025-05-29 13:33:30.016,0.1379999965429306,-0.08089999854564667,55.4795036315918,1031.323974609375,Follow status: abort
2025-05-29 13:33:31.016,0.1379999965429306,-0.08089999854564667,55.4795036315918,1031.323974609375,Follow status: abort
2025-05-29 13:33:32.016,0.1379999965429306,-0.08089999854564667,55.4795036315918,1031.323974609375,Follow status: abort
2025-05-29 13:33:33.016,0.1379999965429306,-0.08089999854564667,55.4795036315918,1031.323974609375,Follow status: abort
2025-05-29 13:33:34.016,0.1379999965429306,-0.08089999854564667,55.4795036315918,1031.323974609375,Follow status: abort
2025-05-29 13:33:35.016,0.1379999965429306,-0.08089999854564667,55.4795036315918,1031.323974609375,Follow status: abort
2025-05-29 13:33:36.016,0.1379999965429306,-0.08089999854564667,55.4795036315918,1031.323974609375,Follow status: abort
2025-05-29 13:33:37.016,0.1379999965429306,-0.08089999854564667,55.4795036315918,1031.323974609375,Follow status: abort
2025-05-29 13:33:38.016,0.1379999965429306,-0.08089999854564667,55.4795036315918,1031.323974609375,Follow status: abort
2025-05-29 13:33:39.016,0.1379999965429306,-0.08089999854564667,55.4795036315918,1031.323974609375,Follow status: abort
2025-05-29 13:33:40.016,0.1379999965429306,-0.08089999854564667,55.4795036315918,1031.323974609375,Follow status: abort
2025-05-29 13:33:41.016,0.1379999965429306,-0.08089999854564667,55.4795036315918,1031.323974609375,Follow status: abort
2025-05-29 13:33:42.016,0.1379999965429306,-0.08089999854564667,55.4795036315918,1031.323974609375,Follow status: abort
2025-05-29 13:33:43.016,0.1379999965429306,-0.08089999854564667,55.4795036315918,1031.323974609375,Follow status: abort
2025-05-29 13:33:44.016,0.1379999965429306,-0.08089999854564667,55.4795036315918,1031.323974609375,Follow status: abort
2025-05-29 13:33:45.016,0.1379999965429306,-0.08089999854564667,55.4795036315918,1031.323974609375,Follow status: abort
2025-05-29 13:33:46.016,0.1379999965429306,-0.08089999854564667,55.4795036315918,1031.323974609375,Follow status: abort
2025-05-29 13:33:47.016,0.1379999965429306,-0.08089999854564667,55.4795036315918,1031.323974609375,Follow status: abort
2025-05-29 13:33:48.016,0.1379999965429306,-0.08089999854564667,55.4795036315918,1031.323974609375,Follow status: abort
2025-05-29 13:33:49.016,0.1379999965429306,-0.08089999854564667,55.4795036315918,1031.323974609375,Follow status: abort
2025-05-29 13:33:50.016,0.1379999965429306,-0.08089999854564667,55.4795036315918,1031.323974609375,Follow status: abort
2025-05-29 13:33:51.016,0.1379999965429306,-0.08089999854564667,55.4795036315918,1031.323974609375,Follow status: abort
2025-05-29 13:33:52.016,0.1379999965429306,-0.08089999854564667,55.4795036315918,1031.323974609375,Follow status: abort
2025-05-29 13:33:53.016,0.1379999965429306,-0.08089999854564667,55.4795036315918,1031.323974609375,Follow status: abort
2025-05-29 13:33:54.016,0.1379999965429306,-0.08089999854564667,55.4795036315918,1031.323974609375,Follow status: abort
2025-05-29 13:33:55.016,0.1379999965429306,-0.08089999854564667,55.4795036315918,1031.323974609375,Follow status: abort
2025-05-29 13:33:56.016,0.1379999965429306,-0.08089999854564667,55.4795036315918,1031.323974609375,Follow status: abort
2025-05-29 13:33:57.016,0.1379999965429306,-0.08089999854564667,55.4795036315918,1031.323974609375,Follow status: abort
2025-05-29 13:33:58.016,0.1379999965429306,-0.08089999854564667,55.4795036315918,1031.323974609375,Follow status: abort
2025-05-29 13:33:59.016,0.1379999965429306,-0.08089999854564667,55.4795036315918,1031.323974609375,Follow status: abort
2025-05-29 13:34:00.016,0.1379999965429306,-0.08089999854564667,55.4795036315918,1031.323974609375,Follow status: abort
2025-05-29 13:34:01.016,0.1379999965429306,-0.08089999854564667,55.4795036315918,1031.323974609375,Follow status: abort
2025-05-29 13:34:02.016,0.1379999965429306,-0.08089999854564667,55.4795036315918,1031.323974609375,Follow status: abort
2025-05-29 13:34:03.016,0.1379999965429306,-0.08089999854564667,55.4795036315918,1031.323974609375,Follow status: abort
2025-05-29 13:34:04.016,0.1379999965429306,-0.08089999854564667,55.4795036315918,1031.323974609375,Follow status: abort
2025-05-29 13:34:05.016,0.1379999965429306,-0.08089999854564667,55.4795036315918,1031.323974609375,Follow status: abort
2025-05-29 13:34:06.016,0.1379999965429306,-0.08089999854564667,55.4795036315918,1031.323974609375,Follow status: abort
2025-05-29 13:34:07.016,0.1379999965429306,-0.08089999854564667,55.4795036315918,1031.323974609375,Follow status: abort
2025-05-29 13:34:08.016,0.1379999965429306,-0.08089999854564667,55.4795036315918,1031.323974609375,Follow status: abort
2025-05-29 13:34:09.016,0.1379999965429306,-0.08089999854564667,55.4795036315918,1031.323974609375,Follow status: abort
2025-05-29 13:34:10.016,0.1379999965429306,-0.08089999854564667,55.4795036315918,1031.323974609375,Follow status: abort
2025-05-29 13:34:11.016,0.1379999965429306,-0.08089999854564667,55.4795036315918,1031.323974609375,Follow status: abort
2025-05-29 13:34:12.016,0.1379999965429306,-0.08089999854564667,55.4795036315918,1031.323974609375,Follow status: abort
2025-05-29 13:34:13.016,0.1379999965429306,-0.08089999854564667,55.4795036315918,1031.323974609375,Follow status: abort
2025-05-29 13:34:14.016,0.1379999965429306,-0.08089999854564667,55.4795036315918,1031.323974609375,Follow status: abort
2025-05-29 13:34:15.016,0.1379999965429306,-0.08089999854564667,55.4795036315918,1031.323974609375,Follow status: abort
2025-05-29 13:34:16.016,0.1379999965429306,-0.08089999854564667,55.4795036315918,1031.323974609375,Follow status: abort
2025-05-29 13:34:17.016,0.1379999965429306,-0.08089999854564667,55.4795036315918,1031.323974609375,Follow status: abort
2025-05-29 13:34:18.016,0.1379999965429306,-0.08089999854564667,55.4795036315918,1031.323974609375,Follow status: abort
2025-05-29 13:34:19.016,0.1379999965429306,-0.08089999854564667,55.4795036315918,1031.323974609375,Follow status: abort
2025-05-29 13:34:20.016,0.1379999965429306,-0.08089999854564667,55.4795036315918,1031.323974609375,Follow status: abort
2025-05-29 13:34:21.016,0.1379999965429306,-0.08089999854564667,55.4795036315918,1031.323974609375,Follow status: abort
2025-05-29 13:34:22.016,0.1379999965429306,-0.08089999854564667,55.4795036315918,1031.323974609375,Follow status: abort
2025-05-29 13:34:23.016,0.1379999965429306,-0.08089999854564667,55.4795036315918,1031.323974609375,Follow status: abort
2025-05-29 13:34:24.016,0.1379999965429306,-0.08089999854564667,55.4795036315918,1031.323974609375,Follow status: abort
2025-05-29 13:34:25.016,0.1379999965429306,-0.08089999854564667,55.4795036315918,1031.323974609375,Follow status: abort
2025-05-29 13:34:26.016,0.1379999965429306,-0.08089999854564667,55.4795036315918,1031.323974609375,Follow status: abort
2025-05-29 13:34:27.016,0.1379999965429306,-0.08089999854564667,55.4795036315918,1031.323974609375,Follow status: abort
2025-05-29 13:34:28.016,0.1379999965429306,-0.08089999854564667,55.4795036315918,1031.323974609375,Follow status: abort
2025-05-29 13:34:29.016,0.1379999965429306,-0.08089999854564667,55.4795036315918,1031.323974609375,Follow status: abort
2025-05-29 13:34:30.016,0.1379999965429306,-0.08089999854564667,55.4795036315918,1031.323974609375,Follow status: abort
2025-05-29 13:34:31.016,0.1379999965429306,-0.08089999854564667,55.4795036315918,1031.323974609375,Follow status: abort
2025-05-29 13:34:32.016,0.1379999965429306,-0.08089999854564667,55.4795036315918,1031.323974609375,Follow status: abort
2025-05-29 13:34:33.016,0.1379999965429306,-0.08089999854564667,55.4795036315918,1031.323974609375,Follow status: abort
2025-05-29 13:34:34.016,0.1379999965429306,-0.08089999854564667,55.4795036315918,1031.323974609375,Follow status: abort
2025-05-29 13:34:35.016,0.1379999965429306,-0.08089999854564667,55.4795036315918,1031.323974609375,Follow status: abort
2025-05-29 13:34:36.016,0.1379999965429306,-0.08089999854564667,55.4795036315918,1031.323974609375,Follow status: abort
2025-05-29 13:34:37.016,0.1379999965429306,-0.08089999854564667,55.4795036315918,1031.323974609375,Follow status: abort
2025-05-29 13:34:38.016,0.1379999965429306,-0.08089999854564667,55.4795036315918,1031.323974609375,Follow status: abort
2025-05-29 13:34:39.016,0.1379999965429306,-0.08089999854564667,55.4795036315918,1031.323974609375,Follow status: abort
2025-05-29 13:34:40.016,0.1379999965429306,-0.08089999854564667,55.4795036315918,1031.323974609375,Follow status: abort
2025-05-29 13:34:41.016,0.1379999965429306,-0.08089999854564667,55.4795036315918,1031.323974609375,Follow status: abort
2025-05-29 13:34:42.016,0.1379999965429306,-0.08089999854564667,55.4795036315918,1031.323974609375,Follow status: abort
2025-05-29 13:34:43.016,0.1379999965429306,-0.08089999854564667,55.4795036315918,1031.323974609375,Follow status: abort
2025-05-29 13:34:44.016,0.1379999965429306,-0.08089999854564667,55.4795036315918,1031.323974609375,Follow status: abort
2025-05-29 13:34:45.016,0.1379999965429306,-0.08089999854564667,55.4795036315918,1031.323974609375,Follow status: abort
2025-05-29 13:34:46.016,0.1379999965429306,-0.08089999854564667,55.4795036315918,1031.323974609375,Follow status: abort
2025-05-29 13:34:47.016,0.1379999965429306,-0.08089999854564667,55.4795036315918,1031.323974609375,Follow status: abort
2025-05-29 13:34:48.016,0.1379999965429306,-0.08089999854564667,55.4795036315918,1031.323974609375,Follow status: abort
2025-05-29 13:34:49.016,0.1379999965429306,-0.08089999854564667,55.4795036315918,1031.323974609375,Follow status: abort
2025-05-29 13:34:50.016,0.1379999965429306,-0.08089999854564667,55.4795036315918,1031.323974609375,Follow status: abort
2025-05-29 13:34:51.016,0.1379999965429306,-0.08089999854564667,55.4795036315918,1031.323974609375,Follow status: abort
2025-05-29 13:34:52.016,0.1379999965429306,-0.08089999854564667,55.4795036315918,1031.323974609375,Follow status: abort
2025-05-29 13:34:53.016,0.1379999965429306,-0.08089999854564667,55.4795036315918,1031.323974609375,Follow status: abort
2025-05-29 13:34:54.016,0.1379999965429306,-0.08089999854564667,55.4795036315918,1031.323974609375,Follow status: abort
2025-05-29 13:34:55.016,0.1379999965429306,-0.08089999854564667,55.4795036315918,1031.323974609375,Follow status: abort
2025-05-29 13:34:56.016,0.1379999965429306,-0.08089999854564667,55.4795036315918,1031.323974609375,Follow status: abort
2025-05-29 13:34:57.016,0.1379999965429306,-0.08089999854564667,55.4795036315918,1031.323974609375,Follow status: abort
2025-05-29 13:34:58.016,0.1379999965429306,-0.08089999854564667,55.4795036315918,1031.323974609375,Follow status: abort
2025-05-29 13:34:59.016,0.1379999965429306,-0.08089999854564667,55.4795036315918,1031.323974609375,Follow status: abort
2025-05-29 13:35:00.016,0.1379999965429306,-0.08089999854564667,55.4795036315918,1031.323974609375,Follow status: abort
2025-05-29 13:35:01.016,0.1379999965429306,-0.08089999854564667,55.4795036315918,1031.323974609375,Follow status: abort
2025-05-29 13:35:02.016,0.1379999965429306,-0.08089999854564667,55.4795036315918,1031.323974609375,Follow status: abort
2025-05-29 13:35:03.016,0.1379999965429306,-0.08089999854564667,55.4795036315918,1031.323974609375,Follow status: abort
2025-05-29 13:35:04.016,0.1379999965429306,-0.08089999854564667,55.4795036315918,1031.323974609375,Follow status: abort
2025-05-29 13:35:05.016,0.1379999965429306,-0.08089999854564667,55.4795036315918,1031.323974609375,Follow status: abort
2025-05-29 13:35:06.016,0.1379999965429306,-0.08089999854564667,55.4795036315918,1031.323974609375,Follow status: abort
2025-05-29 13:35:07.016,0.1379999965429306,-0.08089999854564667,55.4795036315918,1031.323974609375,Follow status: abort
2025-05-29 13:35:08.016,0.1379999965429306,-0.08089999854564667,55.4795036315918,1031.323974609375,Follow status: abort
2025-05-29 13:35:09.016,0.1379999965429306,-0.08089999854564667,55.4795036315918,1031.323974609375,Follow status: abort
2025-05-29 13:35:10.016,0.1379999965429306,-0.08089999854564667,55.4795036315918,1031.323974609375,Follow status: abort
2025-05-29 13:35:11.016,0.1379999965429306,-0.08089999854564667,55.4795036315918,1031.323974609375,Follow status: abort
2025-05-29 13:35:12.016,0.1379999965429306,-0.08089999854564667,55.4795036315918,1031.323974609375,Follow status: abort
2025-05-29 13:35:13.016,0.1379999965429306,-0.08089999854564667,55.4795036315918,1031.323974609375,Follow status: abort
2025-05-29 13:35:14.017,0.1379999965429306,-0.08089999854564667,55.4795036315918,1031.323974609375,Follow status: abort
2025-05-29 13:35:15.016,0.1379999965429306,-0.08089999854564667,55.4795036315918,1031.323974609375,Follow status: abort
2025-05-29 13:35:16.016,0.1379999965429306,-0.08089999854564667,55.4795036315918,1031.323974609375,Follow status: abort
2025-05-29 13:35:17.016,0.1379999965429306,-0.08089999854564667,55.4795036315918,1031.323974609375,Follow status: abort
2025-05-29 13:35:18.016,0.1379999965429306,-0.08089999854564667,55.4795036315918,1031.323974609375,Follow status: abort
2025-05-29 13:35:19.017,0.1379999965429306,-0.08089999854564667,55.4795036315918,1031.323974609375,Follow status: abort
2025-05-29 13:35:20.016,0.1379999965429306,-0.08089999854564667,55.4795036315918,1031.323974609375,Follow status: abort
2025-05-29 13:35:21.016,0.1379999965429306,-0.08089999854564667,55.4795036315918,1031.323974609375,Follow status: abort
2025-05-29 13:35:22.016,0.1379999965429306,-0.08089999854564667,55.4795036315918,1031.323974609375,Follow status: abort
2025-05-29 13:35:23.016,0.1379999965429306,-0.08089999854564667,55.4795036315918,1031.323974609375,Follow status: abort
2025-05-29 13:35:24.016,0.1379999965429306,-0.08089999854564667,55.4795036315918,1031.323974609375,Follow status: abort
2025-05-29 13:35:25.016,0.1379999965429306,-0.08089999854564667,55.4795036315918,1031.323974609375,Follow status: abort
2025-05-29 13:35:26.016,0.1379999965429306,-0.08089999854564667,55.4795036315918,1031.323974609375,Follow status: abort
2025-05-29 13:35:27.016,0.1379999965429306,-0.08089999854564667,55.4795036315918,1031.323974609375,Follow status: abort
2025-05-29 13:35:28.016,0.1379999965429306,-0.08089999854564667,55.4795036315918,1031.323974609375,Follow status: abort
2025-05-29 13:35:29.016,0.1379999965429306,-0.08089999854564667,55.4795036315918,1031.323974609375,Follow status: abort
2025-05-29 13:35:30.016,0.1379999965429306,-0.08089999854564667,55.4795036315918,1031.323974609375,Follow status: abort
2025-05-29 13:35:31.016,0.1379999965429306,-0.08089999854564667,55.4795036315918,1031.323974609375,Follow status: abort
2025-05-29 13:35:32.016,0.1379999965429306,-0.08089999854564667,55.4795036315918,1031.323974609375,Follow status: abort
2025-05-29 13:35:33.016,0.1379999965429306,-0.08089999854564667,55.4795036315918,1031.323974609375,Follow status: abort
2025-05-29 13:35:34.016,0.1379999965429306,-0.08089999854564667,55.4795036315918,1031.323974609375,Follow status: abort
2025-05-29 13:35:35.016,0.1379999965429306,-0.08089999854564667,55.4795036315918,1031.323974609375,Follow status: abort
2025-05-29 13:35:36.016,0.1379999965429306,-0.08089999854564667,55.4795036315918,1031.323974609375,Follow status: abort
2025-05-29 13:35:37.016,0.1379999965429306,-0.08089999854564667,55.4795036315918,1031.323974609375,Follow status: abort
2025-05-29 13:35:38.016,0.1379999965429306,-0.08089999854564667,55.4795036315918,1031.323974609375,Follow status: abort
2025-05-29 13:35:39.016,0.1379999965429306,-0.08089999854564667,55.4795036315918,1031.323974609375,Follow status: abort
2025-05-29 13:35:40.016,0.1379999965429306,-0.08089999854564667,55.4795036315918,1031.323974609375,Follow status: abort
2025-05-29 13:35:41.016,0.1379999965429306,-0.08089999854564667,55.4795036315918,1031.323974609375,Follow status: abort
2025-05-29 13:35:42.016,0.1379999965429306,-0.08089999854564667,55.4795036315918,1031.323974609375,Follow status: abort
2025-05-29 13:35:43.016,0.1379999965429306,-0.08089999854564667,55.4795036315918,1031.323974609375,Follow status: abort
2025-05-29 13:35:44.016,0.1379999965429306,-0.08089999854564667,55.4795036315918,1031.323974609375,Follow status: abort
2025-05-29 13:35:45.016,0.1379999965429306,-0.08089999854564667,55.4795036315918,1031.323974609375,Follow status: abort
2025-05-29 13:35:46.016,0.1379999965429306,-0.08089999854564667,55.4795036315918,1031.323974609375,Follow status: abort
2025-05-29 13:35:47.016,0.1379999965429306,-0.08089999854564667,55.4795036315918,1031.323974609375,Follow status: abort
2025-05-29 13:35:48.016,0.1379999965429306,-0.08089999854564667,55.4795036315918,1031.323974609375,Follow status: abort
2025-05-29 13:35:49.016,0.1379999965429306,-0.08089999854564667,55.4795036315918,1031.323974609375,Follow status: abort
2025-05-29 13:35:50.016,0.1379999965429306,-0.08089999854564667,55.4795036315918,1031.323974609375,Follow status: abort
2025-05-29 13:35:51.016,0.1379999965429306,-0.08089999854564667,55.4795036315918,1031.323974609375,Follow status: abort
2025-05-29 13:35:52.016,0.1379999965429306,-0.08089999854564667,55.4795036315918,1031.323974609375,Follow status: abort
2025-05-29 13:35:53.016,0.1379999965429306,-0.08089999854564667,55.4795036315918,1031.323974609375,Follow status: abort
2025-05-29 13:35:54.016,0.1379999965429306,-0.08089999854564667,55.4795036315918,1031.323974609375,Follow status: abort
2025-05-29 13:35:55.016,0.1379999965429306,-0.08089999854564667,55.4795036315918,1031.323974609375,Follow status: abort
2025-05-29 13:35:56.016,0.1379999965429306,-0.08089999854564667,55.4795036315918,1031.323974609375,Follow status: abort
2025-05-29 13:35:57.016,0.1379999965429306,-0.08089999854564667,55.4795036315918,1031.323974609375,Follow status: abort
2025-05-29 13:35:58.016,0.1379999965429306,-0.08089999854564667,55.4795036315918,1031.323974609375,Follow status: abort
2025-05-29 13:35:59.016,0.1379999965429306,-0.08089999854564667,55.4795036315918,1031.323974609375,Follow status: abort
2025-05-29 13:36:00.016,0.1379999965429306,-0.08089999854564667,55.4795036315918,1031.323974609375,Follow status: abort
2025-05-29 13:36:01.016,0.1379999965429306,-0.08089999854564667,55.4795036315918,1031.323974609375,Follow status: abort
2025-05-29 13:36:02.016,0.1379999965429306,-0.08089999854564667,55.4795036315918,1031.323974609375,Follow status: abort
2025-05-29 13:36:03.016,0.1379999965429306,-0.08089999854564667,55.4795036315918,1031.323974609375,Follow status: abort
2025-05-29 13:36:04.016,0.1379999965429306,-0.08089999854564667,55.4795036315918,1031.323974609375,Follow status: abort
2025-05-29 13:36:05.016,0.1379999965429306,-0.08089999854564667,55.4795036315918,1031.323974609375,Follow status: abort
2025-05-29 13:36:06.016,0.1379999965429306,-0.08089999854564667,55.4795036315918,1031.323974609375,Follow status: abort
2025-05-29 13:36:07.016,0.1379999965429306,-0.08089999854564667,55.4795036315918,1031.323974609375,Follow status: abort
2025-05-29 13:36:08.016,0.1379999965429306,-0.08089999854564667,55.4795036315918,1031.323974609375,Follow status: abort
2025-05-29 13:36:09.016,0.1379999965429306,-0.08089999854564667,55.4795036315918,1031.323974609375,Follow status: abort
2025-05-29 13:36:10.016,0.1379999965429306,-0.08089999854564667,55.4795036315918,1031.323974609375,Follow status: abort
2025-05-29 13:36:11.016,0.1379999965429306,-0.08089999854564667,55.4795036315918,1031.323974609375,Follow status: abort
2025-05-29 13:36:12.016,0.1379999965429306,-0.08089999854564667,55.4795036315918,1031.323974609375,Follow status: abort
2025-05-29 13:36:13.016,0.1379999965429306,-0.08089999854564667,55.4795036315918,1031.323974609375,Follow status: abort
2025-05-29 13:36:14.016,0.1379999965429306,-0.08089999854564667,55.4795036315918,1031.323974609375,Follow status: abort
2025-05-29 13:36:15.016,0.1379999965429306,-0.08089999854564667,55.4795036315918,1031.323974609375,Follow status: abort
2025-05-29 13:36:16.016,0.1379999965429306,-0.08089999854564667,55.4795036315918,1031.323974609375,Follow status: abort
2025-05-29 13:36:17.016,0.1379999965429306,-0.08089999854564667,55.4795036315918,1031.323974609375,Follow status: abort
2025-05-29 13:36:18.016,0.1379999965429306,-0.08089999854564667,55.4795036315918,1031.323974609375,Follow status: abort
2025-05-29 13:36:19.016,0.1379999965429306,-0.08089999854564667,55.4795036315918,1031.323974609375,Follow status: abort
2025-05-29 13:36:20.016,0.1379999965429306,-0.08089999854564667,55.4795036315918,1031.323974609375,Follow status: abort
2025-05-29 13:36:21.016,0.1379999965429306,-0.08089999854564667,55.4795036315918,1031.323974609375,Follow status: abort
2025-05-29 13:36:22.016,0.1379999965429306,-0.08089999854564667,55.4795036315918,1031.323974609375,Follow status: abort
2025-05-29 13:36:23.016,0.1379999965429306,-0.08089999854564667,55.4795036315918,1031.323974609375,Follow status: abort
2025-05-29 13:36:24.016,0.1379999965429306,-0.08089999854564667,55.4795036315918,1031.323974609375,Follow status: abort
2025-05-29 13:36:25.016,0.1379999965429306,-0.08089999854564667,55.4795036315918,1031.323974609375,Follow status: abort
2025-05-29 13:36:26.016,0.1379999965429306,-0.08089999854564667,55.4795036315918,1031.323974609375,Follow status: abort
2025-05-29 13:36:27.016,0.1379999965429306,-0.08089999854564667,55.4795036315918,1031.323974609375,Follow status: abort
2025-05-29 13:36:28.016,0.1379999965429306,-0.08089999854564667,55.4795036315918,1031.323974609375,Follow status: abort
2025-05-29 13:36:29.016,0.1379999965429306,-0.08089999854564667,55.4795036315918,1031.323974609375,Follow status: abort
2025-05-29 13:36:30.016,0.1379999965429306,-0.08089999854564667,55.4795036315918,1031.323974609375,Follow status: abort
2025-05-29 13:36:31.016,0.1379999965429306,-0.08089999854564667,55.4795036315918,1031.323974609375,Follow status: abort
2025-05-29 13:36:32.016,0.1379999965429306,-0.08089999854564667,55.4795036315918,1031.323974609375,Follow status: abort
2025-05-29 13:36:33.016,0.1379999965429306,-0.08089999854564667,55.4795036315918,1031.323974609375,Follow status: abort
2025-05-29 13:36:34.016,0.1379999965429306,-0.08089999854564667,55.4795036315918,1031.323974609375,Follow status: abort
2025-05-29 13:36:35.016,0.1379999965429306,-0.08089999854564667,55.4795036315918,1031.323974609375,Follow status: abort
2025-05-29 13:36:36.016,0.1379999965429306,-0.08089999854564667,55.4795036315918,1031.323974609375,Follow status: abort
2025-05-29 13:36:37.016,0.1379999965429306,-0.08089999854564667,55.4795036315918,1031.323974609375,Follow status: abort
2025-05-29 13:36:38.016,0.1379999965429306,-0.08089999854564667,55.4795036315918,1031.323974609375,Follow status: abort
2025-05-29 13:36:39.016,0.1379999965429306,-0.08089999854564667,55.4795036315918,1031.323974609375,Follow status: abort
2025-05-29 13:36:40.016,0.1379999965429306,-0.08089999854564667,55.4795036315918,1031.323974609375,Follow status: abort
2025-05-29 13:36:41.016,0.1379999965429306,-0.08089999854564667,55.4795036315918,1031.323974609375,Follow status: abort
2025-05-29 13:36:42.016,0.1379999965429306,-0.08089999854564667,55.4795036315918,1031.323974609375,Follow status: abort
2025-05-29 13:36:43.016,0.1379999965429306,-0.08089999854564667,55.4795036315918,1031.323974609375,Follow status: abort
2025-05-29 13:36:44.016,0.1379999965429306,-0.08089999854564667,55.4795036315918,1031.323974609375,Follow status: abort
2025-05-29 13:36:45.016,0.1379999965429306,-0.08089999854564667,55.4795036315918,1031.323974609375,Follow status: abort
2025-05-29 13:36:46.016,0.1379999965429306,-0.08089999854564667,55.4795036315918,1031.323974609375,Follow status: abort
2025-05-29 13:36:47.016,0.1379999965429306,-0.08089999854564667,55.4795036315918,1031.323974609375,Follow status: abort
2025-05-29 13:36:48.016,0.1379999965429306,-0.08089999854564667,55.4795036315918,1031.323974609375,Follow status: abort
2025-05-29 13:36:49.016,0.1379999965429306,-0.08089999854564667,55.4795036315918,1031.323974609375,Follow status: abort
2025-05-29 13:36:50.016,0.1379999965429306,-0.08089999854564667,55.4795036315918,1031.323974609375,Follow status: abort
2025-05-29 13:36:51.016,0.1379999965429306,-0.08089999854564667,55.4795036315918,1031.323974609375,Follow status: abort
2025-05-29 13:36:52.016,0.1379999965429306,-0.08089999854564667,55.4795036315918,1031.323974609375,Follow status: abort
2025-05-29 13:36:53.016,0.1379999965429306,-0.08089999854564667,55.4795036315918,1031.323974609375,Follow status: abort
2025-05-29 13:36:54.016,0.1379999965429306,-0.08089999854564667,55.4795036315918,1031.323974609375,Follow status: abort
2025-05-29 13:36:55.016,0.1379999965429306,-0.08089999854564667,55.4795036315918,1031.323974609375,Follow status: abort
2025-05-29 13:36:56.016,0.1379999965429306,-0.08089999854564667,55.4795036315918,1031.323974609375,Follow status: abort
2025-05-29 13:36:57.016,0.1379999965429306,-0.08089999854564667,55.4795036315918,1031.323974609375,Follow status: abort
2025-05-29 13:36:58.016,0.1379999965429306,-0.08089999854564667,55.4795036315918,1031.323974609375,Follow status: abort
2025-05-29 13:36:59.016,0.1379999965429306,-0.08089999854564667,55.4795036315918,1031.323974609375,Follow status: abort
2025-05-29 13:37:00.016,0.1379999965429306,-0.08089999854564667,55.4795036315918,1031.323974609375,Follow status: abort
2025-05-29 13:37:01.016,0.1379999965429306,-0.08089999854564667,55.4795036315918,1031.323974609375,Follow status: abort
2025-05-29 13:37:02.016,0.1379999965429306,-0.08089999854564667,55.4795036315918,1031.323974609375,Follow status: abort
2025-05-29 13:37:03.016,0.1379999965429306,-0.08089999854564667,55.4795036315918,1031.323974609375,Follow status: abort
2025-05-29 13:37:04.016,0.1379999965429306,-0.08089999854564667,55.4795036315918,1031.323974609375,Follow status: abort
2025-05-29 13:37:05.016,0.1379999965429306,-0.08089999854564667,55.4795036315918,1031.323974609375,Follow status: abort
2025-05-29 13:37:06.016,0.1379999965429306,-0.08089999854564667,55.4795036315918,1031.323974609375,Follow status: abort
2025-05-29 13:37:07.016,0.1379999965429306,-0.08089999854564667,55.4795036315918,1031.323974609375,Follow status: abort
2025-05-29 13:37:08.016,0.1379999965429306,-0.08089999854564667,55.4795036315918,1031.323974609375,Follow status: abort
2025-05-29 13:37:09.016,0.1379999965429306,-0.08089999854564667,55.4795036315918,1031.323974609375,Follow status: abort
2025-05-29 13:37:10.016,0.1379999965429306,-0.08089999854564667,55.4795036315918,1031.323974609375,Follow status: abort
2025-05-29 13:37:11.016,0.1379999965429306,-0.08089999854564667,55.4795036315918,1031.323974609375,Follow status: abort
2025-05-29 13:37:12.016,0.1379999965429306,-0.08089999854564667,55.4795036315918,1031.323974609375,Follow status: abort
2025-05-29 13:37:13.016,0.1379999965429306,-0.08089999854564667,55.4795036315918,1031.323974609375,Follow status: abort
2025-05-29 13:37:14.016,0.1379999965429306,-0.08089999854564667,55.4795036315918,1031.323974609375,Follow status: abort
2025-05-29 13:37:15.016,0.1379999965429306,-0.08089999854564667,55.4795036315918,1031.323974609375,Follow status: abort
2025-05-29 13:37:16.016,0.1379999965429306,-0.08089999854564667,55.4795036315918,1031.323974609375,Follow status: abort
2025-05-29 13:37:17.016,0.1379999965429306,-0.08089999854564667,55.4795036315918,1031.323974609375,Follow status: abort
2025-05-29 13:37:18.016,0.1379999965429306,-0.08089999854564667,55.4795036315918,1031.323974609375,Follow status: abort
2025-05-29 13:37:19.016,0.1379999965429306,-0.08089999854564667,55.4795036315918,1031.323974609375,Follow status: abort
2025-05-29 13:37:20.016,0.1379999965429306,-0.08089999854564667,55.4795036315918,1031.323974609375,Follow status: abort
2025-05-29 13:37:21.016,0.1379999965429306,-0.08089999854564667,55.4795036315918,1031.323974609375,Follow status: abort
2025-05-29 13:37:22.016,0.1379999965429306,-0.08089999854564667,55.4795036315918,1031.323974609375,Follow status: abort
2025-05-29 13:37:23.016,0.1379999965429306,-0.08089999854564667,55.4795036315918,1031.323974609375,Follow status: abort
2025-05-29 13:37:24.016,0.1379999965429306,-0.08089999854564667,55.4795036315918,1031.323974609375,Follow status: abort
2025-05-29 13:37:25.016,0.1379999965429306,-0.08089999854564667,55.4795036315918,1031.323974609375,Follow status: abort
2025-05-29 13:37:26.016,0.1379999965429306,-0.08089999854564667,55.4795036315918,1031.323974609375,Follow status: abort
2025-05-29 13:37:27.016,0.1379999965429306,-0.08089999854564667,55.4795036315918,1031.323974609375,Follow status: abort
2025-05-29 13:37:28.016,0.1379999965429306,-0.08089999854564667,55.4795036315918,1031.323974609375,Follow status: abort
2025-05-29 13:37:29.016,0.1379999965429306,-0.08089999854564667,55.4795036315918,1031.323974609375,Follow status: abort
2025-05-29 13:37:30.016,0.1379999965429306,-0.08089999854564667,55.4795036315918,1031.323974609375,Follow status: abort
2025-05-29 13:37:31.016,0.1379999965429306,-0.08089999854564667,55.4795036315918,1031.323974609375,Follow status: abort
2025-05-29 13:37:32.016,0.1379999965429306,-0.08089999854564667,55.4795036315918,1031.323974609375,Follow status: abort
2025-05-29 13:37:33.016,0.1379999965429306,-0.08089999854564667,55.4795036315918,1031.323974609375,Follow status: abort
2025-05-29 13:37:34.016,0.1379999965429306,-0.08089999854564667,55.4795036315918,1031.323974609375,Follow status: abort
2025-05-29 13:37:35.016,0.1379999965429306,-0.08089999854564667,55.4795036315918,1031.323974609375,Follow status: abort
2025-05-29 13:37:36.016,0.1379999965429306,-0.08089999854564667,55.4795036315918,1031.323974609375,Follow status: abort
2025-05-29 13:37:37.016,0.1379999965429306,-0.08089999854564667,55.4795036315918,1031.323974609375,Follow status: abort
2025-05-29 13:37:38.016,0.1379999965429306,-0.08089999854564667,55.4795036315918,1031.323974609375,Follow status: abort
2025-05-29 13:37:39.016,0.1379999965429306,-0.08089999854564667,55.4795036315918,1031.323974609375,Follow status: abort
2025-05-29 13:37:40.016,0.1379999965429306,-0.08089999854564667,55.4795036315918,1031.323974609375,Follow status: abort
2025-05-29 13:37:41.016,0.1379999965429306,-0.08089999854564667,55.4795036315918,1031.323974609375,Follow status: abort
2025-05-29 13:37:42.016,0.1379999965429306,-0.08089999854564667,55.4795036315918,1031.323974609375,Follow status: abort
2025-05-29 13:37:43.016,0.1379999965429306,-0.08089999854564667,55.4795036315918,1031.323974609375,Follow status: abort
2025-05-29 13:37:44.016,0.1379999965429306,-0.08089999854564667,55.4795036315918,1031.323974609375,Follow status: abort
2025-05-29 13:37:45.016,0.1379999965429306,-0.08089999854564667,55.4795036315918,1031.323974609375,Follow status: abort
2025-05-29 13:37:46.016,0.1379999965429306,-0.08089999854564667,55.4795036315918,1031.323974609375,Follow status: abort
2025-05-29 13:37:47.016,0.1379999965429306,-0.08089999854564667,55.4795036315918,1031.323974609375,Follow status: abort
2025-05-29 13:37:48.016,0.1379999965429306,-0.08089999854564667,55.4795036315918,1031.323974609375,Follow status: abort
2025-05-29 13:37:49.016,0.1379999965429306,-0.08089999854564667,55.4795036315918,1031.323974609375,Follow status: abort
2025-05-29 13:37:50.016,0.1379999965429306,-0.08089999854564667,55.4795036315918,1031.323974609375,Follow status: abort
2025-05-29 13:37:51.016,0.1379999965429306,-0.08089999854564667,55.4795036315918,1031.323974609375,Follow status: abort
2025-05-29 13:37:52.016,0.1379999965429306,-0.08089999854564667,55.4795036315918,1031.323974609375,Follow status: abort
2025-05-29 13:37:53.016,0.1379999965429306,-0.08089999854564667,55.4795036315918,1031.323974609375,Follow status: abort
2025-05-29 13:37:54.016,0.1379999965429306,-0.08089999854564667,55.4795036315918,1031.323974609375,Follow status: abort
2025-05-29 13:37:55.016,0.1379999965429306,-0.08089999854564667,55.4795036315918,1031.323974609375,Follow status: abort
2025-05-29 13:37:56.016,0.1379999965429306,-0.08089999854564667,55.4795036315918,1031.323974609375,Follow status: abort
2025-05-29 13:37:57.016,0.1379999965429306,-0.08089999854564667,55.4795036315918,1031.323974609375,Follow status: abort
2025-05-29 13:37:58.016,0.1379999965429306,-0.08089999854564667,55.4795036315918,1031.323974609375,Follow status: abort
2025-05-29 13:37:59.016,0.1379999965429306,-0.08089999854564667,55.4795036315918,1031.323974609375,Follow status: abort
2025-05-29 13:38:00.017,0.1379999965429306,-0.08089999854564667,55.4795036315918,1031.323974609375,Follow status: abort
2025-05-29 13:38:01.016,0.1379999965429306,-0.08089999854564667,55.4795036315918,1031.323974609375,Follow status: abort
2025-05-29 13:38:02.016,0.1379999965429306,-0.08089999854564667,55.4795036315918,1031.323974609375,Follow status: abort
2025-05-29 13:38:03.016,0.1379999965429306,-0.08089999854564667,55.4795036315918,1031.323974609375,Follow status: abort
2025-05-29 13:38:04.016,0.1379999965429306,-0.08089999854564667,55.4795036315918,1031.323974609375,Follow status: abort
2025-05-29 13:38:05.016,0.1379999965429306,-0.08089999854564667,55.4795036315918,1031.323974609375,Follow status: abort
2025-05-29 13:38:06.016,0.1379999965429306,-0.08089999854564667,55.4795036315918,1031.323974609375,Follow status: abort
2025-05-29 13:38:07.016,0.1379999965429306,-0.08089999854564667,55.4795036315918,1031.323974609375,Follow status: abort
2025-05-29 13:38:08.016,0.1379999965429306,-0.08089999854564667,55.4795036315918,1031.323974609375,Follow status: abort
2025-05-29 13:38:09.016,0.1379999965429306,-0.08089999854564667,55.4795036315918,1031.323974609375,Follow status: abort
2025-05-29 13:38:10.016,0.1379999965429306,-0.08089999854564667,55.4795036315918,1031.323974609375,Follow status: abort
2025-05-29 13:38:11.016,0.1379999965429306,-0.08089999854564667,55.4795036315918,1031.323974609375,Follow status: abort
2025-05-29 13:38:12.016,0.1379999965429306,-0.08089999854564667,55.4795036315918,1031.323974609375,Follow status: abort
2025-05-29 13:38:13.017,0.1379999965429306,-0.08089999854564667,55.4795036315918,1031.323974609375,Follow status: abort
2025-05-29 13:38:14.016,0.1379999965429306,-0.08089999854564667,55.4795036315918,1031.323974609375,Follow status: abort
2025-05-29 13:38:15.016,0.1379999965429306,-0.08089999854564667,55.4795036315918,1031.323974609375,Follow status: abort
2025-05-29 13:38:16.016,0.1379999965429306,-0.08089999854564667,55.4795036315918,1031.323974609375,Follow status: abort
2025-05-29 13:38:17.017,0.1379999965429306,-0.08089999854564667,55.4795036315918,1031.323974609375,Follow status: abort
2025-05-29 13:38:18.016,0.1379999965429306,-0.08089999854564667,55.4795036315918,1031.323974609375,Follow status: abort
2025-05-29 13:38:19.016,0.1379999965429306,-0.08089999854564667,55.4795036315918,1031.323974609375,Follow status: abort
2025-05-29 13:38:20.016,0.1379999965429306,-0.08089999854564667,55.4795036315918,1031.323974609375,Follow status: abort
2025-05-29 13:38:21.016,0.1379999965429306,-0.08089999854564667,55.4795036315918,1031.323974609375,Follow status: abort
2025-05-29 13:38:22.016,0.1379999965429306,-0.08089999854564667,55.4795036315918,1031.323974609375,Follow status: abort
2025-05-29 13:38:23.016,0.1379999965429306,-0.08089999854564667,55.4795036315918,1031.323974609375,Follow status: abort
2025-05-29 13:38:24.016,0.1379999965429306,-0.08089999854564667,55.4795036315918,1031.323974609375,Follow status: abort
2025-05-29 13:38:25.016,0.1379999965429306,-0.08089999854564667,55.4795036315918,1031.323974609375,Follow status: abort
2025-05-29 13:38:26.016,0.1379999965429306,-0.08089999854564667,55.4795036315918,1031.323974609375,Follow status: abort
2025-05-29 13:38:27.016,0.1379999965429306,-0.08089999854564667,55.4795036315918,1031.323974609375,Follow status: abort
2025-05-29 13:38:28.016,0.1379999965429306,-0.08089999854564667,55.4795036315918,1031.323974609375,Follow status: abort
2025-05-29 13:38:29.016,0.1379999965429306,-0.08089999854564667,55.4795036315918,1031.323974609375,Follow status: abort
2025-05-29 13:38:30.017,0.1379999965429306,-0.08089999854564667,55.4795036315918,1031.323974609375,Follow status: abort
2025-05-29 13:38:31.017,0.1379999965429306,-0.08089999854564667,55.4795036315918,1031.323974609375,Follow status: abort
2025-05-29 13:38:32.016,0.1379999965429306,-0.08089999854564667,55.4795036315918,1031.323974609375,Follow status: abort
2025-05-29 13:38:33.016,0.1379999965429306,-0.08089999854564667,55.4795036315918,1031.323974609375,Follow status: abort
2025-05-29 13:38:34.016,0.1379999965429306,-0.08089999854564667,55.4795036315918,1031.323974609375,Follow status: abort
2025-05-29 13:38:35.016,0.1379999965429306,-0.08089999854564667,55.4795036315918,1031.323974609375,Follow status: abort
2025-05-29 13:38:36.016,0.1379999965429306,-0.08089999854564667,55.4795036315918,1031.323974609375,Follow status: abort
2025-05-29 13:38:37.016,0.1379999965429306,-0.08089999854564667,55.4795036315918,1031.323974609375,Follow status: abort
2025-05-29 13:38:38.016,0.1379999965429306,-0.08089999854564667,55.4795036315918,1031.323974609375,Follow status: abort
2025-05-29 13:38:39.016,0.1379999965429306,-0.08089999854564667,55.4795036315918,1031.323974609375,Follow status: abort
2025-05-29 13:38:40.016,0.1379999965429306,-0.08089999854564667,55.4795036315918,1031.323974609375,Follow status: abort
2025-05-29 13:38:41.016,0.1379999965429306,-0.08089999854564667,55.4795036315918,1031.323974609375,Follow status: abort
2025-05-29 13:38:42.016,0.1379999965429306,-0.08089999854564667,55.4795036315918,1031.323974609375,Follow status: abort
2025-05-29 13:38:43.016,0.1379999965429306,-0.08089999854564667,55.4795036315918,1031.323974609375,Follow status: abort
2025-05-29 13:38:44.016,0.1379999965429306,-0.08089999854564667,55.4795036315918,1031.323974609375,Follow status: abort
2025-05-29 13:38:45.016,0.1379999965429306,-0.08089999854564667,55.4795036315918,1031.323974609375,Follow status: abort
2025-05-29 13:38:46.016,0.1379999965429306,-0.08089999854564667,55.4795036315918,1031.323974609375,Follow status: abort
2025-05-29 13:38:47.016,0.1379999965429306,-0.08089999854564667,55.4795036315918,1031.323974609375,Follow status: abort
2025-05-29 13:38:48.016,0.1379999965429306,-0.08089999854564667,55.4795036315918,1031.323974609375,Follow status: abort
2025-05-29 13:38:49.016,0.1379999965429306,-0.08089999854564667,55.4795036315918,1031.323974609375,Follow status: abort
2025-05-29 13:38:50.016,0.1379999965429306,-0.08089999854564667,55.4795036315918,1031.323974609375,Follow status: abort
2025-05-29 13:38:51.016,0.1379999965429306,-0.08089999854564667,55.4795036315918,1031.323974609375,Follow status: abort
2025-05-29 13:38:52.016,0.1379999965429306,-0.08089999854564667,55.4795036315918,1031.323974609375,Follow status: abort
2025-05-29 13:38:53.016,0.1379999965429306,-0.08089999854564667,55.4795036315918,1031.323974609375,Follow status: abort
2025-05-29 13:38:54.016,0.1379999965429306,-0.08089999854564667,55.4795036315918,1031.323974609375,Follow status: abort
2025-05-29 13:38:55.016,0.1379999965429306,-0.08089999854564667,55.4795036315918,1031.323974609375,Follow status: abort
2025-05-29 13:38:56.016,0.1379999965429306,-0.08089999854564667,55.4795036315918,1031.323974609375,Follow status: abort
2025-05-29 13:38:57.016,0.1379999965429306,-0.08089999854564667,55.4795036315918,1031.323974609375,Follow status: abort
2025-05-29 13:38:58.016,0.1379999965429306,-0.08089999854564667,55.4795036315918,1031.323974609375,Follow status: abort
2025-05-29 13:38:59.016,0.1379999965429306,-0.08089999854564667,55.4795036315918,1031.323974609375,Follow status: abort
2025-05-29 13:39:00.016,0.1379999965429306,-0.08089999854564667,55.4795036315918,1031.323974609375,Follow status: abort
2025-05-29 13:39:01.016,0.1379999965429306,-0.08089999854564667,55.4795036315918,1031.323974609375,Follow status: abort
2025-05-29 13:39:02.016,0.1379999965429306,-0.08089999854564667,55.4795036315918,1031.323974609375,Follow status: abort
2025-05-29 13:39:03.056,0.1379999965429306,-0.08089999854564667,55.4795036315918,1031.323974609375,Follow status: abort
2025-05-29 13:39:04.050,0.1379999965429306,-0.08089999854564667,55.4795036315918,1031.323974609375,Follow status: abort
2025-05-29 13:39:05.050,0.1379999965429306,-0.08089999854564667,55.4795036315918,1031.323974609375,Follow status: abort
2025-05-29 13:39:06.040,0.1379999965429306,-0.08089999854564667,55.4795036315918,1031.323974609375,Follow status: abort
2025-05-29 13:39:07.050,0.1379999965429306,-0.08089999854564667,55.4795036315918,1031.323974609375,Follow status: abort
2025-05-29 13:39:08.050,0.1379999965429306,-0.08089999854564667,55.4795036315918,1031.323974609375,Follow status: abort
2025-05-29 13:39:09.051,0.1379999965429306,-0.08089999854564667,55.4795036315918,1031.323974609375,Follow status: abort
2025-05-29 13:39:10.056,0.1379999965429306,-0.08089999854564667,55.4795036315918,1031.323974609375,Follow status: abort
2025-05-29 13:39:11.056,0.1379999965429306,-0.08089999854564667,55.4795036315918,1031.323974609375,Follow status: abort
2025-05-29 13:39:12.030,0.1379999965429306,-0.08089999854564667,55.4795036315918,1031.323974609375,Follow status: abort
2025-05-29 13:39:13.053,0.1379999965429306,-0.08089999854564667,55.4795036315918,1031.323974609375,Follow status: abort
2025-05-29 13:39:14.050,0.1379999965429306,-0.08089999854564667,55.4795036315918,1031.323974609375,Follow status: abort
2025-05-29 13:39:15.053,0.1379999965429306,-0.08089999854564667,55.4795036315918,1031.323974609375,Follow status: abort
2025-05-29 13:39:16.030,0.1379999965429306,-0.08089999854564667,55.4795036315918,1031.323974609375,Follow status: abort
2025-05-29 13:39:17.050,0.1379999965429306,-0.08089999854564667,55.4795036315918,1031.323974609375,Follow status: abort
2025-05-29 13:39:18.056,0.1379999965429306,-0.08089999854564667,55.4795036315918,1031.323974609375,Follow status: abort
2025-05-29 13:39:19.050,0.1379999965429306,-0.08089999854564667,55.4795036315918,1031.323974609375,Follow status: abort
2025-05-29 13:39:20.051,0.1379999965429306,-0.08089999854564667,55.4795036315918,1031.323974609375,Follow status: abort
2025-05-29 13:39:21.056,0.1379999965429306,-0.08089999854564667,55.4795036315918,1031.323974609375,Follow status: abort
2025-05-29 13:39:22.056,0.1379999965429306,-0.08089999854564667,55.4795036315918,1031.323974609375,Follow status: abort
2025-05-29 13:39:23.050,0.1379999965429306,-0.08089999854564667,55.4795036315918,1031.323974609375,Follow status: abort
2025-05-29 13:39:24.050,0.1379999965429306,-0.08089999854564667,55.4795036315918,1031.323974609375,Follow status: abort
2025-05-29 13:39:25.050,0.1379999965429306,-0.08089999854564667,55.4795036315918,1031.323974609375,Follow status: abort
2025-05-29 13:39:26.053,0.1379999965429306,-0.08089999854564667,55.4795036315918,1031.323974609375,Follow status: abort
2025-05-29 13:39:27.056,0.1379999965429306,-0.08089999854564667,55.4795036315918,1031.323974609375,Follow status: abort
2025-05-29 13:39:28.056,0.1379999965429306,-0.08089999854564667,55.4795036315918,1031.323974609375,Follow status: abort
2025-05-29 13:39:29.056,0.1379999965429306,-0.08089999854564667,55.4795036315918,1031.323974609375,Follow status: abort
2025-05-29 13:39:30.056,0.1379999965429306,-0.08089999854564667,55.4795036315918,1031.323974609375,Follow status: abort
2025-05-29 13:39:31.056,0.1379999965429306,-0.08089999854564667,55.4795036315918,1031.323974609375,Follow status: abort
2025-05-29 13:39:32.030,0.1379999965429306,-0.08089999854564667,55.4795036315918,1031.323974609375,Follow status: abort
2025-05-29 13:39:33.044,0.1379999965429306,-0.08089999854564667,55.4795036315918,1031.323974609375,Follow status: abort
2025-05-29 13:39:34.050,0.1379999965429306,-0.08089999854564667,55.4795036315918,1031.323974609375,Follow status: abort
2025-05-29 13:39:35.050,0.1379999965429306,-0.08089999854564667,55.4795036315918,1031.323974609375,Follow status: abort
2025-05-29 13:39:36.050,0.1379999965429306,-0.08089999854564667,55.4795036315918,1031.323974609375,Follow status: abort
2025-05-29 13:39:37.050,0.1379999965429306,-0.08089999854564667,55.4795036315918,1031.323974609375,Follow status: abort
2025-05-29 13:39:38.050,0.1379999965429306,-0.08089999854564667,55.4795036315918,1031.323974609375,Follow status: abort
2025-05-29 13:39:39.019,0.1379999965429306,-0.08089999854564667,55.4795036315918,1031.323974609375,Follow status: abort
2025-05-29 13:39:40.050,0.1379999965429306,-0.08089999854564667,55.4795036315918,1031.323974609375,Follow status: abort
2025-05-29 13:39:41.050,0.1379999965429306,-0.08089999854564667,55.4795036315918,1031.323974609375,Follow status: abort
2025-05-29 13:39:42.056,0.1379999965429306,-0.08089999854564667,55.4795036315918,1031.323974609375,Follow status: abort
2025-05-29 13:39:43.050,0.1379999965429306,-0.08089999854564667,55.4795036315918,1031.323974609375,Follow status: abort
2025-05-29 13:39:44.056,0.1379999965429306,-0.08089999854564667,55.4795036315918,1031.323974609375,Follow status: abort
2025-05-29 13:39:45.050,0.1379999965429306,-0.08089999854564667,55.4795036315918,1031.323974609375,Follow status: abort
2025-05-29 13:39:46.056,0.1379999965429306,-0.08089999854564667,55.4795036315918,1031.323974609375,Follow status: abort
2025-05-29 13:39:47.050,0.1379999965429306,-0.08089999854564667,55.4795036315918,1031.323974609375,Follow status: abort
2025-05-29 13:39:48.030,0.1379999965429306,-0.08089999854564667,55.4795036315918,1031.323974609375,Follow status: abort
2025-05-29 13:39:49.056,0.1379999965429306,-0.08089999854564667,55.4795036315918,1031.323974609375,Follow status: abort
2025-05-29 13:39:50.056,0.1379999965429306,-0.08089999854564667,55.4795036315918,1031.323974609375,Follow status: abort
2025-05-29 13:39:51.056,0.1379999965429306,-0.08089999854564667,55.4795036315918,1031.323974609375,Follow status: abort
2025-05-29 13:39:52.030,0.1379999965429306,-0.08089999854564667,55.4795036315918,1031.323974609375,Follow status: abort
2025-05-29 13:39:53.056,0.1379999965429306,-0.08089999854564667,55.4795036315918,1031.323974609375,Follow status: abort
2025-05-29 13:39:54.056,0.1379999965429306,-0.08089999854564667,55.4795036315918,1031.323974609375,Follow status: abort
2025-05-29 13:39:55.056,0.1379999965429306,-0.08089999854564667,55.4795036315918,1031.323974609375,Follow status: abort
2025-05-29 13:39:56.050,0.1379999965429306,-0.08089999854564667,55.4795036315918,1031.323974609375,Follow status: abort
2025-05-29 13:39:57.050,0.1379999965429306,-0.08089999854564667,55.4795036315918,1031.323974609375,Follow status: abort
2025-05-29 13:39:58.056,0.1379999965429306,-0.08089999854564667,55.4795036315918,1031.323974609375,Follow status: abort
2025-05-29 13:39:59.056,0.1379999965429306,-0.08089999854564667,55.4795036315918,1031.323974609375,Follow status: abort
2025-05-29 13:40:00.041,0.1379999965429306,-0.08089999854564667,55.4795036315918,1031.323974609375,Follow status: abort
2025-05-29 13:40:01.056,0.1379999965429306,-0.08089999854564667,55.4795036315918,1031.323974609375,Follow status: abort
2025-05-29 13:40:02.056,0.1379999965429306,-0.08089999854564667,55.4795036315918,1031.323974609375,Follow status: abort
2025-05-29 13:40:03.056,0.1379999965429306,-0.08089999854564667,55.4795036315918,1031.323974609375,Follow status: abort
2025-05-29 13:40:04.050,0.1379999965429306,-0.08089999854564667,55.4795036315918,1031.323974609375,Follow status: abort
2025-05-29 13:40:05.050,0.1379999965429306,-0.08089999854564667,55.4795036315918,1031.323974609375,Follow status: abort
2025-05-29 13:40:06.050,0.1379999965429306,-0.08089999854564667,55.4795036315918,1031.323974609375,Follow status: abort
2025-05-29 13:40:07.050,0.1379999965429306,-0.08089999854564667,55.4795036315918,1031.323974609375,Follow status: abort
2025-05-29 13:40:08.030,0.1379999965429306,-0.08089999854564667,55.4795036315918,1031.323974609375,Follow status: abort
2025-05-29 13:40:09.050,0.1379999965429306,-0.08089999854564667,55.4795036315918,1031.323974609375,Follow status: abort
2025-05-29 13:40:10.050,0.1379999965429306,-0.08089999854564667,55.4795036315918,1031.323974609375,Follow status: abort
2025-05-29 13:40:11.052,0.1379999965429306,-0.08089999854564667,55.4795036315918,1031.323974609375,Follow status: abort
2025-05-29 13:40:12.030,0.1379999965429306,-0.08089999854564667,55.4795036315918,1031.323974609375,Follow status: abort
2025-05-29 13:40:13.056,0.1379999965429306,-0.08089999854564667,55.4795036315918,1031.323974609375,Follow status: abort
2025-05-29 13:40:14.056,0.1379999965429306,-0.08089999854564667,55.4795036315918,1031.323974609375,Follow status: abort
2025-05-29 13:40:15.056,0.1379999965429306,-0.08089999854564667,55.4795036315918,1031.323974609375,Follow status: abort
2025-05-29 13:40:16.050,0.1379999965429306,-0.08089999854564667,55.4795036315918,1031.323974609375,Follow status: abort
2025-05-29 13:40:17.050,0.1379999965429306,-0.08089999854564667,55.4795036315918,1031.323974609375,Follow status: abort
2025-05-29 13:40:18.050,0.1379999965429306,-0.08089999854564667,55.4795036315918,1031.323974609375,Follow status: abort
2025-05-29 13:40:19.050,0.1379999965429306,-0.08089999854564667,55.4795036315918,1031.323974609375,Follow status: abort
2025-05-29 13:40:20.050,0.1379999965429306,-0.08089999854564667,55.4795036315918,1031.323974609375,Follow status: abort
2025-05-29 13:40:21.056,0.1379999965429306,-0.08089999854564667,55.4795036315918,1031.323974609375,Follow status: abort
2025-05-29 13:40:22.050,0.1379999965429306,-0.08089999854564667,55.4795036315918,1031.323974609375,Follow status: abort
2025-05-29 13:40:23.056,0.1379999965429306,-0.08089999854564667,55.4795036315918,1031.323974609375,Follow status: abort
2025-05-29 13:40:24.050,0.1379999965429306,-0.08089999854564667,55.4795036315918,1031.323974609375,Follow status: abort
2025-05-29 13:40:25.050,0.1379999965429306,-0.08089999854564667,55.4795036315918,1031.323974609375,Follow status: abort
2025-05-29 13:40:26.050,0.1379999965429306,-0.08089999854564667,55.4795036315918,1031.323974609375,Follow status: abort
2025-05-29 13:40:27.050,0.1379999965429306,-0.08089999854564667,55.4795036315918,1031.323974609375,Follow status: abort
2025-05-29 13:40:28.052,0.1379999965429306,-0.08089999854564667,55.4795036315918,1031.323974609375,Follow status: abort
2025-05-29 13:40:29.050,0.1379999965429306,-0.08089999854564667,55.4795036315918,1031.323974609375,Follow status: abort
2025-05-29 13:40:30.056,0.1379999965429306,-0.08089999854564667,55.4795036315918,1031.323974609375,Follow status: abort
2025-05-29 13:40:31.050,0.1379999965429306,-0.08089999854564667,55.4795036315918,1031.323974609375,Follow status: abort
2025-05-29 13:40:32.050,0.1379999965429306,-0.08089999854564667,55.4795036315918,1031.323974609375,Follow status: abort
2025-05-29 13:40:33.050,0.1379999965429306,-0.08089999854564667,55.4795036315918,1031.323974609375,Follow status: abort
2025-05-29 13:40:34.042,0.1379999965429306,-0.08089999854564667,55.4795036315918,1031.323974609375,Follow status: abort
2025-05-29 13:40:35.020,0.1379999965429306,-0.08089999854564667,55.4795036315918,1031.323974609375,Follow status: abort
2025-05-29 13:40:36.055,0.1379999965429306,-0.08089999854564667,55.4795036315918,1031.323974609375,Follow status: abort
2025-05-29 13:40:37.050,0.1379999965429306,-0.08089999854564667,55.4795036315918,1031.323974609375,Follow status: abort
2025-05-29 13:40:38.056,0.1379999965429306,-0.08089999854564667,55.4795036315918,1031.323974609375,Follow status: abort
2025-05-29 13:40:39.050,0.1379999965429306,-0.08089999854564667,55.4795036315918,1031.323974609375,Follow status: abort
2025-05-29 13:40:40.056,0.1379999965429306,-0.08089999854564667,55.4795036315918,1031.323974609375,Follow status: abort
2025-05-29 13:40:41.056,0.1379999965429306,-0.08089999854564667,55.4795036315918,1031.323974609375,Follow status: abort
2025-05-29 13:40:42.034,0.1379999965429306,-0.08089999854564667,55.4795036315918,1031.323974609375,Follow status: abort
2025-05-29 13:40:43.056,0.1379999965429306,-0.08089999854564667,55.4795036315918,1031.323974609375,Follow status: abort
2025-05-29 13:40:44.056,0.1379999965429306,-0.08089999854564667,55.4795036315918,1031.323974609375,Follow status: abort
2025-05-29 13:40:45.056,0.1379999965429306,-0.08089999854564667,55.4795036315918,1031.323974609375,Follow status: abort
2025-05-29 13:40:46.050,0.1379999965429306,-0.08089999854564667,55.4795036315918,1031.323974609375,Follow status: abort
2025-05-29 13:40:47.056,0.1379999965429306,-0.08089999854564667,55.4795036315918,1031.323974609375,Follow status: abort
2025-05-29 13:40:48.056,0.1379999965429306,-0.08089999854564667,55.4795036315918,1031.323974609375,Follow status: abort
2025-05-29 13:40:49.020,0.1379999965429306,-0.08089999854564667,55.4795036315918,1031.323974609375,Follow status: abort
2025-05-29 13:40:50.056,0.1379999965429306,-0.08089999854564667,55.4795036315918,1031.323974609375,Follow status: abort
2025-05-29 13:40:51.056,0.1379999965429306,-0.08089999854564667,55.4795036315918,1031.323974609375,Follow status: abort
2025-05-29 13:40:52.050,0.1379999965429306,-0.08089999854564667,55.4795036315918,1031.323974609375,Follow status: abort
2025-05-29 13:40:53.056,0.1379999965429306,-0.08089999854564667,55.4795036315918,1031.323974609375,Follow status: abort
2025-05-29 13:40:54.050,0.1379999965429306,-0.08089999854564667,55.4795036315918,1031.323974609375,Follow status: abort
2025-05-29 13:40:55.056,0.1379999965429306,-0.08089999854564667,55.4795036315918,1031.323974609375,Follow status: abort
2025-05-29 13:40:56.030,0.1379999965429306,-0.08089999854564667,55.4795036315918,1031.323974609375,Follow status: abort
2025-05-29 13:40:57.056,0.1379999965429306,-0.08089999854564667,55.4795036315918,1031.323974609375,Follow status: abort
2025-05-29 13:40:58.056,0.1379999965429306,-0.08089999854564667,55.4795036315918,1031.323974609375,Follow status: abort
2025-05-29 13:40:59.056,0.1379999965429306,-0.08089999854564667,55.4795036315918,1031.323974609375,Follow status: abort
2025-05-29 13:41:00.050,0.1379999965429306,-0.08089999854564667,55.4795036315918,1031.323974609375,Follow status: abort
2025-05-29 13:41:01.056,0.1379999965429306,-0.08089999854564667,55.4795036315918,1031.323974609375,Follow status: abort
2025-05-29 13:41:02.050,0.1379999965429306,-0.08089999854564667,55.4795036315918,1031.323974609375,Follow status: abort
2025-05-29 13:41:03.056,0.1379999965429306,-0.08089999854564667,55.4795036315918,1031.323974609375,Follow status: abort
2025-05-29 13:41:04.050,0.1379999965429306,-0.08089999854564667,55.4795036315918,1031.323974609375,Follow status: abort
2025-05-29 13:41:05.056,0.1379999965429306,-0.08089999854564667,55.4795036315918,1031.323974609375,Follow status: abort
2025-05-29 13:41:06.050,0.1379999965429306,-0.08089999854564667,55.4795036315918,1031.323974609375,Follow status: abort
2025-05-29 13:41:07.050,0.1379999965429306,-0.08089999854564667,55.4795036315918,1031.323974609375,Follow status: abort
2025-05-29 13:41:08.050,0.1379999965429306,-0.08089999854564667,55.4795036315918,1031.323974609375,Follow status: abort
2025-05-29 13:41:09.056,0.1379999965429306,-0.08089999854564667,55.4795036315918,1031.323974609375,Follow status: abort
2025-05-29 13:41:10.056,0.1379999965429306,-0.08089999854564667,55.4795036315918,1031.323974609375,Follow status: abort
2025-05-29 13:41:11.056,0.1379999965429306,-0.08089999854564667,55.4795036315918,1031.323974609375,Follow status: abort
2025-05-29 13:41:12.030,0.1379999965429306,-0.08089999854564667,55.4795036315918,1031.323974609375,Follow status: abort
2025-05-29 13:41:13.056,0.1379999965429306,-0.08089999854564667,55.4795036315918,1031.323974609375,Follow status: abort
2025-05-29 13:41:14.056,0.1379999965429306,-0.08089999854564667,55.4795036315918,1031.323974609375,Follow status: abort
2025-05-29 13:41:15.056,0.1379999965429306,-0.08089999854564667,55.4795036315918,1031.323974609375,Follow status: abort
2025-05-29 13:41:16.050,0.1379999965429306,-0.08089999854564667,55.4795036315918,1031.323974609375,Follow status: abort
2025-05-29 13:41:17.050,0.1379999965429306,-0.08089999854564667,55.4795036315918,1031.323974609375,Follow status: abort
2025-05-29 13:41:18.050,0.1379999965429306,-0.08089999854564667,55.4795036315918,1031.323974609375,Follow status: abort
2025-05-29 13:41:19.056,0.1379999965429306,-0.08089999854564667,55.4795036315918,1031.323974609375,Follow status: abort
2025-05-29 13:41:20.056,0.1379999965429306,-0.08089999854564667,55.4795036315918,1031.323974609375,Follow status: abort
2025-05-29 13:41:21.056,0.1379999965429306,-0.08089999854564667,55.4795036315918,1031.323974609375,Follow status: abort
2025-05-29 13:41:22.050,0.1379999965429306,-0.08089999854564667,55.4795036315918,1031.323974609375,Follow status: abort
2025-05-29 13:41:23.043,0.1379999965429306,-0.08089999854564667,55.4795036315918,1031.323974609375,Follow status: abort
2025-05-29 13:41:24.050,0.1379999965429306,-0.08089999854564667,55.4795036315918,1031.323974609375,Follow status: abort
2025-05-29 13:41:25.056,0.1379999965429306,-0.08089999854564667,55.4795036315918,1031.323974609375,Follow status: abort
2025-05-29 13:41:26.056,0.1379999965429306,-0.08089999854564667,55.4795036315918,1031.323974609375,Follow status: abort
2025-05-29 13:41:27.050,0.1379999965429306,-0.08089999854564667,55.4795036315918,1031.323974609375,Follow status: abort
2025-05-29 13:41:28.030,0.1379999965429306,-0.08089999854564667,55.4795036315918,1031.323974609375,Follow status: abort
2025-05-29 13:41:29.050,0.1379999965429306,-0.08089999854564667,55.4795036315918,1031.323974609375,Follow status: abort
2025-05-29 13:41:30.056,0.1379999965429306,-0.08089999854564667,55.4795036315918,1031.323974609375,Follow status: abort
2025-05-29 13:41:31.056,0.1379999965429306,-0.08089999854564667,55.4795036315918,1031.323974609375,Follow status: abort
2025-05-29 13:41:32.056,0.1379999965429306,-0.08089999854564667,55.4795036315918,1031.323974609375,Follow status: abort
2025-05-29 13:41:33.056,0.1379999965429306,-0.08089999854564667,55.4795036315918,1031.323974609375,Follow status: abort
2025-05-29 13:41:34.056,0.1379999965429306,-0.08089999854564667,55.4795036315918,1031.323974609375,Follow status: abort
2025-05-29 13:41:35.056,0.1379999965429306,-0.08089999854564667,55.4795036315918,1031.323974609375,Follow status: abort
2025-05-29 13:41:36.056,0.1379999965429306,-0.08089999854564667,55.4795036315918,1031.323974609375,Follow status: abort
2025-05-29 13:41:37.050,0.1379999965429306,-0.08089999854564667,55.4795036315918,1031.323974609375,Follow status: abort
2025-05-29 13:41:38.055,0.1379999965429306,-0.08089999854564667,55.4795036315918,1031.323974609375,Follow status: abort
2025-05-29 13:41:39.056,0.1379999965429306,-0.08089999854564667,55.4795036315918,1031.323974609375,Follow status: abort
2025-05-29 13:41:40.056,0.1379999965429306,-0.08089999854564667,55.4795036315918,1031.323974609375,Follow status: abort
2025-05-29 13:41:41.056,0.1379999965429306,-0.08089999854564667,55.4795036315918,1031.323974609375,Follow status: abort
2025-05-29 13:41:42.050,0.1379999965429306,-0.08089999854564667,55.4795036315918,1031.323974609375,Follow status: abort
2025-05-29 13:41:43.056,0.1379999965429306,-0.08089999854564667,55.4795036315918,1031.323974609375,Follow status: abort
2025-05-29 13:41:44.050,0.1379999965429306,-0.08089999854564667,55.4795036315918,1031.323974609375,Follow status: abort
2025-05-29 13:41:45.028,0.1379999965429306,-0.08089999854564667,55.4795036315918,1031.323974609375,Follow status: abort
2025-05-29 13:41:46.043,0.1379999965429306,-0.08089999854564667,55.4795036315918,1031.323974609375,Follow status: abort
2025-05-29 13:41:47.050,0.1379999965429306,-0.08089999854564667,55.4795036315918,1031.323974609375,Follow status: abort
2025-05-29 13:41:48.030,0.1379999965429306,-0.08089999854564667,55.4795036315918,1031.323974609375,Follow status: abort
2025-05-29 13:41:49.056,0.1379999965429306,-0.08089999854564667,55.4795036315918,1031.323974609375,Follow status: abort
2025-05-29 13:41:50.056,0.1379999965429306,-0.08089999854564667,55.4795036315918,1031.323974609375,Follow status: abort
2025-05-29 13:41:51.056,0.1379999965429306,-0.08089999854564667,55.4795036315918,1031.323974609375,Follow status: abort
2025-05-29 13:41:52.050,0.1379999965429306,-0.08089999854564667,55.4795036315918,1031.323974609375,Follow status: abort
2025-05-29 13:41:53.056,0.1379999965429306,-0.08089999854564667,55.4795036315918,1031.323974609375,Follow status: abort
2025-05-29 13:41:54.056,0.1379999965429306,-0.08089999854564667,55.4795036315918,1031.323974609375,Follow status: abort
2025-05-29 13:41:55.050,0.1379999965429306,-0.08089999854564667,55.4795036315918,1031.323974609375,Follow status: abort
2025-05-29 13:41:56.056,0.1379999965429306,-0.08089999854564667,55.4795036315918,1031.323974609375,Follow status: abort
2025-05-29 13:41:57.056,0.1379999965429306,-0.08089999854564667,55.4795036315918,1031.323974609375,Follow status: abort
2025-05-29 13:41:58.056,0.1379999965429306,-0.08089999854564667,55.4795036315918,1031.323974609375,Follow status: abort
2025-05-29 13:41:59.056,0.1379999965429306,-0.08089999854564667,55.4795036315918,1031.323974609375,Follow status: abort
2025-05-29 13:42:00.056,0.1379999965429306,-0.08089999854564667,55.4795036315918,1031.323974609375,Follow status: abort
2025-05-29 13:42:01.035,0.1379999965429306,-0.08089999854564667,55.4795036315918,1031.323974609375,Follow status: abort
2025-05-29 13:42:02.039,0.1379999965429306,-0.08089999854564667,55.4795036315918,1031.323974609375,Follow status: abort
2025-05-29 13:42:03.043,0.1379999965429306,-0.08089999854564667,55.4795036315918,1031.323974609375,Follow status: abort
2025-05-29 13:42:04.030,0.1379999965429306,-0.08089999854564667,55.4795036315918,1031.323974609375,Follow status: abort
2025-05-29 13:42:05.056,0.1379999965429306,-0.08089999854564667,55.4795036315918,1031.323974609375,Follow status: abort
2025-05-29 13:42:06.056,0.1379999965429306,-0.08089999854564667,55.4795036315918,1031.323974609375,Follow status: abort
2025-05-29 13:42:07.056,0.1379999965429306,-0.08089999854564667,55.4795036315918,1031.323974609375,Follow status: abort
2025-05-29 13:42:08.050,0.1379999965429306,-0.08089999854564667,55.4795036315918,1031.323974609375,Follow status: abort
2025-05-29 13:42:09.056,0.1379999965429306,-0.08089999854564667,55.4795036315918,1031.323974609375,Follow status: abort
2025-05-29 13:42:10.050,0.1379999965429306,-0.08089999854564667,55.4795036315918,1031.323974609375,Follow status: abort
2025-05-29 13:42:11.056,0.1379999965429306,-0.08089999854564667,55.4795036315918,1031.323974609375,Follow status: abort
2025-05-29 13:42:12.056,0.1379999965429306,-0.08089999854564667,55.4795036315918,1031.323974609375,Follow status: abort
2025-05-29 13:42:13.038,0.1379999965429306,-0.08089999854564667,55.4795036315918,1031.323974609375,Follow status: abort
2025-05-29 13:42:14.056,0.1379999965429306,-0.08089999854564667,55.4795036315918,1031.323974609375,Follow status: abort
2025-05-29 13:42:15.056,0.1379999965429306,-0.08089999854564667,55.4795036315918,1031.323974609375,Follow status: abort
2025-05-29 13:42:16.050,0.1379999965429306,-0.08089999854564667,55.4795036315918,1031.323974609375,Follow status: abort
2025-05-29 13:42:17.023,0.1379999965429306,-0.08089999854564667,55.4795036315918,1031.323974609375,Follow status: abort
2025-05-29 13:42:18.026,0.1379999965429306,-0.08089999854564667,55.4795036315918,1031.323974609375,Follow status: abort
2025-05-29 13:42:19.056,0.1379999965429306,-0.08089999854564667,55.4795036315918,1031.323974609375,Follow status: abort
2025-05-29 13:42:20.056,0.1379999965429306,-0.08089999854564667,55.4795036315918,1031.323974609375,Follow status: abort
2025-05-29 13:42:21.056,0.1379999965429306,-0.08089999854564667,55.4795036315918,1031.323974609375,Follow status: abort
2025-05-29 13:42:22.050,0.1379999965429306,-0.08089999854564667,55.4795036315918,1031.323974609375,Follow status: abort
2025-05-29 13:42:23.056,0.1379999965429306,-0.08089999854564667,55.4795036315918,1031.323974609375,Follow status: abort
2025-05-29 13:42:24.030,0.1379999965429306,-0.08089999854564667,55.4795036315918,1031.323974609375,Follow status: abort
2025-05-29 13:42:25.050,0.1379999965429306,-0.08089999854564667,55.4795036315918,1031.323974609375,Follow status: abort
2025-05-29 13:42:26.042,0.1379999965429306,-0.08089999854564667,55.4795036315918,1031.323974609375,Follow status: abort
2025-05-29 13:42:27.050,0.1379999965429306,-0.08089999854564667,55.4795036315918,1031.323974609375,Follow status: abort
2025-05-29 13:42:28.053,0.1379999965429306,-0.08089999854564667,55.4795036315918,1031.323974609375,Follow status: abort
2025-05-29 13:42:29.056,0.1379999965429306,-0.08089999854564667,55.4795036315918,1031.323974609375,Follow status: abort
2025-05-29 13:42:30.056,0.1379999965429306,-0.08089999854564667,55.4795036315918,1031.323974609375,Follow status: abort
2025-05-29 13:42:31.056,0.1379999965429306,-0.08089999854564667,55.4795036315918,1031.323974609375,Follow status: abort
2025-05-29 13:42:32.050,0.1379999965429306,-0.08089999854564667,55.4795036315918,1031.323974609375,Follow status: abort
2025-05-29 13:42:33.056,0.1379999965429306,-0.08089999854564667,55.4795036315918,1031.323974609375,Follow status: abort
2025-05-29 13:42:34.056,0.1379999965429306,-0.08089999854564667,55.4795036315918,1031.323974609375,Follow status: abort
2025-05-29 13:42:35.056,0.1379999965429306,-0.08089999854564667,55.4795036315918,1031.323974609375,Follow status: abort
2025-05-29 13:42:36.050,0.1379999965429306,-0.08089999854564667,55.4795036315918,1031.323974609375,Follow status: abort
2025-05-29 13:42:37.056,0.1379999965429306,-0.08089999854564667,55.4795036315918,1031.323974609375,Follow status: abort
2025-05-29 13:42:38.056,0.1379999965429306,-0.08089999854564667,55.4795036315918,1031.323974609375,Follow status: abort
2025-05-29 13:42:39.056,0.1379999965429306,-0.08089999854564667,55.4795036315918,1031.323974609375,Follow status: abort
2025-05-29 13:42:40.056,0.1379999965429306,-0.08089999854564667,55.4795036315918,1031.323974609375,Follow status: abort
2025-05-29 13:42:41.050,0.1379999965429306,-0.08089999854564667,55.4795036315918,1031.323974609375,Follow status: abort
2025-05-29 13:42:42.040,0.1379999965429306,-0.08089999854564667,55.4795036315918,1031.323974609375,Follow status: abort
2025-05-29 13:42:43.056,0.1379999965429306,-0.08089999854564667,55.4795036315918,1031.323974609375,Follow status: abort
2025-05-29 13:42:44.050,0.1379999965429306,-0.08089999854564667,55.4795036315918,1031.323974609375,Follow status: abort
2025-05-29 13:42:45.056,0.1379999965429306,-0.08089999854564667,55.4795036315918,1031.323974609375,Follow status: abort
2025-05-29 13:42:46.050,0.1379999965429306,-0.08089999854564667,55.4795036315918,1031.323974609375,Follow status: abort
2025-05-29 13:42:47.056,0.1379999965429306,-0.08089999854564667,55.4795036315918,1031.323974609375,Follow status: abort
2025-05-29 13:42:48.042,0.1379999965429306,-0.08089999854564667,55.4795036315918,1031.323974609375,Follow status: abort
2025-05-29 13:42:49.056,0.1379999965429306,-0.08089999854564667,55.4795036315918,1031.323974609375,Follow status: abort
2025-05-29 13:42:50.056,0.1379999965429306,-0.08089999854564667,55.4795036315918,1031.323974609375,Follow status: abort
2025-05-29 13:42:51.056,0.1379999965429306,-0.08089999854564667,55.4795036315918,1031.323974609375,Follow status: abort
2025-05-29 13:42:52.056,0.1379999965429306,-0.08089999854564667,55.4795036315918,1031.323974609375,Follow status: abort
2025-05-29 13:42:53.054,0.1379999965429306,-0.08089999854564667,55.4795036315918,1031.323974609375,Follow status: abort
2025-05-29 13:42:54.017,0.1379999965429306,-0.08089999854564667,55.4795036315918,1031.323974609375,Follow status: abort
2025-05-29 13:42:55.056,0.1379999965429306,-0.08089999854564667,55.4795036315918,1031.323974609375,Follow status: abort
2025-05-29 13:42:56.050,0.1379999965429306,-0.08089999854564667,55.4795036315918,1031.323974609375,Follow status: abort
2025-05-29 13:42:57.050,0.1379999965429306,-0.08089999854564667,55.4795036315918,1031.323974609375,Follow status: abort
2025-05-29 13:42:58.021,0.1379999965429306,-0.08089999854564667,55.4795036315918,1031.323974609375,Follow status: abort
2025-05-29 13:42:59.041,0.1379999965429306,-0.08089999854564667,55.4795036315918,1031.323974609375,Follow status: abort
2025-05-29 13:43:00.030,0.1379999965429306,-0.08089999854564667,55.4795036315918,1031.323974609375,Follow status: abort
2025-05-29 13:43:01.048,0.1379999965429306,-0.08089999854564667,55.4795036315918,1031.323974609375,Follow status: abort
2025-05-29 13:43:02.056,0.1379999965429306,-0.08089999854564667,55.4795036315918,1031.323974609375,Follow status: abort
2025-05-29 13:43:03.056,0.1379999965429306,-0.08089999854564667,55.4795036315918,1031.323974609375,Follow status: abort
2025-05-29 13:43:04.056,0.1379999965429306,-0.08089999854564667,55.4795036315918,1031.323974609375,Follow status: abort
2025-05-29 13:43:05.056,0.1379999965429306,-0.08089999854564667,55.4795036315918,1031.323974609375,Follow status: abort
2025-05-29 13:43:06.056,0.1379999965429306,-0.08089999854564667,55.4795036315918,1031.323974609375,Follow status: abort
2025-05-29 13:43:07.056,0.1379999965429306,-0.08089999854564667,55.4795036315918,1031.323974609375,Follow status: abort
2025-05-29 13:43:08.056,0.1379999965429306,-0.08089999854564667,55.4795036315918,1031.323974609375,Follow status: abort
2025-05-29 13:43:09.056,0.1379999965429306,-0.08089999854564667,55.4795036315918,1031.323974609375,Follow status: abort
2025-05-29 13:43:10.056,0.1379999965429306,-0.08089999854564667,55.4795036315918,1031.323974609375,Follow status: abort
2025-05-29 13:43:11.056,0.1379999965429306,-0.08089999854564667,55.4795036315918,1031.323974609375,Follow status: abort
2025-05-29 13:43:12.047,0.1379999965429306,-0.08089999854564667,55.4795036315918,1031.323974609375,Follow status: abort
2025-05-29 13:43:13.056,0.1379999965429306,-0.08089999854564667,55.4795036315918,1031.323974609375,Follow status: abort
2025-05-29 13:43:14.056,0.1379999965429306,-0.08089999854564667,55.4795036315918,1031.323974609375,Follow status: abort
2025-05-29 13:43:15.056,0.1379999965429306,-0.08089999854564667,55.4795036315918,1031.323974609375,Follow status: abort
2025-05-29 13:43:16.050,0.1379999965429306,-0.08089999854564667,55.4795036315918,1031.323974609375,Follow status: abort
2025-05-29 13:43:17.056,0.1379999965429306,-0.08089999854564667,55.4795036315918,1031.323974609375,Follow status: abort
2025-05-29 13:43:18.050,0.1379999965429306,-0.08089999854564667,55.4795036315918,1031.323974609375,Follow status: abort
2025-05-29 13:43:19.028,0.1379999965429306,-0.08089999854564667,55.4795036315918,1031.323974609375,Follow status: abort
2025-05-29 13:43:20.055,0.1379999965429306,-0.08089999854564667,55.4795036315918,1031.323974609375,Follow status: abort
2025-05-29 13:43:21.050,0.1379999965429306,-0.08089999854564667,55.4795036315918,1031.323974609375,Follow status: abort
2025-05-29 13:43:22.050,0.1379999965429306,-0.08089999854564667,55.4795036315918,1031.323974609375,Follow status: abort
2025-05-29 13:43:23.056,0.1379999965429306,-0.08089999854564667,55.4795036315918,1031.323974609375,Follow status: abort
2025-05-29 13:43:24.030,0.1379999965429306,-0.08089999854564667,55.4795036315918,1031.323974609375,Follow status: abort
2025-05-29 13:43:25.056,0.1379999965429306,-0.08089999854564667,55.4795036315918,1031.323974609375,Follow status: abort
2025-05-29 13:43:26.056,0.1379999965429306,-0.08089999854564667,55.4795036315918,1031.323974609375,Follow status: abort
2025-05-29 13:43:27.050,0.1379999965429306,-0.08089999854564667,55.4795036315918,1031.323974609375,Follow status: abort
2025-05-29 13:43:28.056,0.1379999965429306,-0.08089999854564667,55.4795036315918,1031.323974609375,Follow status: abort
2025-05-29 13:43:29.056,0.1379999965429306,-0.08089999854564667,55.4795036315918,1031.323974609375,Follow status: abort
2025-05-29 13:43:30.056,0.1379999965429306,-0.08089999854564667,55.4795036315918,1031.323974609375,Follow status: abort
2025-05-29 13:43:31.056,0.1379999965429306,-0.08089999854564667,55.4795036315918,1031.323974609375,Follow status: abort
2025-05-29 13:43:32.056,0.1379999965429306,-0.08089999854564667,55.4795036315918,1031.323974609375,Follow status: abort
2025-05-29 13:43:33.056,0.1379999965429306,-0.08089999854564667,55.4795036315918,1031.323974609375,Follow status: abort
2025-05-29 13:43:34.049,0.1379999965429306,-0.08089999854564667,55.4795036315918,1031.323974609375,Follow status: abort
2025-05-29 13:43:35.044,0.1379999965429306,-0.08089999854564667,55.4795036315918,1031.323974609375,Follow status: abort
2025-05-29 13:43:36.041,0.1379999965429306,-0.08089999854564667,55.4795036315918,1031.323974609375,Follow status: abort
2025-05-29 13:43:37.050,0.1379999965429306,-0.08089999854564667,55.4795036315918,1031.323974609375,Follow status: abort
2025-05-29 13:43:38.038,0.1379999965429306,-0.08089999854564667,55.4795036315918,1031.323974609375,Follow status: abort
2025-05-29 13:43:39.056,0.1379999965429306,-0.08089999854564667,55.4795036315918,1031.323974609375,Follow status: abort
2025-05-29 13:43:40.056,0.1379999965429306,-0.08089999854564667,55.4795036315918,1031.323974609375,Follow status: abort
2025-05-29 13:43:41.056,0.1379999965429306,-0.08089999854564667,55.4795036315918,1031.323974609375,Follow status: abort
2025-05-29 13:43:42.050,0.1379999965429306,-0.08089999854564667,55.4795036315918,1031.323974609375,Follow status: abort
2025-05-29 13:43:43.056,0.1379999965429306,-0.08089999854564667,55.4795036315918,1031.323974609375,Follow status: abort
2025-05-29 13:43:44.056,0.1379999965429306,-0.08089999854564667,55.4795036315918,1031.323974609375,Follow status: abort
2025-05-29 13:43:45.050,0.1379999965429306,-0.08089999854564667,55.4795036315918,1031.323974609375,Follow status: abort
2025-05-29 13:43:46.038,0.1379999965429306,-0.08089999854564667,55.4795036315918,1031.323974609375,Follow status: abort
2025-05-29 13:43:47.050,0.1379999965429306,-0.08089999854564667,55.4795036315918,1031.323974609375,Follow status: abort
2025-05-29 13:43:48.050,0.1379999965429306,-0.08089999854564667,55.4795036315918,1031.323974609375,Follow status: abort
2025-05-29 13:43:49.056,0.1379999965429306,-0.08089999854564667,55.4795036315918,1031.323974609375,Follow status: abort
2025-05-29 13:43:50.050,0.1379999965429306,-0.08089999854564667,55.4795036315918,1031.323974609375,Follow status: abort
2025-05-29 13:43:51.056,0.1379999965429306,-0.08089999854564667,55.4795036315918,1031.323974609375,Follow status: abort
2025-05-29 13:43:52.050,0.1379999965429306,-0.08089999854564667,55.4795036315918,1031.323974609375,Follow status: abort
2025-05-29 13:43:53.046,0.1379999965429306,-0.08089999854564667,55.4795036315918,1031.323974609375,Follow status: abort
2025-05-29 13:43:54.017,0.1379999965429306,-0.08089999854564667,55.4795036315918,1031.323974609375,Follow status: abort
2025-05-29 13:43:55.038,0.1379999965429306,-0.08089999854564667,55.4795036315918,1031.323974609375,Follow status: abort
2025-05-29 13:43:56.056,0.1379999965429306,-0.08089999854564667,55.4795036315918,1031.323974609375,Follow status: abort
2025-05-29 13:43:57.056,0.1379999965429306,-0.08089999854564667,55.4795036315918,1031.323974609375,Follow status: abort
2025-05-29 13:43:58.050,0.1379999965429306,-0.08089999854564667,55.4795036315918,1031.323974609375,Follow status: abort
2025-05-29 13:43:59.047,0.1379999965429306,-0.08089999854564667,55.4795036315918,1031.323974609375,Follow status: abort
2025-05-29 13:44:00.056,0.1379999965429306,-0.08089999854564667,55.4795036315918,1031.323974609375,Follow status: abort
2025-05-29 13:44:01.038,0.1379999965429306,-0.08089999854564667,55.4795036315918,1031.323974609375,Follow status: abort
2025-05-29 13:44:02.056,0.1379999965429306,-0.08089999854564667,55.4795036315918,1031.323974609375,Follow status: abort
2025-05-29 13:44:03.035,0.1379999965429306,-0.08089999854564667,55.4795036315918,1031.323974609375,Follow status: abort
2025-05-29 13:44:04.056,0.1379999965429306,-0.08089999854564667,55.4795036315918,1031.323974609375,Follow status: abort
2025-05-29 13:44:05.050,0.1379999965429306,-0.08089999854564667,55.4795036315918,1031.323974609375,Follow status: abort
2025-05-29 13:44:06.050,0.1379999965429306,-0.08089999854564667,55.4795036315918,1031.323974609375,Follow status: abort
2025-05-29 13:44:07.056,0.1379999965429306,-0.08089999854564667,55.4795036315918,1031.323974609375,Follow status: abort
2025-05-29 13:44:08.056,0.1379999965429306,-0.08089999854564667,55.4795036315918,1031.323974609375,Follow status: abort
2025-05-29 13:44:09.056,0.1379999965429306,-0.08089999854564667,55.4795036315918,1031.323974609375,Follow status: abort
2025-05-29 13:44:10.053,0.1379999965429306,-0.08089999854564667,55.4795036315918,1031.323974609375,Follow status: abort
2025-05-29 13:44:11.050,0.1379999965429306,-0.08089999854564667,55.4795036315918,1031.323974609375,Follow status: abort
2025-05-29 13:44:12.030,0.1379999965429306,-0.08089999854564667,55.4795036315918,1031.323974609375,Follow status: abort
2025-05-29 13:44:13.037,0.1379999965429306,-0.08089999854564667,55.4795036315918,1031.323974609375,Follow status: abort
2025-05-29 13:44:14.056,0.1379999965429306,-0.08089999854564667,55.4795036315918,1031.323974609375,Follow status: abort
2025-05-29 13:44:15.050,0.1379999965429306,-0.08089999854564667,55.4795036315918,1031.323974609375,Follow status: abort
2025-05-29 13:44:16.050,0.1379999965429306,-0.08089999854564667,55.4795036315918,1031.323974609375,Follow status: abort
2025-05-29 13:44:17.056,0.1379999965429306,-0.08089999854564667,55.4795036315918,1031.323974609375,Follow status: abort
2025-05-29 13:44:18.056,0.1379999965429306,-0.08089999854564667,55.4795036315918,1031.323974609375,Follow status: abort
2025-05-29 13:44:19.056,0.1379999965429306,-0.08089999854564667,55.4795036315918,1031.323974609375,Follow status: abort
2025-05-29 13:44:20.056,0.1379999965429306,-0.08089999854564667,55.4795036315918,1031.323974609375,Follow status: abort
2025-05-29 13:44:21.056,0.1379999965429306,-0.08089999854564667,55.4795036315918,1031.323974609375,Follow status: abort
2025-05-29 13:44:22.050,0.1379999965429306,-0.08089999854564667,55.4795036315918,1031.323974609375,Follow status: abort
2025-05-29 13:44:23.056,0.1379999965429306,-0.08089999854564667,55.4795036315918,1031.323974609375,Follow status: abort
2025-05-29 13:44:24.056,0.1379999965429306,-0.08089999854564667,55.4795036315918,1031.323974609375,Follow status: abort
2025-05-29 13:44:25.056,0.1379999965429306,-0.08089999854564667,55.4795036315918,1031.323974609375,Follow status: abort
2025-05-29 13:44:26.056,0.1379999965429306,-0.08089999854564667,55.4795036315918,1031.323974609375,Follow status: abort
2025-05-29 13:44:27.045,0.1379999965429306,-0.08089999854564667,55.4795036315918,1031.323974609375,Follow status: abort
2025-05-29 13:44:28.056,0.1379999965429306,-0.08089999854564667,55.4795036315918,1031.323974609375,Follow status: abort
2025-05-29 13:44:29.056,0.1379999965429306,-0.08089999854564667,55.4795036315918,1031.323974609375,Follow status: abort
2025-05-29 13:44:30.056,0.1379999965429306,-0.08089999854564667,55.4795036315918,1031.323974609375,Follow status: abort
2025-05-29 13:44:31.056,0.1379999965429306,-0.08089999854564667,55.4795036315918,1031.323974609375,Follow status: abort
2025-05-29 13:44:32.050,0.1379999965429306,-0.08089999854564667,55.4795036315918,1031.323974609375,Follow status: abort
2025-05-29 13:44:33.056,0.1379999965429306,-0.08089999854564667,55.4795036315918,1031.323974609375,Follow status: abort
2025-05-29 13:44:34.056,0.1379999965429306,-0.08089999854564667,55.4795036315918,1031.323974609375,Follow status: abort
2025-05-29 13:44:35.050,0.1379999965429306,-0.08089999854564667,55.4795036315918,1031.323974609375,Follow status: abort
2025-05-29 13:44:36.050,0.1379999965429306,-0.08089999854564667,55.4795036315918,1031.323974609375,Follow status: abort
None,None,None,None,None,
2025-05-29 13:46:35.854,0.3617999851703644,0.4092999994754791,41.00086212158203,1031.323974609375,Data logging started
2025-05-29 13:46:36.853,0.3617999851703644,0.4092999994754791,41.00086212158203,1031.323974609375,Data logging started
2025-05-29 13:46:37.853,0.3617999851703644,0.4092999994754791,41.00086212158203,1031.323974609375,Data logging started
2025-05-29 13:46:38.853,0.3617999851703644,0.4092999994754791,41.00086212158203,1031.323974609375,Data logging started
2025-05-29 13:46:39.853,0.3617999851703644,0.4092999994754791,41.00086212158203,1031.323974609375,Data logging started
2025-05-29 13:46:40.853,0.3617999851703644,0.4092999994754791,41.00086212158203,1031.323974609375,Data logging started
None,None,None,None,None,
2025-05-29 14:03:23.888,0.362199991941452,0.40799999237060547,41.01804733276367,1031.323974609375,Data logging started
2025-05-29 14:03:24.887,0.362199991941452,0.40799999237060547,41.01804733276367,1031.323974609375,Data logging started
2025-05-29 14:03:25.888,0.362199991941452,0.40799999237060547,41.01804733276367,1031.323974609375,Data logging started
2025-05-29 14:03:26.888,0.362199991941452,0.40799999237060547,41.01804733276367,1031.323974609375,Data logging started
2025-05-29 14:03:27.888,0.362199991941452,0.40799999237060547,41.01804733276367,1031.323974609375,Data logging started
2025-05-29 14:03:28.888,0.362199991941452,0.40799999237060547,41.01804733276367,1031.323974609375,Data logging started
2025-05-29 14:03:29.888,0.362199991941452,0.40799999237060547,41.01804733276367,1031.323974609375,Data logging started
2025-05-29 14:03:30.888,0.362199991941452,0.40799999237060547,41.01804733276367,1031.323974609375,Data logging started
2025-05-29 14:03:31.887,0.362199991941452,0.40799999237060547,41.01804733276367,1031.323974609375,Data logging started
2025-05-29 14:03:32.888,0.362199991941452,0.40799999237060547,41.01804733276367,1031.323974609375,Data logging started
2025-05-29 14:03:33.887,0.362199991941452,0.40799999237060547,41.01804733276367,1031.323974609375,Data logging started
2025-05-29 14:03:34.888,0.362199991941452,0.40799999237060547,41.01804733276367,1031.323974609375,Data logging started
2025-05-29 14:03:35.888,0.362199991941452,0.40799999237060547,41.01804733276367,1031.323974609375,Data logging started
2025-05-29 14:03:36.888,0.362199991941452,0.40799999237060547,41.01804733276367,1031.323974609375,Data logging started
2025-05-29 14:03:37.888,0.362199991941452,0.40799999237060547,41.01804733276367,1031.323974609375,Data logging started
2025-05-29 14:03:38.888,0.362199991941452,0.40799999237060547,41.01804733276367,1031.323974609375,Data logging started
2025-05-29 14:03:39.869,0.3668999969959259,0.4120999872684479,42.06656265258789,2864.7890625,Data logging started
2025-05-29 14:03:39.887,0.3668999969959259,0.4120999872684479,42.06656265258789,2864.7890625,Data logging started
2025-05-29 14:03:40.265,0.3806999921798706,0.42170000076293945,29.702133178710938,2864.7890625,Data logging started
2025-05-29 14:03:40.814,0.40709999203681946,0.4348999857902527,18.82166290283203,2864.7890625,Data logging started
2025-05-29 14:03:40.888,0.40709999203681946,0.4348999857902527,18.82166290283203,2864.7890625,Data logging started
2025-05-29 14:03:41.362,0.4296000003814697,0.4408000111579895,11.997735977172852,2864.7890625,Data logging started
2025-05-29 14:03:41.863,0.4207000136375427,0.4390999972820282,17.4752140045166,2864.7890625,Data logging started
2025-05-29 14:03:41.887,0.4207000136375427,0.4390999972820282,17.4752140045166,2864.7890625,Data logging started
2025-05-29 14:03:42.414,0.4120999872684479,0.4309999942779541,25.353382110595703,2864.7890625,Data logging started
2025-05-29 14:03:42.888,0.4120999872684479,0.4309999942779541,25.353382110595703,2864.7890625,Data logging started
2025-05-29 14:03:42.962,0.3993000090122223,0.42320001125335693,41.27014923095703,2864.7890625,Data logging started
2025-05-29 14:03:43.514,0.3995000123977661,0.4230000078678131,49.66971206665039,2864.7890625,Data logging started
2025-05-29 14:03:43.888,0.3995000123977661,0.4230000078678131,49.66971206665039,2864.7890625,Data logging started
2025-05-29 14:03:44.019,0.3962000012397766,0.4203999936580658,56.19569778442383,2864.7890625,Data logging started
2025-05-29 14:03:44.888,0.3962000012397766,0.4203999936580658,56.19569778442383,2864.7890625,Data logging started
2025-05-29 14:03:45.888,0.3962000012397766,0.4203999936580658,56.19569778442383,2864.7890625,Data logging started
2025-05-29 14:03:46.888,0.3962000012397766,0.4203999936580658,56.19569778442383,2864.7890625,Data logging started
2025-05-29 14:03:47.888,0.3962000012397766,0.4203999936580658,56.19569778442383,2864.7890625,Data logging started
2025-05-29 14:03:48.888,0.3962000012397766,0.4203999936580658,56.19569778442383,2864.7890625,Data logging started
2025-05-29 14:03:49.888,0.3962000012397766,0.4203999936580658,56.19569778442383,2864.7890625,Data logging started
2025-05-29 14:03:49.929,0.391400009393692,0.43220001459121704,56.04100036621094,2864.7890625,Data logging started
2025-05-29 14:03:50.888,0.391400009393692,0.43220001459121704,56.04100036621094,2864.7890625,Data logging started
2025-05-29 14:03:51.887,0.391400009393692,0.43220001459121704,56.04100036621094,2864.7890625,Data logging started
2025-05-29 14:03:52.888,0.391400009393692,0.43220001459121704,56.04100036621094,2864.7890625,Data logging started
2025-05-29 14:03:53.888,0.391400009393692,0.43220001459121704,56.04100036621094,2864.7890625,Data logging started
2025-05-29 14:03:54.888,0.391400009393692,0.43220001459121704,56.04100036621094,2864.7890625,Data logging started
2025-05-29 14:03:55.888,0.391400009393692,0.43220001459121704,56.04100036621094,2864.7890625,Data logging started
2025-05-29 14:03:56.888,0.391400009393692,0.43220001459121704,56.04100036621094,2864.7890625,Data logging started
2025-05-29 14:03:57.888,0.391400009393692,0.43220001459121704,56.04100036621094,2864.7890625,Data logging started
2025-05-29 14:03:58.888,0.391400009393692,0.43220001459121704,56.04100036621094,2864.7890625,Data logging started
2025-05-29 14:03:59.888,0.391400009393692,0.43220001459121704,56.04100036621094,2864.7890625,Data logging started
2025-05-29 14:04:00.888,0.391400009393692,0.43220001459121704,56.04100036621094,2864.7890625,Data logging started
2025-05-29 14:04:01.888,0.391400009393692,0.43220001459121704,56.04100036621094,2864.7890625,Data logging started
2025-05-29 14:04:02.888,0.391400009393692,0.43220001459121704,56.04100036621094,2864.7890625,Data logging started
2025-05-29 14:04:03.888,0.391400009393692,0.43220001459121704,56.04100036621094,2864.7890625,Data logging started
2025-05-29 14:04:04.888,0.391400009393692,0.43220001459121704,56.04100036621094,2864.7890625,Data logging started
2025-05-29 14:04:05.888,0.391400009393692,0.43220001459121704,56.04100036621094,2864.7890625,Data logging started
2025-05-29 14:04:06.888,0.391400009393692,0.43220001459121704,56.04100036621094,2864.7890625,Data logging started
2025-05-29 14:04:07.888,0.391400009393692,0.43220001459121704,56.04100036621094,2864.7890625,Data logging started
2025-05-29 14:04:08.888,0.391400009393692,0.43220001459121704,56.04100036621094,2864.7890625,Data logging started
2025-05-29 14:04:09.888,0.391400009393692,0.43220001459121704,56.04100036621094,2864.7890625,Data logging started
2025-05-29 14:04:10.521,0.3926999866962433,0.43479999899864197,54.63725662231445,2864.7890625,Data logging started
2025-05-29 14:04:10.888,0.3926999866962433,0.43479999899864197,54.63725662231445,2864.7890625,Data logging started
2025-05-29 14:04:11.068,0.4212999939918518,0.46619999408721924,38.880916595458984,2864.7890625,Data logging started
2025-05-29 14:04:11.618,0.4618000090122223,0.4887999892234802,17.39499855041504,2864.7890625,Data logging started
2025-05-29 14:04:11.888,0.4618000090122223,0.4887999892234802,17.39499855041504,2864.7890625,Data logging started
2025-05-29 14:04:12.167,0.49140000343322754,0.4927999973297119,1.0828901529312134,2864.7890625,Data logging started
2025-05-29 14:04:12.669,0.5228999853134155,0.49000000953674316,-15.618828773498535,2864.7890625,Data logging started
2025-05-29 14:04:12.888,0.5228999853134155,0.49000000953674316,-15.618828773498535,2864.7890625,Data logging started
2025-05-29 14:04:13.176,0.5486000180244446,0.48249998688697815,-28.38433074951172,2864.7890625,Data logging started
2025-05-29 14:04:13.715,0.5737000107765198,0.4681999981403351,-42.77702713012695,2864.7890625,Data logging started
2025-05-29 14:04:13.888,0.5737000107765198,0.4681999981403351,-42.77702713012695,2864.7890625,Data logging started
2025-05-29 14:04:14.274,0.5857999920845032,0.45019999146461487,-55.20448303222656,2864.7890625,Data logging started
2025-05-29 14:04:14.775,0.5920000076293945,0.43209999799728394,-66.30840301513672,2864.7890625,Data logging started
2025-05-29 14:04:14.888,0.5920000076293945,0.43209999799728394,-66.30840301513672,2864.7890625,Data logging started
2025-05-29 14:04:15.867,0.617900013923645,0.336899995803833,-76.82218170166016,2864.7890625,Data logging started
2025-05-29 14:04:15.887,0.617900013923645,0.336899995803833,-76.82218170166016,2864.7890625,Data logging started
2025-05-29 14:04:16.888,0.617900013923645,0.336899995803833,-76.82218170166016,2864.7890625,Data logging started
2025-05-29 14:04:17.472,0.6464999914169312,0.2085999995470047,-74.92568969726562,2864.7890625,Data logging started
2025-05-29 14:04:17.888,0.6464999914169312,0.2085999995470047,-74.92568969726562,2864.7890625,Data logging started
2025-05-29 14:04:18.467,0.6582000255584717,0.12389999628067017,-81.6636734008789,2864.7890625,Data logging started
2025-05-29 14:04:18.888,0.6582000255584717,0.12389999628067017,-81.6636734008789,2864.7890625,Data logging started
2025-05-29 14:04:19.888,0.6582000255584717,0.12389999628067017,-81.6636734008789,2864.7890625,Data logging started
2025-05-29 14:04:20.016,0.6725000143051147,-0.0052999998442828655,-87.93183135986328,2864.7890625,Data logging started
2025-05-29 14:04:20.888,0.6725000143051147,-0.0052999998442828655,-87.93183135986328,2864.7890625,Data logging started
2025-05-29 14:04:21.888,0.6725000143051147,-0.0052999998442828655,-87.93183135986328,2864.7890625,Data logging started
2025-05-29 14:04:22.667,0.6710000038146973,-0.02290000021457672,-75.27519226074219,2864.7890625,Data logging started
2025-05-29 14:04:22.888,0.6710000038146973,-0.02290000021457672,-75.27519226074219,2864.7890625,Data logging started
2025-05-29 14:04:23.888,0.6710000038146973,-0.02290000021457672,-75.27519226074219,2864.7890625,Data logging started
2025-05-29 14:04:24.213,0.6711999773979187,-0.026100000366568565,-84.13885498046875,2864.7890625,Data logging started
2025-05-29 14:04:24.888,0.6711999773979187,-0.026100000366568565,-84.13885498046875,2864.7890625,Data logging started
2025-05-29 14:04:25.279,0.6812000274658203,-0.07909999787807465,-51.354209899902344,2864.7890625,Data logging started
2025-05-29 14:04:25.766,0.6850000023841858,-0.08399999886751175,-33.41489791870117,2864.7890625,Data logging started
2025-05-29 14:04:25.888,0.6850000023841858,-0.08399999886751175,-33.41489791870117,2864.7890625,Data logging started
2025-05-29 14:04:26.316,0.6467999815940857,-0.06840000301599503,-15.017224311828613,2864.7890625,Data logging started
2025-05-29 14:04:26.823,0.5870000123977661,-0.05779999867081642,-8.433938980102539,2864.7890625,Data logging started
2025-05-29 14:04:26.888,0.5870000123977661,-0.05779999867081642,-8.433938980102539,2864.7890625,Data logging started
2025-05-29 14:04:27.374,0.484499990940094,-0.049800001084804535,-3.540879249572754,2864.7890625,Data logging started
2025-05-29 14:04:27.888,0.484499990940094,-0.049800001084804535,-3.540879249572754,2864.7890625,Data logging started
2025-05-29 14:04:28.888,0.484499990940094,-0.049800001084804535,-3.540879249572754,2864.7890625,Data logging started
2025-05-29 14:04:29.888,0.484499990940094,-0.049800001084804535,-3.540879249572754,2864.7890625,Data logging started
2025-05-29 14:04:30.888,0.484499990940094,-0.049800001084804535,-3.540879249572754,2864.7890625,Data logging started
2025-05-29 14:04:31.888,0.484499990940094,-0.049800001084804535,-3.540879249572754,2864.7890625,Data logging started
2025-05-29 14:04:32.887,0.484499990940094,-0.049800001084804535,-3.540879249572754,2864.7890625,Data logging started
2025-05-29 14:04:33.128,0.40369999408721924,-0.04190000146627426,-4.60658073425293,2864.7890625,Data logging started
2025-05-29 14:04:33.887,0.40369999408721924,-0.04190000146627426,-4.60658073425293,2864.7890625,Data logging started
2025-05-29 14:04:34.888,0.40369999408721924,-0.04190000146627426,-4.60658073425293,2864.7890625,Data logging started
2025-05-29 14:04:35.779,0.40939998626708984,-0.0421999990940094,-6.778090476989746,2864.7890625,Data logging started
2025-05-29 14:04:35.888,0.40939998626708984,-0.0421999990940094,-6.778090476989746,2864.7890625,Data logging started
2025-05-29 14:04:36.367,0.4609000086784363,-0.05480000004172325,-27.226953506469727,2864.7890625,Data logging started
2025-05-29 14:04:36.888,0.4609000086784363,-0.05480000004172325,-27.226953506469727,2864.7890625,Data logging started
2025-05-29 14:04:36.918,0.5112000107765198,-0.11259999871253967,-72.74272155761719,2864.7890625,Data logging started
2025-05-29 14:04:37.472,0.515999972820282,-0.14800000190734863,-100.61138916015625,2864.7890625,Data logging started
2025-05-29 14:04:37.888,0.515999972820282,-0.14800000190734863,-100.61138916015625,2864.7890625,Data logging started
2025-05-29 14:04:38.888,0.515999972820282,-0.14800000190734863,-100.61138916015625,2864.7890625,Data logging started
2025-05-29 14:04:39.888,0.515999972820282,-0.14800000190734863,-100.61138916015625,2864.7890625,Data logging started
2025-05-29 14:04:40.119,0.5023999810218811,-0.3287999927997589,-89.78248596191406,2864.7890625,Data logging started
2025-05-29 14:04:40.617,0.5060999989509583,-0.4645000100135803,-94.7901382446289,2864.7890625,Data logging started
2025-05-29 14:04:40.888,0.5060999989509583,-0.4645000100135803,-94.7901382446289,2864.7890625,Data logging started
2025-05-29 14:04:41.126,0.526199996471405,-0.6438999772071838,-87.86307525634766,2864.7890625,Data logging started
2025-05-29 14:04:41.669,0.525600016117096,-0.7709000110626221,-88.73970031738281,2864.7890625,Data logging started
2025-05-29 14:04:41.888,0.525600016117096,-0.7709000110626221,-88.73970031738281,2864.7890625,Data logging started
2025-05-29 14:04:42.222,0.53329998254776,-0.8999999761581421,-87.3302230834961,2864.7890625,Data logging started
2025-05-29 14:04:42.888,0.53329998254776,-0.8999999761581421,-87.3302230834961,2864.7890625,Data logging started
2025-05-29 14:04:43.308,0.5393999814987183,-1.0074000358581543,-85.69729614257812,2864.7890625,Data logging started
2025-05-29 14:04:43.888,0.5393999814987183,-1.0074000358581543,-85.69729614257812,2864.7890625,Data logging started
2025-05-29 14:04:44.887,0.5393999814987183,-1.0074000358581543,-85.69729614257812,2864.7890625,Data logging started
2025-05-29 14:04:45.887,0.5393999814987183,-1.0074000358581543,-85.69729614257812,2864.7890625,Data logging started
2025-05-29 14:04:46.887,0.5393999814987183,-1.0074000358581543,-85.69729614257812,2864.7890625,Speed set to: SLOW
2025-05-29 14:04:47.888,0.5393999814987183,-1.0074000358581543,-85.69729614257812,2864.7890625,Speed set to: SLOW
2025-05-29 14:04:48.182,0.5430999994277954,-1.016800045967102,-86.01815032958984,2864.7890625,Speed set to: SLOW
2025-05-29 14:04:48.888,0.5430999994277954,-1.016800045967102,-86.01815032958984,2864.7890625,Speed set to: SLOW
2025-05-29 14:04:49.888,0.5430999994277954,-1.016800045967102,-86.01815032958984,2864.7890625,Speed set to: SLOW
2025-05-29 14:04:50.888,0.5430999994277954,-1.016800045967102,-86.01815032958984,2864.7890625,Speed set to: SLOW
2025-05-29 14:04:51.888,0.5430999994277954,-1.016800045967102,-86.01815032958984,2864.7890625,Speed set to: SLOW
2025-05-29 14:04:52.888,0.5430999994277954,-1.016800045967102,-86.01815032958984,2864.7890625,Speed set to: SLOW
2025-05-29 14:04:53.888,0.5430999994277954,-1.016800045967102,-86.01815032958984,2864.7890625,Speed set to: SLOW
2025-05-29 14:04:54.888,0.5430999994277954,-1.016800045967102,-86.01815032958984,2864.7890625,Speed set to: SLOW
2025-05-29 14:04:55.888,0.5430999994277954,-1.016800045967102,-86.01815032958984,2864.7890625,Speed set to: SLOW
2025-05-29 14:04:56.888,0.5430999994277954,-1.016800045967102,-86.01815032958984,2864.7890625,Speed set to: SLOW
2025-05-29 14:04:57.888,0.5430999994277954,-1.016800045967102,-86.01815032958984,2864.7890625,Speed set to: SLOW
2025-05-29 14:04:58.888,0.5430999994277954,-1.016800045967102,-86.01815032958984,2864.7890625,Speed set to: SLOW
2025-05-29 14:04:59.888,0.5430999994277954,-1.016800045967102,-86.01815032958984,2864.7890625,Speed set to: SLOW
2025-05-29 14:05:00.887,0.5430999994277954,-1.016800045967102,-86.01815032958984,2864.7890625,Speed set to: SLOW
2025-05-29 14:05:01.887,0.5430999994277954,-1.016800045967102,-86.01815032958984,2864.7890625,Speed set to: SLOW
2025-05-29 14:05:02.887,0.5430999994277954,-1.016800045967102,-86.01815032958984,2864.7890625,Speed set to: SLOW
2025-05-29 14:05:03.887,0.5430999994277954,-1.016800045967102,-86.01815032958984,2864.7890625,Speed set to: SLOW
2025-05-29 14:05:04.888,0.5430999994277954,-1.016800045967102,-86.01815032958984,2864.7890625,Selected location: eat test location
2025-05-29 14:05:05.888,0.5430999994277954,-1.016800045967102,-86.01815032958984,2864.7890625,Selected location: eat test location
2025-05-29 14:05:06.888,0.5430999994277954,-1.016800045967102,-86.01815032958984,2864.7890625,Selected location: eat test location
2025-05-29 14:05:07.888,0.5430999994277954,-1.016800045967102,-86.01815032958984,2864.7890625,Selected location: eat test location
2025-05-29 14:05:08.888,0.5430999994277954,-1.016800045967102,-86.01815032958984,2864.7890625,Selected location: eat test location
2025-05-29 14:05:09.888,0.5430999994277954,-1.016800045967102,-86.01815032958984,2864.7890625,Selected location: eat test location
2025-05-29 14:05:10.888,0.5430999994277954,-1.016800045967102,-86.01815032958984,2864.7890625,Selected location: eat test location
2025-05-29 14:05:11.888,0.5430999994277954,-1.016800045967102,-86.01815032958984,2864.7890625,Selected location: eat test location
2025-05-29 14:05:12.888,0.5430999994277954,-1.016800045967102,-86.01815032958984,2864.7890625,Selected location: eat test location
2025-05-29 14:05:13.888,0.5430999994277954,-1.016800045967102,-86.01815032958984,2864.7890625,Selected location: eat test location
2025-05-29 14:05:14.888,0.5430999994277954,-1.016800045967102,-86.01815032958984,2864.7890625,Selected location: eat test location
2025-05-29 14:05:15.888,0.5430999994277954,-1.016800045967102,-86.01815032958984,2864.7890625,Selected location: eat test location
2025-05-29 14:05:16.888,0.5430999994277954,-1.016800045967102,-86.01815032958984,2864.7890625,Selected location: eat test location
2025-05-29 14:05:17.867,0.5430999994277954,-1.0164999961853027,-85.92647552490234,2864.7890625,Going to 'eat test location' - Status: start - Unknown
2025-05-29 14:05:17.887,0.5430999994277954,-1.0164999961853027,-85.92647552490234,2864.7890625,Going to 'eat test location' - Status: start - Unknown
2025-05-29 14:05:18.887,0.5430999994277954,-1.0164999961853027,-85.92647552490234,2864.7890625,Going to 'eat test location' - Status: reposing - Unknown
2025-05-29 14:05:19.887,0.5430999994277954,-1.0164999961853027,-85.92647552490234,2864.7890625,Going to 'eat test location' - Status: reposing - Unknown
2025-05-29 14:05:20.887,0.5430999994277954,-1.0164999961853027,-85.92647552490234,2864.7890625,Going to 'eat test location' - Status: reposing - Unknown
2025-05-29 14:05:21.887,0.5430999994277954,-1.0164999961853027,-85.92647552490234,2864.7890625,Going to 'eat test location' - Status: reposing - Unknown
2025-05-29 14:05:22.888,0.5430999994277954,-1.0164999961853027,-85.92647552490234,2864.7890625,Going to 'eat test location' - Status: reposing - Unknown
2025-05-29 14:05:23.109,0.5426999926567078,-1.0153000354766846,-79.06817626953125,-343.7746887207031,Going to 'eat test location' - Status: reposing - Unknown
2025-05-29 14:05:23.606,0.5436000227928162,-1.019700050354004,-54.40234375,-401.0704650878906,Going to 'eat test location' - Status: reposing - Unknown
2025-05-29 14:05:23.887,0.5436000227928162,-1.019700050354004,-54.40234375,-401.0704650878906,Going to 'eat test location' - Status: reposing - Unknown
2025-05-29 14:05:24.160,0.5382999777793884,-1.0152000188827515,-32.538272857666016,-401.0704650878906,Going to 'eat test location' - Status: reposing - Unknown
2025-05-29 14:05:24.887,0.5382999777793884,-1.0152000188827515,-32.538272857666016,-401.0704650878906,Going to 'eat test location' - Status: reposing - Unknown
2025-05-29 14:05:25.887,0.5382999777793884,-1.0152000188827515,-32.538272857666016,-401.0704650878906,Going to 'eat test location' - Status: reposing - Unknown
2025-05-29 14:05:26.887,0.5382999777793884,-1.0152000188827515,-32.538272857666016,-401.0704650878906,Going to 'eat test location' - Status: reposing - Unknown
2025-05-29 14:05:27.393,0.45820000767707825,-1.135200023651123,-31.243389129638672,-343.7746887207031,Going to 'eat test location' - Status: reposing - Unknown
2025-05-29 14:05:27.888,0.45820000767707825,-1.135200023651123,-31.243389129638672,-343.7746887207031,Going to 'eat test location' - Status: reposing - Unknown
2025-05-29 14:05:27.947,0.47870001196861267,-1.149999976158142,-25.91488265991211,-401.0704650878906,Going to 'eat test location' - Status: reposing - Unknown
2025-05-29 14:05:28.504,0.6074000000953674,-1.197700023651123,-21.193708419799805,-401.0704650878906,Going to 'eat test location' - Status: going - Unknown
2025-05-29 14:05:28.888,0.6074000000953674,-1.197700023651123,-21.193708419799805,-401.0704650878906,Going to 'eat test location' - Status: going - Unknown
2025-05-29 14:05:28.995,0.7233999967575073,-1.2581000328063965,-40.12423324584961,-343.7746887207031,Going to 'eat test location' - Status: going - Unknown
2025-05-29 14:05:29.561,0.8744000196456909,-1.4701999425888062,-64.87601470947266,-343.7746887207031,Going to 'eat test location' - Status: going - Unknown
2025-05-29 14:05:29.888,0.8744000196456909,-1.4701999425888062,-64.87601470947266,-343.7746887207031,Going to 'eat test location' - Status: going - Unknown
2025-05-29 14:05:30.111,0.9455999732017517,-1.8880000114440918,-81.41157531738281,-343.7746887207031,Going to 'eat test location' - Status: going - Unknown
2025-05-29 14:05:30.656,1.006600022315979,-2.2690000534057617,-90.57317352294922,-343.7746887207031,Going to 'eat test location' - Status: going - Unknown
2025-05-29 14:05:30.888,1.006600022315979,-2.2690000534057617,-90.57317352294922,-343.7746887207031,Going to 'eat test location' - Status: going - Unknown
2025-05-29 14:05:31.204,0.9664999842643738,-2.7070000171661377,-94.38906860351562,-343.7746887207031,Going to 'eat test location' - Status: going - Unknown
2025-05-29 14:05:31.754,0.9591000080108643,-3.194000005722046,-92.57279205322266,-343.7746887207031,Going to 'eat test location' - Status: going - Unknown
2025-05-29 14:05:31.888,0.9591000080108643,-3.194000005722046,-92.57279205322266,-343.7746887207031,Going to 'eat test location' - Status: going - Unknown
2025-05-29 14:05:32.238,0.9330999851226807,-3.6238999366760254,-89.4501724243164,-343.7746887207031,Going to 'eat test location' - Status: going - Unknown
2025-05-29 14:05:32.806,0.8967000246047974,-3.959199905395508,-91.25498962402344,-343.7746887207031,Going to 'eat test location' - Status: going - Unknown
2025-05-29 14:05:32.888,0.8967000246047974,-3.959199905395508,-91.25498962402344,-343.7746887207031,Going to 'eat test location' - Status: going - Unknown
2025-05-29 14:05:33.365,0.9003999829292297,-4.4095001220703125,-89.28401184082031,-343.7746887207031,Going to 'eat test location' - Status: going - Unknown
2025-05-29 14:05:33.888,0.9003999829292297,-4.4095001220703125,-89.28401184082031,-343.7746887207031,Going to 'eat test location' - Status: going - Unknown
2025-05-29 14:05:33.921,0.9038000106811523,-4.803299903869629,-89.02045440673828,-343.7746887207031,Going to 'eat test location' - Status: going - Unknown
2025-05-29 14:05:34.411,0.8665000200271606,-5.118199825286865,-89.28401184082031,-343.7746887207031,Going to 'eat test location' - Status: going - Unknown
2025-05-29 14:05:34.888,0.8665000200271606,-5.118199825286865,-89.28401184082031,-343.7746887207031,Going to 'eat test location' - Status: going - Unknown
2025-05-29 14:05:34.940,0.880299985408783,-5.4552001953125,-86.19577026367188,-343.7746887207031,Going to 'eat test location' - Status: going - Unknown
2025-05-29 14:05:35.503,0.9172000288963318,-5.877799987792969,-85.0670394897461,-343.7746887207031,Going to 'eat test location' - Status: going - Unknown
2025-05-29 14:05:35.888,0.9172000288963318,-5.877799987792969,-85.0670394897461,-343.7746887207031,Going to 'eat test location' - Status: going - Unknown
2025-05-29 14:05:36.062,0.9437000155448914,-6.3649001121521,-86.33900451660156,-343.7746887207031,Going to 'eat test location' - Status: going - Unknown
2025-05-29 14:05:36.565,0.964900016784668,-6.801700115203857,-87.77140808105469,-343.7746887207031,Going to 'eat test location' - Status: going - Unknown
2025-05-29 14:05:36.888,0.964900016784668,-6.801700115203857,-87.77140808105469,-343.7746887207031,Going to 'eat test location' - Status: going - Unknown
2025-05-29 14:05:37.041,0.9652000069618225,-7.226099967956543,-88.65949249267578,-343.7746887207031,Going to 'eat test location' - Status: going - Unknown
2025-05-29 14:05:37.558,0.9643999934196472,-7.642499923706055,-89.55329895019531,-343.7746887207031,Going to 'eat test location' - Status: going - Unknown
2025-05-29 14:05:37.888,0.9643999934196472,-7.642499923706055,-89.55329895019531,-343.7746887207031,Going to 'eat test location' - Status: going - Unknown
2025-05-29 14:05:38.112,0.978600025177002,-8.118200302124023,-88.0750732421875,-343.7746887207031,Going to 'eat test location' - Status: going - Unknown
2025-05-29 14:05:38.605,0.9932000041007996,-8.538100242614746,-88.62511444091797,-343.7746887207031,Going to 'eat test location' - Status: going - Unknown
2025-05-29 14:05:38.888,0.9932000041007996,-8.538100242614746,-88.62511444091797,-343.7746887207031,Going to 'eat test location' - Status: going - Unknown
2025-05-29 14:05:39.156,0.9912999868392944,-9.023200035095215,-85.89783477783203,-343.7746887207031,Going to 'eat test location' - Status: going - Unknown
2025-05-29 14:05:39.704,1.0058000087738037,-9.418499946594238,-78.90201568603516,-343.7746887207031,Going to 'eat test location' - Status: going - Unknown
2025-05-29 14:05:39.888,1.0058000087738037,-9.418499946594238,-78.90201568603516,-343.7746887207031,Going to 'eat test location' - Status: going - Unknown
2025-05-29 14:05:40.205,1.1088000535964966,-9.68179988861084,-53.81219482421875,-343.7746887207031,Going to 'eat test location' - Status: going - Unknown
2025-05-29 14:05:40.705,1.2309000492095947,-9.802900314331055,-31.696025848388672,-343.7746887207031,Going to 'eat test location' - Status: going - Unknown
2025-05-29 14:05:40.888,1.2309000492095947,-9.802900314331055,-31.696025848388672,-343.7746887207031,Going to 'eat test location' - Status: going - Unknown
2025-05-29 14:05:41.214,1.444200038909912,-9.862600326538086,-15.02868366241455,-343.7746887207031,Going to 'eat test location' - Status: going - Unknown
2025-05-29 14:05:41.756,1.7978999614715576,-9.892900466918945,-4.7841973304748535,-343.7746887207031,Going to 'eat test location' - Status: going - Unknown
2025-05-29 14:05:41.888,1.7978999614715576,-9.892900466918945,-4.7841973304748535,-343.7746887207031,Going to 'eat test location' - Status: going - Unknown
2025-05-29 14:05:42.301,2.233099937438965,-9.906800270080566,-1.1688339710235596,-343.7746887207031,Going to 'eat test location' - Status: going - Unknown
2025-05-29 14:05:42.857,2.710400104522705,-9.921600341796875,-0.9625690579414368,-343.7746887207031,Going to 'eat test location' - Status: going - Unknown
2025-05-29 14:05:42.888,2.710400104522705,-9.921600341796875,-0.9625690579414368,-343.7746887207031,Going to 'eat test location' - Status: going - Unknown
2025-05-29 14:05:43.409,3.183500051498413,-9.928199768066406,-1.2032113075256348,-343.7746887207031,Going to 'eat test location' - Status: going - Unknown
2025-05-29 14:05:43.888,3.183500051498413,-9.928199768066406,-1.2032113075256348,-343.7746887207031,Going to 'eat test location' - Status: going - Unknown
2025-05-29 14:05:43.927,3.6180999279022217,-9.932600021362305,-0.04583662375807762,-343.7746887207031,Going to 'eat test location' - Status: going - Unknown
2025-05-29 14:05:44.411,4.055699825286865,-9.937899589538574,-0.7849521636962891,-343.7746887207031,Going to 'eat test location' - Status: going - Unknown
2025-05-29 14:05:44.888,4.055699825286865,-9.937899589538574,-0.7849521636962891,-343.7746887207031,Going to 'eat test location' - Status: going - Unknown
2025-05-29 14:05:44.939,4.520699977874756,-9.945899963378906,-0.590146541595459,-343.7746887207031,Going to 'eat test location' - Status: going - Unknown
2025-05-29 14:05:45.504,5.007900238037109,-9.954000473022461,0.5958760976791382,-343.7746887207031,Going to 'eat test location' - Status: going - Unknown
2025-05-29 14:05:45.888,5.007900238037109,-9.954000473022461,0.5958760976791382,-343.7746887207031,Going to 'eat test location' - Status: going - Unknown
2025-05-29 14:05:45.995,5.455900192260742,-9.961600303649902,-0.05156620219349861,-343.7746887207031,Going to 'eat test location' - Status: going - Unknown
2025-05-29 14:05:46.515,5.891600131988525,-9.960700035095215,1.6673072576522827,-343.7746887207031,Going to 'eat test location' - Status: going - Unknown
2025-05-29 14:05:46.888,5.891600131988525,-9.960700035095215,1.6673072576522827,-343.7746887207031,Going to 'eat test location' - Status: going - Unknown
2025-05-29 14:05:47.064,6.347599983215332,-9.958399772644043,1.2318593263626099,-343.7746887207031,Going to 'eat test location' - Status: going - Unknown
2025-05-29 14:05:47.550,6.765399932861328,-9.94950008392334,0.7964113354682922,-343.7746887207031,Going to 'eat test location' - Status: going - Unknown
2025-05-29 14:05:47.888,6.765399932861328,-9.94950008392334,0.7964113354682922,-343.7746887207031,Going to 'eat test location' - Status: going - Unknown
2025-05-29 14:05:48.104,7.239299774169922,-9.939000129699707,1.9767043590545654,-343.7746887207031,Going to 'eat test location' - Status: going - Unknown
2025-05-29 14:05:48.611,7.682600021362305,-9.928099632263184,2.0340001583099365,-343.7746887207031,Going to 'eat test location' - Status: going - Unknown
2025-05-29 14:05:48.888,7.682600021362305,-9.928099632263184,2.0340001583099365,-343.7746887207031,Going to 'eat test location' - Status: going - Unknown
2025-05-29 14:05:49.157,8.161700248718262,-9.906800270080566,2.4236114025115967,-343.7746887207031,Going to 'eat test location' - Status: going - Unknown
2025-05-29 14:05:49.653,8.588700294494629,-9.900799751281738,1.4954198598861694,-343.7746887207031,Going to 'eat test location' - Status: going - Unknown
2025-05-29 14:05:49.888,8.588700294494629,-9.900799751281738,1.4954198598861694,-343.7746887207031,Going to 'eat test location' - Status: going - Unknown
2025-05-29 14:05:50.203,9.07289981842041,-9.8951997756958,2.4293410778045654,-343.7746887207031,Going to 'eat test location' - Status: going - Unknown
2025-05-29 14:05:50.689,9.504799842834473,-9.88539981842041,0.6417127251625061,-343.7746887207031,Going to 'eat test location' - Status: going - Unknown
2025-05-29 14:05:50.887,9.504799842834473,-9.88539981842041,0.6417127251625061,-343.7746887207031,Going to 'eat test location' - Status: going - Unknown
2025-05-29 14:05:51.211,9.888299942016602,-9.881400108337402,6.268157958984375,-343.7746887207031,Going to 'eat test location' - Status: going - Unknown
2025-05-29 14:05:51.755,10.201700210571289,-9.769200325012207,31.70175552368164,-343.7746887207031,Going to 'eat test location' - Status: going - Unknown
2025-05-29 14:05:51.888,10.201700210571289,-9.769200325012207,31.70175552368164,-343.7746887207031,Going to 'eat test location' - Status: going - Unknown
2025-05-29 14:05:52.296,10.45110034942627,-9.484999656677246,63.254539489746094,-343.7746887207031,Going to 'eat test location' - Status: going - Unknown
2025-05-29 14:05:52.806,10.57699966430664,-9.166999816894531,75.26373291015625,-343.7746887207031,Going to 'eat test location' - Status: going - Unknown
2025-05-29 14:05:52.888,10.57699966430664,-9.166999816894531,75.26373291015625,-343.7746887207031,Going to 'eat test location' - Status: going - Unknown
2025-05-29 14:05:53.362,10.613900184631348,-8.677900314331055,89.53611755371094,-343.7746887207031,Going to 'eat test location' - Status: going - Unknown
2025-05-29 14:05:53.888,10.613900184631348,-8.677900314331055,89.53611755371094,-343.7746887207031,Going to 'eat test location' - Status: going - Unknown
2025-05-29 14:05:53.911,10.604599952697754,-8.224100112915039,89.46735382080078,-343.7746887207031,Going to 'eat test location' - Status: going - Unknown
2025-05-29 14:05:54.458,10.59469985961914,-7.754499912261963,89.67935180664062,-343.7746887207031,Going to 'eat test location' - Status: going - Unknown
2025-05-29 14:05:54.888,10.59469985961914,-7.754499912261963,89.67935180664062,-343.7746887207031,Going to 'eat test location' - Status: going - Unknown
2025-05-29 14:05:55.002,10.589500427246094,-7.293000221252441,93.2374267578125,-343.7746887207031,Going to 'eat test location' - Status: going - Unknown
2025-05-29 14:05:55.563,10.581600189208984,-6.811299800872803,90.57317352294922,-343.7746887207031,Going to 'eat test location' - Status: going - Unknown
2025-05-29 14:05:55.888,10.581600189208984,-6.811299800872803,90.57317352294922,-343.7746887207031,Going to 'eat test location' - Status: going - Unknown
2025-05-29 14:05:56.057,10.566800117492676,-6.381899833679199,89.07775115966797,-343.7746887207031,Going to 'eat test location' - Status: going - Unknown
2025-05-29 14:05:56.608,10.569199562072754,-5.89870023727417,89.8856201171875,-343.7746887207031,Going to 'eat test location' - Status: going - Unknown
2025-05-29 14:05:56.888,10.569199562072754,-5.89870023727417,89.8856201171875,-343.7746887207031,Going to 'eat test location' - Status: going - Unknown
2025-05-29 14:05:57.157,10.570300102233887,-5.421800136566162,88.04642486572266,-343.7746887207031,Going to 'eat test location' - Status: going - Unknown
2025-05-29 14:05:57.672,10.56760025024414,-4.996399879455566,92.58998107910156,-343.7746887207031,Going to 'eat test location' - Status: going - Unknown
2025-05-29 14:05:57.888,10.56760025024414,-4.996399879455566,92.58998107910156,-343.7746887207031,Going to 'eat test location' - Status: going - Unknown
2025-05-29 14:05:58.218,10.57409954071045,-4.514699935913086,89.74237823486328,-343.7746887207031,Going to 'eat test location' - Status: going - Unknown
2025-05-29 14:05:58.752,10.571800231933594,-4.035699844360352,91.54719543457031,-343.7746887207031,Going to 'eat test location' - Status: going - Unknown
2025-05-29 14:05:58.888,10.571800231933594,-4.035699844360352,91.54719543457031,-343.7746887207031,Going to 'eat test location' - Status: going - Unknown
2025-05-29 14:05:59.305,10.5802001953125,-3.562299966812134,89.62206268310547,-343.7746887207031,Going to 'eat test location' - Status: going - Unknown
2025-05-29 14:05:59.803,10.583999633789062,-3.1280999183654785,90.00020599365234,-343.7746887207031,Going to 'eat test location' - Status: going - Unknown
2025-05-29 14:05:59.888,10.583999633789062,-3.1280999183654785,90.00020599365234,-343.7746887207031,Going to 'eat test location' - Status: going - Unknown
2025-05-29 14:06:00.355,10.58590030670166,-2.644399881362915,91.15185546875,-343.7746887207031,Going to 'eat test location' - Status: going - Unknown
2025-05-29 14:06:00.856,10.58530044555664,-2.210599899291992,92.69884490966797,-343.7746887207031,Going to 'eat test location' - Status: going - Unknown
2025-05-29 14:06:00.888,10.58530044555664,-2.210599899291992,92.69884490966797,-343.7746887207031,Going to 'eat test location' - Status: going - Unknown
2025-05-29 14:06:01.359,10.498600006103516,-1.8301000595092773,120.16644287109375,-343.7746887207031,Going to 'eat test location' - Status: going - Unknown
2025-05-29 14:06:01.888,10.498600006103516,-1.8301000595092773,120.16644287109375,-343.7746887207031,Going to 'eat test location' - Status: going - Unknown
2025-05-29 14:06:01.921,10.231399536132812,-1.6171000003814697,143.6233367919922,-343.7746887207031,Going to 'eat test location' - Status: going - Unknown
2025-05-29 14:06:02.401,10.099800109863281,-1.5108000040054321,132.36471557617188,-343.7746887207031,Going to 'eat test location' - Status: going - Unknown
2025-05-29 14:06:02.888,10.099800109863281,-1.5108000040054321,132.36471557617188,-343.7746887207031,Going to 'eat test location' - Status: going - Unknown
2025-05-29 14:06:02.914,10.058600425720215,-1.4371999502182007,120.21800994873047,-343.7746887207031,Going to 'eat test location' - Status: going - Unknown
2025-05-29 14:06:03.465,10.003299713134766,-1.3667999505996704,137.6473846435547,-343.7746887207031,Going to 'eat test location' - Status: going - Unknown
2025-05-29 14:06:03.888,10.003299713134766,-1.3667999505996704,137.6473846435547,-343.7746887207031,Going to 'eat test location' - Status: going - Unknown
2025-05-29 14:06:03.951,9.854499816894531,-1.2897000312805176,160.34796142578125,-343.7746887207031,Going to 'eat test location' - Status: going - Unknown
2025-05-29 14:06:04.517,9.526700019836426,-1.3113000392913818,-179.4446563720703,-343.7746887207031,Going to 'eat test location' - Status: going - Unknown
2025-05-29 14:06:04.888,9.526700019836426,-1.3113000392913818,-179.4446563720703,-343.7746887207031,Going to 'eat test location' - Status: going - Unknown
2025-05-29 14:06:05.063,9.257200241088867,-1.38510000705719,-174.01873779296875,-343.7746887207031,Going to 'eat test location' - Status: going - Unknown
2025-05-29 14:06:05.559,8.878199577331543,-1.3899999856948853,-178.09820556640625,-343.7746887207031,Going to 'eat test location' - Status: going - Unknown
2025-05-29 14:06:05.888,8.878199577331543,-1.3899999856948853,-178.09820556640625,-343.7746887207031,Going to 'eat test location' - Status: going - Unknown
2025-05-29 14:06:06.085,8.446100234985352,-1.3977999687194824,-179.70248413085938,-343.7746887207031,Going to 'eat test location' - Status: going - Unknown
2025-05-29 14:06:06.553,8.022199630737305,-1.381700038909912,-179.65090942382812,-343.7746887207031,Going to 'eat test location' - Status: going - Unknown
2025-05-29 14:06:06.888,8.022199630737305,-1.381700038909912,-179.65090942382812,-343.7746887207031,Going to 'eat test location' - Status: going - Unknown
2025-05-29 14:06:07.097,7.548799991607666,-1.3818999528884888,-178.8946075439453,-343.7746887207031,Going to 'eat test location' - Status: going - Unknown
2025-05-29 14:06:07.614,7.1427998542785645,-1.382699966430664,-176.1558837890625,-343.7746887207031,Going to 'eat test location' - Status: going - Unknown
2025-05-29 14:06:07.888,7.1427998542785645,-1.382699966430664,-176.1558837890625,-343.7746887207031,Going to 'eat test location' - Status: going - Unknown
2025-05-29 14:06:08.157,6.764500141143799,-1.4270000457763672,-173.77809143066406,-343.7746887207031,Going to 'eat test location' - Status: going - Unknown
2025-05-29 14:06:08.661,6.563499927520752,-1.451300024986267,-169.44654846191406,-343.7746887207031,Going to 'eat test location' - Status: going - Unknown
2025-05-29 14:06:08.888,6.563499927520752,-1.451300024986267,-169.44654846191406,-343.7746887207031,Going to 'eat test location' - Status: going - Unknown
2025-05-29 14:06:09.207,6.439499855041504,-1.4701000452041626,-163.8659210205078,-343.7746887207031,Going to 'eat test location' - Status: going - Unknown
2025-05-29 14:06:09.752,6.4120001792907715,-1.4744000434875488,-157.99884033203125,-343.7746887207031,Going to 'eat test location' - Status: going - Unknown
2025-05-29 14:06:09.888,6.4120001792907715,-1.4744000434875488,-157.99884033203125,-343.7746887207031,Going to 'eat test location' - Status: going - Unknown
2025-05-29 14:06:10.314,6.407199859619141,-1.4714000225067139,-150.2352752685547,-343.7746887207031,Going to 'eat test location' - Status: going - Unknown
2025-05-29 14:06:10.858,6.402699947357178,-1.4730000495910645,-128.46859741210938,-343.7746887207031,Going to 'eat test location' - Status: going - Unknown
2025-05-29 14:06:10.888,6.402699947357178,-1.4730000495910645,-128.46859741210938,-343.7746887207031,Going to 'eat test location' - Status: going - Unknown
2025-05-29 14:06:11.358,6.406499862670898,-1.4700000286102295,-110.55793762207031,-343.7746887207031,Going to 'eat test location' - Status: going - Unknown
2025-05-29 14:06:11.888,6.406499862670898,-1.4700000286102295,-110.55793762207031,-343.7746887207031,Going to 'eat test location' - Status: going - Unknown
2025-05-29 14:06:11.911,6.407100200653076,-1.4673000574111938,-99.72330474853516,-343.7746887207031,Going to 'eat test location' - Status: going - Unknown
2025-05-29 14:06:12.440,6.4070000648498535,-1.4629000425338745,-86.8260269165039,-343.7746887207031,Going to 'eat test location' - Status: complete - Unknown
2025-05-29 14:06:12.888,6.4070000648498535,-1.4629000425338745,-86.8260269165039,-343.7746887207031,Going to 'eat test location' - Status: complete - Unknown
2025-05-29 14:06:13.888,6.4070000648498535,-1.4629000425338745,-86.8260269165039,-343.7746887207031,Going to 'eat test location' - Status: complete - Unknown
2025-05-29 14:06:14.888,6.4070000648498535,-1.4629000425338745,-86.8260269165039,-343.7746887207031,Going to 'eat test location' - Status: complete - Unknown
2025-05-29 14:06:15.888,6.4070000648498535,-1.4629000425338745,-86.8260269165039,-343.7746887207031,Going to 'eat test location' - Status: complete - Unknown
2025-05-29 14:06:16.888,6.4070000648498535,-1.4629000425338745,-86.8260269165039,-343.7746887207031,Going to 'eat test location' - Status: complete - Unknown
2025-05-29 14:06:17.888,6.4070000648498535,-1.4629000425338745,-86.8260269165039,-343.7746887207031,Going to 'eat test location' - Status: complete - Unknown
2025-05-29 14:06:18.888,6.4070000648498535,-1.4629000425338745,-86.8260269165039,-343.7746887207031,Going to 'eat test location' - Status: complete - Unknown
2025-05-29 14:06:19.888,6.4070000648498535,-1.4629000425338745,-86.8260269165039,-343.7746887207031,Going to 'eat test location' - Status: complete - Unknown
2025-05-29 14:06:20.888,6.4070000648498535,-1.4629000425338745,-86.8260269165039,-343.7746887207031,Going to 'eat test location' - Status: complete - Unknown
2025-05-29 14:06:21.888,6.4070000648498535,-1.4629000425338745,-86.8260269165039,-343.7746887207031,Going to 'eat test location' - Status: complete - Unknown
2025-05-29 14:06:22.444,6.416100025177002,-1.4479000568389893,-85.39363098144531,0,Going to 'eat test location' - Status: complete - Unknown
2025-05-29 14:06:22.888,6.416100025177002,-1.4479000568389893,-85.39363098144531,0,Going to 'eat test location' - Status: complete - Unknown
2025-05-29 14:06:23.888,6.416100025177002,-1.4479000568389893,-85.39363098144531,0,Going to 'eat test location' - Status: complete - Unknown
2025-05-29 14:06:24.888,6.416100025177002,-1.4479000568389893,-85.39363098144531,0,Going to 'eat test location' - Status: complete - Unknown
2025-05-29 14:06:25.888,6.416100025177002,-1.4479000568389893,-85.39363098144531,0,Going to 'eat test location' - Status: complete - Unknown
2025-05-29 14:06:26.888,6.416100025177002,-1.4479000568389893,-85.39363098144531,0,Going to 'eat test location' - Status: complete - Unknown
2025-05-29 14:06:27.888,6.416100025177002,-1.4479000568389893,-85.39363098144531,0,Going to 'eat test location' - Status: complete - Unknown
2025-05-29 14:06:28.888,6.416100025177002,-1.4479000568389893,-85.39363098144531,0,Going to 'eat test location' - Status: complete - Unknown
2025-05-29 14:06:29.888,6.416100025177002,-1.4479000568389893,-85.39363098144531,0,Going to 'eat test location' - Status: complete - Unknown
2025-05-29 14:06:30.888,6.416100025177002,-1.4479000568389893,-85.39363098144531,0,Going to 'eat test location' - Status: complete - Unknown
2025-05-29 14:06:31.888,6.416100025177002,-1.4479000568389893,-85.39363098144531,0,Going to 'eat test location' - Status: complete - Unknown
2025-05-29 14:06:32.888,6.416100025177002,-1.4479000568389893,-85.39363098144531,0,Going to 'eat test location' - Status: complete - Unknown
2025-05-29 14:06:33.888,6.416100025177002,-1.4479000568389893,-85.39363098144531,0,Going to 'eat test location' - Status: complete - Unknown
2025-05-29 14:06:34.888,6.416100025177002,-1.4479000568389893,-85.39363098144531,0,Going to 'eat test location' - Status: complete - Unknown
2025-05-29 14:06:35.434,6.415299892425537,-1.4463000297546387,-85.63427734375,0,Follow status: start
2025-05-29 14:06:35.887,6.415299892425537,-1.4463000297546387,-85.63427734375,0,Follow status: start
2025-05-29 14:06:36.888,6.415299892425537,-1.4463000297546387,-85.63427734375,0,Follow status: start
2025-05-29 14:06:37.473,6.453999996185303,-1.6385999917984009,-67.13919830322266,1088.6197509765625,Follow status: start
2025-05-29 14:06:37.888,6.453999996185303,-1.6385999917984009,-67.13919830322266,1088.6197509765625,Follow status: track
2025-05-29 14:06:38.022,6.449900150299072,-1.643399953842163,-59.856903076171875,2291.831298828125,Follow status: track
2025-05-29 14:06:38.527,6.448500156402588,-1.6404000520706177,-29.839641571044922,2062.64794921875,Follow status: track
2025-05-29 14:06:38.888,6.448500156402588,-1.6404000520706177,-29.839641571044922,2062.64794921875,Follow status: track
2025-05-29 14:06:39.092,6.446800231933594,-1.6338000297546387,1.042783260345459,1776.169189453125,Follow status: track
2025-05-29 14:06:39.625,6.473499774932861,-1.6267999410629272,15.160463333129883,1432.39453125,Follow status: track
2025-05-29 14:06:39.888,6.473499774932861,-1.6267999410629272,15.160463333129883,1432.39453125,Follow status: track
2025-05-29 14:06:40.125,6.643400192260742,-1.5592000484466553,16.77620506286621,1432.39453125,Follow status: track
2025-05-29 14:06:40.675,7.046199798583984,-1.3955999612808228,15.693314552307129,1260.5072021484375,Follow status: track
2025-05-29 14:06:40.888,7.046199798583984,-1.3955999612808228,15.693314552307129,1260.5072021484375,Follow status: track
2025-05-29 14:06:41.175,7.468699932098389,-1.3695000410079956,-1.3808282613754272,1317.802978515625,Follow status: track
2025-05-29 14:06:41.724,7.8942999839782715,-1.3898999691009521,-4.291453838348389,1317.802978515625,Follow status: track
2025-05-29 14:06:41.888,7.8942999839782715,-1.3898999691009521,-4.291453838348389,1317.802978515625,Follow status: track
2025-05-29 14:06:42.223,8.268099784851074,-1.4423999786376953,-6.147837162017822,1317.802978515625,Follow status: track
2025-05-29 14:06:42.771,8.646699905395508,-1.4804999828338623,-4.9446258544921875,1317.802978515625,Follow status: track
2025-05-29 14:06:42.888,8.646699905395508,-1.4804999828338623,-4.9446258544921875,1317.802978515625,Follow status: track
2025-05-29 14:06:43.285,8.967499732971191,-1.4917999505996704,-0.6417127251625061,1317.802978515625,Follow status: track
2025-05-29 14:06:43.824,9.294400215148926,-1.513700008392334,-0.38961130380630493,1317.802978515625,Follow status: track
2025-05-29 14:06:43.887,9.294400215148926,-1.513700008392334,-0.38961130380630493,1317.802978515625,Follow status: track
2025-05-29 14:06:44.331,9.586099624633789,-1.4940999746322632,7.13332462310791,1317.802978515625,Follow status: track
2025-05-29 14:06:44.825,10.005900382995605,-1.423200011253357,12.610800743103027,1317.802978515625,Follow status: track
2025-05-29 14:06:44.887,10.005900382995605,-1.423200011253357,12.610800743103027,1317.802978515625,Follow status: track
2025-05-29 14:06:45.382,10.415300369262695,-1.2867000102996826,23.47408103942871,1145.9156494140625,Follow status: track
2025-05-29 14:06:45.888,10.415300369262695,-1.2867000102996826,23.47408103942871,1145.9156494140625,Follow status: track
2025-05-29 14:06:45.927,10.7052001953125,-1.1475000381469727,24.281949996948242,1317.802978515625,Follow status: track
2025-05-29 14:06:46.475,11.035900115966797,-0.9810000061988831,30.441247940063477,1317.802978515625,Follow status: track
2025-05-29 14:06:46.888,11.035900115966797,-0.9810000061988831,30.441247940063477,1317.802978515625,Follow status: track
2025-05-29 14:06:46.958,11.365699768066406,-0.7652999758720398,36.5776252746582,1317.802978515625,Follow status: track
2025-05-29 14:06:47.462,11.642000198364258,-0.5455999970436096,40.233097076416016,1317.802978515625,Follow status: track
2025-05-29 14:06:47.888,11.642000198364258,-0.5455999970436096,40.233097076416016,1317.802978515625,Follow status: track
2025-05-29 14:06:48.031,11.927900314331055,-0.27619999647140503,48.3461799621582,1317.802978515625,Follow status: track
2025-05-29 14:06:48.525,12.12660026550293,-0.041600000113248825,51.10783767700195,1317.802978515625,Follow status: track
2025-05-29 14:06:48.888,12.12660026550293,-0.041600000113248825,51.10783767700195,1317.802978515625,Follow status: track
2025-05-29 14:06:49.076,12.325200080871582,0.21230000257492065,55.983707427978516,1317.802978515625,Follow status: track
2025-05-29 14:06:49.625,12.556300163269043,0.6093999743461609,65.2484359741211,1260.5072021484375,Follow status: track
2025-05-29 14:06:49.888,12.556300163269043,0.6093999743461609,65.2484359741211,1260.5072021484375,Follow status: track
2025-05-29 14:06:50.175,12.724699974060059,0.967199981212616,64.91612243652344,1145.9156494140625,Follow status: track
2025-05-29 14:06:50.676,12.884900093078613,1.2944999933242798,65.1911392211914,1260.5072021484375,Follow status: track
2025-05-29 14:06:50.888,12.884900093078613,1.2944999933242798,65.1911392211914,1260.5072021484375,Follow status: track
2025-05-29 14:06:51.232,13.100799560546875,1.6517000198364258,58.676605224609375,1317.802978515625,Follow status: track
2025-05-29 14:06:51.731,13.26159954071045,1.8658000230789185,47.77894973754883,1317.802978515625,Follow status: track
2025-05-29 14:06:51.888,13.26159954071045,1.8658000230789185,47.77894973754883,1317.802978515625,Follow status: track
2025-05-29 14:06:52.221,13.493499755859375,2.0922999382019043,38.54859924316406,1317.802978515625,Follow status: track
2025-05-29 14:06:52.769,13.897700309753418,2.3364999294281006,27.845748901367188,1317.802978515625,Follow status: track
2025-05-29 14:06:52.888,13.897700309753418,2.3364999294281006,27.845748901367188,1317.802978515625,Follow status: track
2025-05-29 14:06:53.279,14.401800155639648,2.525399923324585,18.13411521911621,1317.802978515625,Follow status: track
2025-05-29 14:06:53.821,14.81879997253418,2.600399971008301,3.6497409343719482,1317.802978515625,Follow status: track
2025-05-29 14:06:53.888,14.81879997253418,2.600399971008301,3.6497409343719482,1317.802978515625,Follow status: track
2025-05-29 14:06:54.335,15.11299991607666,2.6103999614715576,-0.5786873698234558,1317.802978515625,Follow status: track
2025-05-29 14:06:54.881,15.571200370788574,2.6033999919891357,1.0026761293411255,1317.802978515625,Follow status: track
2025-05-29 14:06:54.887,15.571200370788574,2.6033999919891357,1.0026761293411255,1317.802978515625,Follow status: track
2025-05-29 14:06:55.428,16.05340003967285,2.5736000537872314,-3.042405843734741,1260.5072021484375,Follow status: track
2025-05-29 14:06:55.888,16.05340003967285,2.5736000537872314,-3.042405843734741,1260.5072021484375,Follow status: track
2025-05-29 14:06:55.957,16.567899703979492,2.534600019454956,-3.483583450317383,1317.802978515625,Follow status: track
2025-05-29 14:06:56.489,17.03890037536621,2.504300117492676,-4.199780464172363,1260.5072021484375,Follow status: track
2025-05-29 14:06:56.888,17.03890037536621,2.504300117492676,-4.199780464172363,1260.5072021484375,Follow status: track
2025-05-29 14:06:57.022,17.545799255371094,2.4535999298095703,-3.6898484230041504,974.0282592773438,Follow status: track
2025-05-29 14:06:57.537,17.991500854492188,2.4137001037597656,-5.271211624145508,1145.9156494140625,Follow status: track
2025-05-29 14:06:57.888,17.991500854492188,2.4137001037597656,-5.271211624145508,1145.9156494140625,Follow status: track
2025-05-29 14:06:58.075,18.5049991607666,2.3531999588012695,-5.024839878082275,1203.21142578125,Follow status: track
2025-05-29 14:06:58.579,18.97279930114746,2.328000068664551,-4.612310409545898,1317.802978515625,Follow status: track
2025-05-29 14:06:58.888,18.97279930114746,2.328000068664551,-4.612310409545898,1317.802978515625,Follow status: track
2025-05-29 14:06:59.142,19.490299224853516,2.283099889755249,-5.196727275848389,1375.0987548828125,Follow status: track
2025-05-29 14:06:59.681,19.961700439453125,2.236299991607666,-5.821250915527344,1203.21142578125,Follow status: track
2025-05-29 14:06:59.888,19.961700439453125,2.236299991607666,-5.821250915527344,1203.21142578125,Follow status: track
2025-05-29 14:07:00.210,20.412900924682617,2.182499885559082,-8.582907676696777,1317.802978515625,Follow status: track
2025-05-29 14:07:00.732,20.840900421142578,2.0975000858306885,-12.490479469299316,1317.802978515625,Follow status: track
2025-05-29 14:07:00.888,20.840900421142578,2.0975000858306885,-12.490479469299316,1317.802978515625,Follow status: track
2025-05-29 14:07:01.281,21.280099868774414,2.0034000873565674,-14.312485694885254,1317.802978515625,Follow status: track
2025-05-29 14:07:01.776,21.648500442504883,1.8768999576568604,-20.460323333740234,1317.802978515625,Follow status: track
2025-05-29 14:07:01.888,21.648500442504883,1.8768999576568604,-20.460323333740234,1317.802978515625,Follow status: track
2025-05-29 14:07:02.322,22.043399810791016,1.736199975013733,-21.4572696685791,1260.5072021484375,Follow status: track
2025-05-29 14:07:02.888,22.39389991760254,1.5705000162124634,-29.633377075195312,1317.802978515625,Follow status: track
2025-05-29 14:07:02.892,22.39389991760254,1.5705000162124634,-29.633377075195312,1317.802978515625,Follow status: track
2025-05-29 14:07:03.433,22.721599578857422,1.3630000352859497,-36.39427947998047,1317.802978515625,Follow status: track
2025-05-29 14:07:03.888,22.721599578857422,1.3630000352859497,-36.39427947998047,1317.802978515625,Follow status: track
2025-05-29 14:07:03.968,23.011899948120117,1.1160000562667847,-43.91148376464844,1145.9156494140625,Follow status: track
2025-05-29 14:07:04.477,23.219200134277344,0.8634999990463257,-54.327857971191406,1375.0987548828125,Follow status: track
2025-05-29 14:07:04.888,23.219200134277344,0.8634999990463257,-54.327857971191406,1375.0987548828125,Follow status: track
2025-05-29 14:07:04.967,23.408199310302734,0.5662999749183655,-62.20029830932617,1317.802978515625,Follow status: track
2025-05-29 14:07:05.535,23.568500518798828,0.20489999651908875,-71.83744812011719,1317.802978515625,Follow status: track
2025-05-29 14:07:05.888,23.568500518798828,0.20489999651908875,-71.83744812011719,1317.802978515625,Follow status: track
2025-05-29 14:07:06.083,23.64699935913086,-0.15620000660419464,-77.05709075927734,1317.802978515625,Follow status: track
2025-05-29 14:07:06.635,23.714099884033203,-0.5414999723434448,-81.1823959350586,1203.21142578125,Follow status: track
2025-05-29 14:07:06.888,23.714099884033203,-0.5414999723434448,-81.1823959350586,1203.21142578125,Follow status: track
2025-05-29 14:07:07.174,23.751699447631836,-0.921999990940094,-86.97499084472656,1317.802978515625,Follow status: track
2025-05-29 14:07:07.732,23.779499053955078,-1.2869000434875488,-86.09263610839844,1317.802978515625,Follow status: track
2025-05-29 14:07:07.888,23.779499053955078,-1.2869000434875488,-86.09263610839844,1317.802978515625,Follow status: track
2025-05-29 14:07:08.230,23.791900634765625,-1.6089999675750732,-89.33557891845703,1260.5072021484375,Follow status: track
2025-05-29 14:07:08.733,23.813400268554688,-1.9728000164031982,-86.29889678955078,1317.802978515625,Follow status: track
2025-05-29 14:07:08.888,23.813400268554688,-1.9728000164031982,-86.29889678955078,1317.802978515625,Follow status: track
2025-05-29 14:07:09.293,23.823299407958984,-2.362299919128418,-86.90624237060547,1145.9156494140625,Follow status: track
2025-05-29 14:07:09.825,23.816600799560547,-2.7976999282836914,-88.53343963623047,1317.802978515625,Follow status: track
2025-05-29 14:07:09.887,23.816600799560547,-2.7976999282836914,-88.53343963623047,1317.802978515625,Follow status: track
2025-05-29 14:07:10.332,23.78420066833496,-3.0271999835968018,-93.94789123535156,1317.802978515625,Follow status: track
2025-05-29 14:07:10.834,23.780000686645508,-3.2249999046325684,-84.71754455566406,1260.5072021484375,Follow status: track
2025-05-29 14:07:10.887,23.780000686645508,-3.2249999046325684,-84.71754455566406,1260.5072021484375,Follow status: track
2025-05-29 14:07:11.377,23.8257999420166,-3.466900110244751,-74.6793212890625,974.0282592773438,Follow status: track
2025-05-29 14:07:11.881,23.869199752807617,-3.589600086212158,-72.39321899414062,974.0282592773438,Follow status: track
2025-05-29 14:07:11.887,23.869199752807617,-3.589600086212158,-72.39321899414062,974.0282592773438,Follow status: track
2025-05-29 14:07:12.430,23.930599212646484,-3.8526999950408936,-80.8328857421875,1260.5072021484375,Follow status: track
2025-05-29 14:07:12.888,23.930599212646484,-3.8526999950408936,-80.8328857421875,1260.5072021484375,Follow status: track
2025-05-29 14:07:12.964,23.929399490356445,-4.220399856567383,-94.3031234741211,1317.802978515625,Follow status: track
2025-05-29 14:07:13.527,23.870100021362305,-4.583899974822998,-105.18359375,1260.5072021484375,Follow status: track
2025-05-29 14:07:13.888,23.870100021362305,-4.583899974822998,-105.18359375,1260.5072021484375,Follow status: track
2025-05-29 14:07:14.037,23.733600616455078,-4.97130012512207,-111.44601440429688,1260.5072021484375,Follow status: track
2025-05-29 14:07:14.579,23.56730079650879,-5.320799827575684,-118.54496765136719,1260.5072021484375,Follow status: track
2025-05-29 14:07:14.888,23.56730079650879,-5.320799827575684,-118.54496765136719,1260.5072021484375,Follow status: track
2025-05-29 14:07:15.126,23.423500061035156,-5.585899829864502,-120.47583770751953,1375.0987548828125,Follow status: track
2025-05-29 14:07:15.698,23.344100952148438,-5.73390007019043,-119.24971008300781,2062.64794921875,Follow status: track
2025-05-29 14:07:15.888,23.344100952148438,-5.73390007019043,-119.24971008300781,2062.64794921875,Follow status: track
2025-05-29 14:07:16.231,23.236600875854492,-5.9380998611450195,-117.07820129394531,1948.0565185546875,Follow status: track
2025-05-29 14:07:16.739,23.118600845336914,-6.185699939727783,-116.43648529052734,1489.6903076171875,Follow status: track
2025-05-29 14:07:16.888,23.118600845336914,-6.185699939727783,-116.43648529052734,1489.6903076171875,Follow status: track
2025-05-29 14:07:17.288,22.997400283813477,-6.472599983215332,-111.32569885253906,1088.6197509765625,Follow status: track
2025-05-29 14:07:17.835,22.855199813842773,-6.895100116729736,-107.44104766845703,1260.5072021484375,Follow status: track
2025-05-29 14:07:17.888,22.855199813842773,-6.895100116729736,-107.44104766845703,1260.5072021484375,Follow status: track
2025-05-29 14:07:18.327,22.761999130249023,-7.208799839019775,-105.81957244873047,1260.5072021484375,Follow status: track
2025-05-29 14:07:18.831,22.704599380493164,-7.352099895477295,-115.26765441894531,1317.802978515625,Follow status: track
2025-05-29 14:07:18.887,22.704599380493164,-7.352099895477295,-115.26765441894531,1317.802978515625,Follow status: track
2025-05-29 14:07:19.324,22.51810073852539,-7.665999889373779,-122.61869812011719,1317.802978515625,Follow status: track
2025-05-29 14:07:19.888,22.51810073852539,-7.665999889373779,-122.61869812011719,1317.802978515625,Follow status: track
2025-05-29 14:07:19.919,22.25029945373535,-8.026300430297852,-131.2474365234375,1260.5072021484375,Follow status: track
2025-05-29 14:07:20.383,21.99519920349121,-8.319299697875977,-125.99915313720703,1317.802978515625,Follow status: track
2025-05-29 14:07:20.888,21.99519920349121,-8.319299697875977,-125.99915313720703,1317.802978515625,Follow status: track
2025-05-29 14:07:20.927,21.7726993560791,-8.642399787902832,-124.95063018798828,1317.802978515625,Follow status: track
2025-05-29 14:07:21.432,21.556299209594727,-8.985400199890137,-120.28675842285156,1317.802978515625,Follow status: track
2025-05-29 14:07:21.888,21.556299209594727,-8.985400199890137,-120.28675842285156,1317.802978515625,Follow status: track
2025-05-29 14:07:21.931,21.34440040588379,-9.347599983215332,-119.92005920410156,1317.802978515625,Follow status: track
2025-05-29 14:07:22.474,21.120500564575195,-9.701399803161621,-125.22565460205078,1317.802978515625,Follow status: track
2025-05-29 14:07:22.888,21.120500564575195,-9.701399803161621,-125.22565460205078,1317.802978515625,Follow status: track
2025-05-29 14:07:22.967,20.92140007019043,-9.949899673461914,-130.53697204589844,974.0282592773438,Follow status: track
2025-05-29 14:07:23.534,20.562400817871094,-10.300399780273438,-140.26007080078125,1375.0987548828125,Follow status: track
2025-05-29 14:07:23.888,20.562400817871094,-10.300399780273438,-140.26007080078125,1375.0987548828125,Follow status: track
2025-05-29 14:07:24.063,20.10059928894043,-10.55210018157959,-157.7696533203125,1317.802978515625,Follow status: track
2025-05-29 14:07:24.637,19.965099334716797,-10.59119987487793,-169.43508911132812,1317.802978515625,Follow status: track
2025-05-29 14:07:24.888,19.965099334716797,-10.59119987487793,-169.43508911132812,1317.802978515625,Follow status: track
2025-05-29 14:07:25.133,19.743099212646484,-10.60319995880127,175.84646606445312,1317.802978515625,Follow status: track
2025-05-29 14:07:25.684,19.36989974975586,-10.506500244140625,160.5427703857422,1317.802978515625,Follow status: track
2025-05-29 14:07:25.888,19.36989974975586,-10.506500244140625,160.5427703857422,1317.802978515625,Follow status: track
2025-05-29 14:07:26.238,18.995800018310547,-10.326899528503418,148.7856903076172,1260.5072021484375,Follow status: track
2025-05-29 14:07:26.733,18.925199508666992,-10.279800415039062,141.297119140625,1260.5072021484375,Follow status: track
2025-05-29 14:07:26.888,18.925199508666992,-10.279800415039062,141.297119140625,1260.5072021484375,Follow status: track
2025-05-29 14:07:27.888,18.925199508666992,-10.279800415039062,141.297119140625,1260.5072021484375,Follow status: search
2025-05-29 14:07:28.887,18.925199508666992,-10.279800415039062,141.297119140625,1260.5072021484375,Follow status: search
2025-05-29 14:07:29.888,18.925199508666992,-10.279800415039062,141.297119140625,1260.5072021484375,Follow status: search
2025-05-29 14:07:30.887,18.925199508666992,-10.279800415039062,141.297119140625,1260.5072021484375,Follow status: search
2025-05-29 14:07:31.887,18.925199508666992,-10.279800415039062,141.297119140625,1260.5072021484375,Follow status: search
2025-05-29 14:07:32.887,18.925199508666992,-10.279800415039062,141.297119140625,1260.5072021484375,Follow status: search
2025-05-29 14:07:33.166,18.747600555419922,-10.137399673461914,144.17910766601562,1317.802978515625,Follow status: search
2025-05-29 14:07:33.725,18.484699249267578,-9.896699905395508,139.400634765625,1489.6903076171875,Follow status: track
2025-05-29 14:07:33.888,18.484699249267578,-9.896699905395508,139.400634765625,1489.6903076171875,Follow status: track
2025-05-29 14:07:34.282,18.381799697875977,-9.817000389099121,146.74594116210938,2291.831298828125,Follow status: track
2025-05-29 14:07:34.888,18.381799697875977,-9.817000389099121,146.74594116210938,2291.831298828125,Follow status: track
2025-05-29 14:07:35.288,18.12579917907715,-9.695899963378906,162.50228881835938,1546.986083984375,Follow status: track
2025-05-29 14:07:35.833,17.897600173950195,-9.65410041809082,172.57489013671875,1489.6903076171875,Follow status: track
2025-05-29 14:07:35.888,17.897600173950195,-9.65410041809082,172.57489013671875,1489.6903076171875,Follow status: track
2025-05-29 14:07:36.373,17.623699188232422,-9.616900444030762,170.52943420410156,1489.6903076171875,Follow status: track
2025-05-29 14:07:36.888,17.623699188232422,-9.616900444030762,170.52943420410156,1489.6903076171875,Follow status: track
2025-05-29 14:07:36.933,17.18829917907715,-9.540900230407715,170.15701293945312,1203.21142578125,Follow status: track
2025-05-29 14:07:37.438,16.819599151611328,-9.487899780273438,171.14248657226562,1375.0987548828125,Follow status: track
2025-05-29 14:07:37.888,16.819599151611328,-9.487899780273438,171.14248657226562,1375.0987548828125,Follow status: track
2025-05-29 14:07:37.973,16.401599884033203,-9.404600143432617,167.08595275878906,1375.0987548828125,Follow status: track
2025-05-29 14:07:38.491,16.0403995513916,-9.350099563598633,170.1340789794922,1317.802978515625,Follow status: track
2025-05-29 14:07:38.888,16.0403995513916,-9.350099563598633,170.1340789794922,1317.802978515625,Follow status: track
2025-05-29 14:07:38.973,15.670499801635742,-9.27910041809082,166.62759399414062,1317.802978515625,Follow status: track
2025-05-29 14:07:39.524,15.341099739074707,-9.211199760437012,167.0057373046875,1317.802978515625,Follow status: track
2025-05-29 14:07:39.888,15.341099739074707,-9.211199760437012,167.0057373046875,1317.802978515625,Follow status: track
2025-05-29 14:07:40.027,14.973299980163574,-9.112600326538086,162.5366668701172,1317.802978515625,Follow status: track
2025-05-29 14:07:40.529,14.602499961853027,-8.979599952697754,162.7257537841797,1260.5072021484375,Follow status: track
2025-05-29 14:07:40.888,14.602499961853027,-8.979599952697754,162.7257537841797,1260.5072021484375,Follow status: track
2025-05-29 14:07:41.081,14.198800086975098,-8.865300178527832,164.73683166503906,1260.5072021484375,Follow status: track
2025-05-29 14:07:41.574,13.779000282287598,-8.768899917602539,165.286865234375,1088.6197509765625,Follow status: track
2025-05-29 14:07:41.888,13.779000282287598,-8.768899917602539,165.286865234375,1088.6197509765625,Follow status: track
2025-05-29 14:07:42.084,13.366700172424316,-8.661299705505371,167.20054626464844,1260.5072021484375,Follow status: track
2025-05-29 14:07:42.632,12.926199913024902,-8.539999961853027,163.3445281982422,1317.802978515625,Follow status: track
2025-05-29 14:07:42.888,12.926199913024902,-8.539999961853027,163.3445281982422,1317.802978515625,Follow status: track
2025-05-29 14:07:43.135,12.522000312805176,-8.389900207519531,160.17034912109375,1317.802978515625,Follow status: track
2025-05-29 14:07:43.678,12.045100212097168,-8.222000122070312,158.24520874023438,1260.5072021484375,Follow status: track
2025-05-29 14:07:43.888,12.045100212097168,-8.222000122070312,158.24520874023438,1260.5072021484375,Follow status: track
2025-05-29 14:07:44.185,11.62030029296875,-8.031200408935547,154.50379943847656,1317.802978515625,Follow status: track
2025-05-29 14:07:44.686,11.283100128173828,-7.918399810791016,155.8445281982422,1317.802978515625,Follow status: track
2025-05-29 14:07:44.888,11.283100128173828,-7.918399810791016,155.8445281982422,1317.802978515625,Follow status: track
2025-05-29 14:07:45.239,10.853500366210938,-7.736800193786621,155.25437927246094,1317.802978515625,Follow status: track
2025-05-29 14:07:45.780,10.431400299072266,-7.565400123596191,163.65394592285156,1317.802978515625,Follow status: track
2025-05-29 14:07:45.888,10.431400299072266,-7.565400123596191,163.65394592285156,1317.802978515625,Follow status: track
2025-05-29 14:07:46.288,10.060199737548828,-7.452099800109863,164.49044799804688,1260.5072021484375,Follow status: track
2025-05-29 14:07:46.826,9.62909984588623,-7.335999965667725,167.20054626464844,1260.5072021484375,Follow status: track
2025-05-29 14:07:46.888,9.62909984588623,-7.335999965667725,167.20054626464844,1260.5072021484375,Follow status: track
2025-05-29 14:07:47.325,9.297499656677246,-7.276700019836426,172.8327178955078,1317.802978515625,Follow status: track
2025-05-29 14:07:47.833,8.924799919128418,-7.214000225067139,170.6612091064453,1317.802978515625,Follow status: track
2025-05-29 14:07:47.887,8.924799919128418,-7.214000225067139,170.6612091064453,1317.802978515625,Follow status: track
2025-05-29 14:07:48.386,8.551300048828125,-7.130199909210205,167.99696350097656,1031.323974609375,Follow status: track
2025-05-29 14:07:48.888,8.551300048828125,-7.130199909210205,167.99696350097656,1031.323974609375,Follow status: track
2025-05-29 14:07:48.924,8.184100151062012,-7.039700031280518,164.71389770507812,1203.21142578125,Follow status: track
2025-05-29 14:07:49.427,7.947700023651123,-6.938799858093262,148.48773193359375,1317.802978515625,Follow status: track
2025-05-29 14:07:49.888,7.947700023651123,-6.938799858093262,148.48773193359375,1317.802978515625,Follow status: track
2025-05-29 14:07:49.934,7.774099826812744,-6.796500205993652,132.9720458984375,1317.802978515625,Follow status: track
2025-05-29 14:07:50.484,7.6367998123168945,-6.596700191497803,115.9666519165039,1317.802978515625,Follow status: track
2025-05-29 14:07:50.888,7.6367998123168945,-6.596700191497803,115.9666519165039,1317.802978515625,Follow status: track
2025-05-29 14:07:51.027,7.593999862670898,-6.430200099945068,98.5029067993164,1317.802978515625,Follow status: track
2025-05-29 14:07:51.539,7.566699981689453,-6.16949987411499,90.43566131591797,1317.802978515625,Follow status: track
2025-05-29 14:07:51.888,7.566699981689453,-6.16949987411499,90.43566131591797,1317.802978515625,Follow status: track
2025-05-29 14:07:52.072,7.644999980926514,-5.839900016784668,65.66096496582031,1317.802978515625,Follow status: track
2025-05-29 14:07:52.630,7.834499835968018,-5.522600173950195,52.21937561035156,1317.802978515625,Follow status: track
2025-05-29 14:07:52.888,7.834499835968018,-5.522600173950195,52.21937561035156,1317.802978515625,Follow status: track
2025-05-29 14:07:53.139,8.151200294494629,-5.235199928283691,34.893131256103516,1203.21142578125,Follow status: track
2025-05-29 14:07:53.634,8.552800178527832,-5.105899810791016,8.474045753479004,1317.802978515625,Follow status: track
2025-05-29 14:07:53.888,8.552800178527832,-5.105899810791016,8.474045753479004,1317.802978515625,Follow status: track
2025-05-29 14:07:54.186,8.927300453186035,-5.073299884796143,-2.085566520690918,1145.9156494140625,Follow status: track
2025-05-29 14:07:54.738,9.239500045776367,-5.122000217437744,-17.074142456054688,974.0282592773438,Follow status: track
2025-05-29 14:07:54.888,9.239500045776367,-5.122000217437744,-17.074142456054688,974.0282592773438,Follow status: track
2025-05-29 14:07:55.233,9.53849983215332,-5.218400001525879,-23.68034553527832,916.7324829101562,Follow status: track
2025-05-29 14:07:55.782,9.887700080871582,-5.412099838256836,-32.990909576416016,1203.21142578125,Follow status: track
2025-05-29 14:07:55.888,9.887700080871582,-5.412099838256836,-32.990909576416016,1203.21142578125,Follow status: track
2025-05-29 14:07:56.335,10.326299667358398,-5.747700214385986,-42.55357360839844,1317.802978515625,Follow status: track
2025-05-29 14:07:56.883,10.674599647521973,-6.163700103759766,-57.2900505065918,1260.5072021484375,Follow status: track
2025-05-29 14:07:56.887,10.674599647521973,-6.163700103759766,-57.2900505065918,1260.5072021484375,Follow status: track
2025-05-29 14:07:57.428,10.764599800109863,-6.299099922180176,-57.868736267089844,1317.802978515625,Follow status: track
2025-05-29 14:07:57.888,10.764599800109863,-6.299099922180176,-57.868736267089844,1317.802978515625,Follow status: track
2025-05-29 14:07:57.939,10.882599830627441,-6.553699970245361,-71.45929718017578,1260.5072021484375,Follow status: track
2025-05-29 14:07:58.430,10.966099739074707,-6.979700088500977,-87.08385467529297,1317.802978515625,Follow status: track
2025-05-29 14:07:58.888,10.966099739074707,-6.979700088500977,-87.08385467529297,1317.802978515625,Follow status: track
2025-05-29 14:07:58.964,10.930000305175781,-7.429500102996826,-95.54644775390625,1317.802978515625,Follow status: track
2025-05-29 14:07:59.485,10.882399559020996,-7.790900230407715,-101.46509552001953,1317.802978515625,Follow status: track
2025-05-29 14:07:59.888,10.882399559020996,-7.790900230407715,-101.46509552001953,1317.802978515625,Follow status: track
2025-05-29 14:08:00.028,10.815999984741211,-8.136899948120117,-103.18396759033203,1317.802978515625,Follow status: track
2025-05-29 14:08:00.579,10.66819953918457,-8.558300018310547,-111.10797882080078,1317.802978515625,Follow status: track
2025-05-29 14:08:00.888,10.66819953918457,-8.558300018310547,-111.10797882080078,1317.802978515625,Follow status: track
2025-05-29 14:08:01.083,10.513099670410156,-8.87030029296875,-119.42159271240234,1145.9156494140625,Follow status: track
2025-05-29 14:08:01.583,10.404800415039062,-9.04699993133545,-122.46399688720703,1145.9156494140625,Follow status: track
2025-05-29 14:08:01.888,10.404800415039062,-9.04699993133545,-122.46399688720703,1145.9156494140625,Follow status: track
2025-05-29 14:08:02.086,10.309399604797363,-9.1943998336792,-127.40863037109375,1145.9156494140625,Follow status: track
2025-05-29 14:08:02.636,10.235799789428711,-9.283100128173828,-134.81124877929688,1260.5072021484375,Follow status: track
2025-05-29 14:08:02.888,10.235799789428711,-9.283100128173828,-134.81124877929688,1260.5072021484375,Follow status: track
2025-05-29 14:08:03.186,10.152999877929688,-9.361599922180176,-140.2428741455078,1375.0987548828125,Follow status: track
2025-05-29 14:08:03.733,9.941800117492676,-9.537099838256836,-143.12484741210938,1260.5072021484375,Follow status: track
2025-05-29 14:08:03.888,9.941800117492676,-9.537099838256836,-143.12484741210938,1260.5072021484375,Follow status: track
2025-05-29 14:08:04.280,9.7121000289917,-9.697199821472168,-149.4159393310547,1260.5072021484375,Follow status: track
2025-05-29 14:08:04.779,9.539600372314453,-9.794599533081055,-152.02862548828125,1260.5072021484375,Follow status: track
2025-05-29 14:08:04.888,9.539600372314453,-9.794599533081055,-152.02862548828125,1260.5072021484375,Follow status: track
2025-05-29 14:08:05.329,9.315299987792969,-9.901599884033203,-157.7410125732422,1260.5072021484375,Follow status: track
2025-05-29 14:08:05.833,9.095000267028809,-9.977899551391602,-161.4881591796875,1260.5072021484375,Follow status: track
2025-05-29 14:08:05.888,9.095000267028809,-9.977899551391602,-161.4881591796875,1260.5072021484375,Follow status: track
2025-05-29 14:08:06.336,8.831399917602539,-10.043999671936035,-165.01185607910156,1260.5072021484375,Follow status: track
2025-05-29 14:08:06.883,8.513299942016602,-10.110300064086914,-168.65585327148438,1145.9156494140625,Follow status: track
2025-05-29 14:08:06.887,8.513299942016602,-10.110300064086914,-168.65585327148438,1145.9156494140625,Follow status: track
2025-05-29 14:08:07.376,8.268799781799316,-10.152199745178223,-167.79067993164062,1088.6197509765625,Follow status: track
2025-05-29 14:08:07.888,8.268799781799316,-10.152199745178223,-167.79067993164062,1088.6197509765625,Follow status: track
2025-05-29 14:08:07.923,8.045999526977539,-10.196000099182129,-167.44691467285156,1203.21142578125,Follow status: track
2025-05-29 14:08:08.436,7.889500141143799,-10.212499618530273,178.11538696289062,1203.21142578125,Follow status: track
2025-05-29 14:08:08.888,7.889500141143799,-10.212499618530273,178.11538696289062,1203.21142578125,Follow status: track
2025-05-29 14:08:08.967,7.761600017547607,-10.201000213623047,172.09933471679688,1203.21142578125,Follow status: track
2025-05-29 14:08:09.497,7.584000110626221,-10.174699783325195,171.4748077392578,1145.9156494140625,Follow status: track
2025-05-29 14:08:09.888,7.584000110626221,-10.174699783325195,171.4748077392578,1145.9156494140625,Follow status: track
2025-05-29 14:08:09.967,7.458199977874756,-10.166199684143066,176.49391174316406,1145.9156494140625,Follow status: track
2025-05-29 14:08:10.538,7.2347002029418945,-10.151000022888184,177.69712829589844,1145.9156494140625,Follow status: track
2025-05-29 14:08:10.888,7.2347002029418945,-10.151000022888184,177.69712829589844,1145.9156494140625,Follow status: track
2025-05-29 14:08:11.019,6.969600200653076,-10.15470027923584,-176.44808959960938,1718.8734130859375,Follow status: track
2025-05-29 14:08:11.578,6.799099922180176,-10.172800064086914,-175.1818389892578,1718.8734130859375,Follow status: track
2025-05-29 14:08:11.888,6.799099922180176,-10.172800064086914,-175.1818389892578,1718.8734130859375,Follow status: track
2025-05-29 14:08:12.136,6.580999851226807,-10.168600082397461,178.9862823486328,1317.802978515625,Follow status: track
2025-05-29 14:08:12.683,6.307199954986572,-10.14739990234375,174.96986389160156,1833.4649658203125,Follow status: track
2025-05-29 14:08:12.888,6.307199954986572,-10.14739990234375,174.96986389160156,1833.4649658203125,Follow status: track
2025-05-29 14:08:13.240,6.054999828338623,-10.11620044708252,171.51492309570312,1833.4649658203125,Follow status: track
2025-05-29 14:08:13.733,5.864200115203857,-10.088899612426758,172.71240234375,1833.4649658203125,Follow status: track
2025-05-29 14:08:13.888,5.864200115203857,-10.088899612426758,172.71240234375,1833.4649658203125,Follow status: track
2025-05-29 14:08:14.224,5.6315999031066895,-10.06760025024414,176.7460174560547,1432.39453125,Follow status: track
2025-05-29 14:08:14.793,5.278900146484375,-10.05370044708252,-179.66810607910156,1375.0987548828125,Follow status: track
2025-05-29 14:08:14.888,5.278900146484375,-10.05370044708252,-179.66810607910156,1375.0987548828125,Follow status: track
2025-05-29 14:08:15.342,4.987599849700928,-10.066399574279785,-178.38467407226562,1375.0987548828125,Follow status: track
2025-05-29 14:08:15.879,4.726399898529053,-10.063799858093262,-179.61654663085938,1718.8734130859375,Follow status: track
2025-05-29 14:08:15.888,4.726399898529053,-10.063799858093262,-179.61654663085938,1718.8734130859375,Follow status: track
2025-05-29 14:08:16.384,4.509500026702881,-10.061699867248535,-179.92019653320312,1718.8734130859375,Follow status: track
2025-05-29 14:08:16.888,4.509500026702881,-10.061699867248535,-179.92019653320312,1718.8734130859375,Follow status: track
2025-05-29 14:08:16.928,4.337900161743164,-10.064299583435059,-177.34190368652344,2119.94384765625,Follow status: track
2025-05-29 14:08:17.888,4.337900161743164,-10.064299583435059,-177.34190368652344,2119.94384765625,Follow status: track
2025-05-29 14:08:18.036,4.2266998291015625,-10.071900367736816,-175.94960021972656,2119.94384765625,Follow status: track
2025-05-29 14:08:18.584,4.029900074005127,-10.07859992980957,-178.58522033691406,1432.39453125,Follow status: track
2025-05-29 14:08:18.888,4.029900074005127,-10.07859992980957,-178.58522033691406,1432.39453125,Follow status: track
2025-05-29 14:08:19.093,3.8987998962402344,-10.082799911499023,-176.62570190429688,2119.94384765625,Follow status: track
2025-05-29 14:08:19.635,3.7760000228881836,-10.085700035095215,178.36175537109375,2062.64794921875,Follow status: track
2025-05-29 14:08:19.888,3.7760000228881836,-10.085700035095215,178.36175537109375,2062.64794921875,Follow status: track
2025-05-29 14:08:20.191,3.743299961090088,-10.081299781799316,169.83615112304688,2750.197509765625,Follow status: track
2025-05-29 14:08:20.752,3.745500087738037,-10.084199905395508,156.66384887695312,2062.64794921875,Follow status: track
2025-05-29 14:08:20.888,3.745500087738037,-10.084199905395508,156.66384887695312,2062.64794921875,Follow status: track
2025-05-29 14:08:21.269,3.7493999004364014,-10.084500312805176,120.57323455810547,1776.169189453125,Follow status: track
2025-05-29 14:08:21.829,3.7411999702453613,-10.052499771118164,96.56057739257812,1604.2818603515625,Follow status: track
2025-05-29 14:08:21.888,3.7411999702453613,-10.052499771118164,96.56057739257812,1604.2818603515625,Follow status: track
2025-05-29 14:08:22.377,3.734499931335449,-9.88640022277832,92.44100952148438,1546.986083984375,Follow status: track
2025-05-29 14:08:22.888,3.7070000171661377,-9.739500045776367,112.27680969238281,1718.8734130859375,Follow status: track
2025-05-29 14:08:22.896,3.7070000171661377,-9.739500045776367,112.27680969238281,1718.8734130859375,Follow status: track
2025-05-29 14:08:23.424,3.7030999660491943,-9.724699974060059,124.69853210449219,2864.7890625,Follow status: track
2025-05-29 14:08:23.888,3.7030999660491943,-9.724699974060059,124.69853210449219,2864.7890625,Follow status: track
2025-05-29 14:08:23.924,3.704900026321411,-9.730199813842773,142.4487762451172,2463.718505859375,Follow status: track
2025-05-29 14:08:24.496,3.689500093460083,-9.728400230407715,171.75555419921875,2062.64794921875,Follow status: track
2025-05-29 14:08:24.888,3.689500093460083,-9.728400230407715,171.75555419921875,2062.64794921875,Follow status: track
2025-05-29 14:08:25.583,3.273099899291992,-9.653900146484375,168.20321655273438,1375.0987548828125,Follow status: track
2025-05-29 14:08:25.888,3.273099899291992,-9.653900146484375,168.20321655273438,1375.0987548828125,Follow status: track
2025-05-29 14:08:26.134,2.902400016784668,-9.571900367736816,167.21200561523438,1317.802978515625,Follow status: track
2025-05-29 14:08:26.683,2.687000036239624,-9.535400390625,170.72996520996094,1776.169189453125,Follow status: track
2025-05-29 14:08:26.888,2.687000036239624,-9.535400390625,170.72996520996094,1776.169189453125,Follow status: track
2025-05-29 14:08:27.234,2.4491000175476074,-9.50790023803711,173.53746032714844,1718.8734130859375,Follow status: track
2025-05-29 14:08:27.738,2.3053998947143555,-9.492600440979004,175.38238525390625,1718.8734130859375,Follow status: track
2025-05-29 14:08:27.888,2.3053998947143555,-9.492600440979004,175.38238525390625,1718.8734130859375,Follow status: track
2025-05-29 14:08:28.285,2.1556999683380127,-9.488900184631348,-179.03785705566406,1604.2818603515625,Follow status: track
2025-05-29 14:08:28.834,1.9814000129699707,-9.498700141906738,-175.7548065185547,1145.9156494140625,Follow status: track
2025-05-29 14:08:28.888,1.9814000129699707,-9.498700141906738,-175.7548065185547,1145.9156494140625,Follow status: track
2025-05-29 14:08:29.338,1.8480000495910645,-9.509099960327148,-177.97789001464844,1145.9156494140625,Follow status: track
2025-05-29 14:08:29.888,1.6698999404907227,-9.500699996948242,174.13333129882812,1260.5072021484375,Follow status: track
2025-05-29 0014:08:029.888,1.6698999404907227,-9.500699996948242,174.13333129882812,1260.5072021484375,Follow status: track
2025-05-29 14:08:30.382,1.5582000017166138,-9.480999946594238,168.46678161621094,1145.9156494140625,Follow status: track
2025-05-29 14:08:30.888,1.5582000017166138,-9.480999946594238,168.46678161621094,1145.9156494140625,Follow status: track
2025-05-29 14:08:30.899,1.419100046157837,-9.429900169372559,152.93389892578125,1661.57763671875,Follow status: track
2025-05-29 14:08:31.447,1.2797000408172607,-9.34119987487793,139.95639038085938,2177.239501953125,Follow status: track
2025-05-29 14:08:31.888,1.2797000408172607,-9.34119987487793,139.95639038085938,2177.239501953125,Follow status: track
2025-05-29 14:08:31.974,1.138700008392334,-9.179300308227539,125.55223846435547,1890.7607421875,Follow status: track
2025-05-29 14:08:32.515,1.0117000341415405,-8.900500297546387,108.34632110595703,1375.0987548828125,Follow status: track
2025-05-29 14:08:32.888,1.0117000341415405,-8.900500297546387,108.34632110595703,1375.0987548828125,Follow status: track
2025-05-29 14:08:33.085,0.9635000228881836,-8.6181001663208,93.4150390625,1718.8734130859375,Follow status: track
2025-05-29 14:08:33.639,0.9609000086784363,-8.390999794006348,90.30387878417969,1718.8734130859375,Follow status: track
2025-05-29 14:08:33.888,0.9609000086784363,-8.390999794006348,90.30387878417969,1718.8734130859375,Follow status: track
2025-05-29 14:08:34.183,0.9642000198364258,-8.124799728393555,87.86880493164062,1718.8734130859375,Follow status: track
2025-05-29 14:08:34.683,0.9886999726295471,-7.877900123596191,80.49483489990234,1489.6903076171875,Follow status: track
2025-05-29 14:08:34.888,0.9886999726295471,-7.877900123596191,80.49483489990234,1489.6903076171875,Follow status: track
2025-05-29 14:08:35.186,1.0295000076293945,-7.673099994659424,78.51813507080078,1489.6903076171875,Follow status: track
2025-05-29 14:08:35.691,1.0844000577926636,-7.419899940490723,77.60140228271484,1432.39453125,Follow status: track
2025-05-29 14:08:35.888,1.0844000577926636,-7.419899940490723,77.60140228271484,1432.39453125,Follow status: track
2025-05-29 14:08:36.238,1.1647000312805176,-7.030399799346924,80.82142639160156,1432.39453125,Follow status: track
2025-05-29 14:08:36.790,1.229699969291687,-6.603600025177002,83.3825454711914,1375.0987548828125,Follow status: track
2025-05-29 14:08:36.888,1.229699969291687,-6.603600025177002,83.3825454711914,1375.0987548828125,Follow status: track
2025-05-29 14:08:37.296,1.246999979019165,-6.315299987792969,87.92037200927734,1546.986083984375,Follow status: track
2025-05-29 14:08:37.835,1.2523000240325928,-6.077600002288818,85.88064575195312,1546.986083984375,Follow status: track
2025-05-29 14:08:37.888,1.2523000240325928,-6.077600002288818,85.88064575195312,1546.986083984375,Follow status: track
2025-05-29 14:08:38.337,1.2843999862670898,-5.810999870300293,85.69156646728516,1546.986083984375,Follow status: track
2025-05-29 14:08:38.880,1.295300006866455,-5.599400043487549,88.59073638916016,1718.8734130859375,Follow status: track
2025-05-29 14:08:38.887,1.295300006866455,-5.599400043487549,88.59073638916016,1718.8734130859375,Follow status: track
2025-05-29 14:08:39.386,1.2918000221252441,-5.458000183105469,94.50939178466797,1890.7607421875,Follow status: track
2025-05-29 14:08:39.888,1.2918000221252441,-5.458000183105469,94.50939178466797,1890.7607421875,Follow status: track
2025-05-29 14:08:39.940,1.2767000198364258,-5.2153000831604,94.53803253173828,1604.2818603515625,Follow status: track
2025-05-29 14:08:40.441,1.2532999515533447,-5.009399890899658,97.64920043945312,1260.5072021484375,Follow status: track
2025-05-29 14:08:40.888,1.2532999515533447,-5.009399890899658,97.64920043945312,1260.5072021484375,Follow status: track
2025-05-29 14:08:41.488,1.2146999835968018,-4.724800109863281,94.02237701416016,1260.5072021484375,Follow status: track
2025-05-29 14:08:41.888,1.2146999835968018,-4.724800109863281,94.02237701416016,1260.5072021484375,Follow status: track
2025-05-29 14:08:42.029,1.2137999534606934,-4.494800090789795,85.47956848144531,1260.5072021484375,Follow status: track
2025-05-29 14:08:42.541,1.2741999626159668,-4.226799964904785,76.21484375,1604.2818603515625,Follow status: track
2025-05-29 14:08:42.888,1.2741999626159668,-4.226799964904785,76.21484375,1604.2818603515625,Follow status: track
2025-05-29 14:08:43.089,1.3636000156402588,-3.978800058364868,67.00741577148438,1890.7607421875,Follow status: track
2025-05-29 14:08:43.584,1.420799970626831,-3.860100030899048,63.46653366088867,1718.8734130859375,Follow status: track
2025-05-29 14:08:43.888,1.420799970626831,-3.860100030899048,63.46653366088867,1718.8734130859375,Follow status: track
2025-05-29 14:08:44.635,1.5489000082015991,-3.6110000610351562,64.25721740722656,1776.169189453125,Follow status: track
2025-05-29 14:08:44.888,1.5489000082015991,-3.6110000610351562,64.25721740722656,1776.169189453125,Follow status: track
2025-05-29 14:08:45.184,1.6092000007629395,-3.468400001525879,70.18160247802734,1948.0565185546875,Follow status: track
2025-05-29 14:08:45.684,1.6755000352859497,-3.251300096511841,76.14608764648438,1948.0565185546875,Follow status: track
2025-05-29 14:08:45.888,1.6755000352859497,-3.251300096511841,76.14608764648438,1948.0565185546875,Follow status: track
2025-05-29 14:08:46.185,1.7066999673843384,-3.025399923324585,85.3592529296875,1833.4649658203125,Follow status: track
2025-05-29 14:08:46.742,1.7141000032424927,-2.8213999271392822,91.6961669921875,1661.57763671875,Follow status: track
2025-05-29 14:08:46.888,1.7141000032424927,-2.8213999271392822,91.6961669921875,1661.57763671875,Follow status: track
2025-05-29 14:08:47.291,1.6943999528884888,-2.498500108718872,94.77294921875,1432.39453125,Follow status: track
2025-05-29 14:08:47.784,1.6562999486923218,-2.0903000831604004,97.72368621826172,1432.39453125,Follow status: track
2025-05-29 14:08:47.888,1.6562999486923218,-2.0903000831604004,97.72368621826172,1432.39453125,Follow status: track
2025-05-29 14:08:48.337,1.6272000074386597,-1.7458000183105469,94.83024597167969,1375.0987548828125,Follow status: track
2025-05-29 14:08:48.888,1.6305999755859375,-1.5124000310897827,90.1377182006836,1260.5072021484375,Follow status: track
2025-05-29 14:08:48.888,1.6305999755859375,-1.5124000310897827,90.1377182006836,1260.5072021484375,Follow status: track
2025-05-29 14:08:49.386,1.6406999826431274,-1.1692999601364136,86.10982513427734,1375.0987548828125,Follow status: track
2025-05-29 14:08:49.888,1.6656999588012695,-0.7878999710083008,84.51127624511719,1317.802978515625,Follow status: track
2025-05-29 14:08:49.890,1.6656999588012695,-0.7878999710083008,84.51127624511719,1317.802978515625,Follow status: track
2025-05-29 14:08:50.386,1.7036000490188599,-0.46639999747276306,82.33976745605469,1375.0987548828125,Follow status: track
2025-05-29 14:08:50.888,1.7036000490188599,-0.46639999747276306,82.33976745605469,1375.0987548828125,Follow status: track
2025-05-29 14:08:50.929,1.732200026512146,-0.3082999885082245,83.14190673828125,1661.57763671875,Follow status: track
2025-05-29 14:08:51.437,1.7461999654769897,-0.20999999344348907,89.06629180908203,1661.57763671875,Follow status: track
2025-05-29 14:08:51.888,1.7461999654769897,-0.20999999344348907,89.06629180908203,1661.57763671875,Follow status: track
2025-05-29 14:08:51.934,1.7502000331878662,0.006599999964237213,90.72786712646484,1604.2818603515625,Follow status: track
2025-05-29 14:08:52.424,1.7381000518798828,0.2409999966621399,96.65225219726562,1604.2818603515625,Follow status: track
2025-05-29 14:08:52.888,1.7381000518798828,0.2409999966621399,96.65225219726562,1604.2818603515625,Follow status: track
2025-05-29 14:08:52.973,1.7136000394821167,0.42080000042915344,99.58580017089844,1546.986083984375,Follow status: track
2025-05-29 14:08:53.535,1.6756999492645264,0.6061999797821045,103.47618103027344,1661.57763671875,Follow status: track
2025-05-29 14:08:53.888,1.6756999492645264,0.6061999797821045,103.47618103027344,1661.57763671875,Follow status: track
2025-05-29 14:08:54.096,1.6434999704360962,0.7311999797821045,105.9800033569336,2291.831298828125,Follow status: track
2025-05-29 14:08:54.888,1.6434999704360962,0.7311999797821045,105.9800033569336,2291.831298828125,Follow status: track
2025-05-29 14:08:55.136,1.586400032043457,0.9904000163078308,99.23056030273438,1718.8734130859375,Follow status: track
2025-05-29 14:08:55.648,1.5679999589920044,1.1811000108718872,95.14537048339844,1661.57763671875,Follow status: track
2025-05-29 14:08:55.888,1.5679999589920044,1.1811000108718872,95.14537048339844,1661.57763671875,Follow status: track
2025-05-29 14:08:56.188,1.5506999492645264,1.3238999843597412,100.43376922607422,1661.57763671875,Follow status: track
2025-05-29 14:08:56.888,1.5506999492645264,1.3238999843597412,100.43376922607422,1661.57763671875,Follow status: track
2025-05-29 14:08:57.888,1.5506999492645264,1.3238999843597412,100.43376922607422,1661.57763671875,Follow status: track
2025-05-29 14:08:58.296,1.5307999849319458,1.4112000465393066,69.47686004638672,2864.7890625,Follow status: track
2025-05-29 14:08:58.832,1.532099962234497,1.4120999574661255,63.615501403808594,2864.7890625,Follow status: track
2025-05-29 14:08:58.887,1.532099962234497,1.4120999574661255,63.615501403808594,2864.7890625,Follow status: track
2025-05-29 14:08:59.386,1.5326000452041626,1.4157999753952026,83.09033966064453,2864.7890625,Follow status: track
2025-05-29 14:08:59.888,1.5347000360488892,1.410599946975708,94.4291763305664,2864.7890625,Follow status: track
2025-05-29 14:08:59.897,1.5347000360488892,1.410599946975708,94.4291763305664,2864.7890625,Follow status: track
2025-05-29 14:09:00.888,1.5347000360488892,1.410599946975708,94.4291763305664,2864.7890625,Follow status: track
2025-05-29 14:09:00.974,1.537600040435791,1.4062000513076782,89.20953369140625,2864.7890625,Follow status: track
2025-05-29 14:09:01.495,1.5374000072479248,1.392899990081787,64.38899993896484,2864.7890625,Follow status: track
2025-05-29 14:09:01.888,1.5374000072479248,1.392899990081787,64.38899993896484,2864.7890625,Follow status: track
2025-05-29 14:09:02.037,1.5351999998092651,1.389299988746643,53.25642776489258,2864.7890625,Follow status: track
2025-05-29 14:09:02.888,1.5351999998092651,1.389299988746643,53.25642776489258,2864.7890625,Follow status: track
2025-05-29 14:09:03.037,1.529099941253662,1.3871999979019165,26.02947235107422,2864.7890625,Follow status: track
2025-05-29 14:09:03.586,1.5233999490737915,1.3848999738693237,-16.844959259033203,1489.6903076171875,Follow status: track
2025-05-29 14:09:03.888,1.5233999490737915,1.3848999738693237,-16.844959259033203,1489.6903076171875,Follow status: track
2025-05-29 14:09:04.137,1.5419000387191772,1.381100058555603,-35.31711959838867,1432.39453125,Follow status: track
2025-05-29 14:09:04.686,1.61489999294281,1.309499979019165,-54.6830940246582,572.9578247070312,Follow status: track
2025-05-29 14:09:04.888,1.61489999294281,1.309499979019165,-54.6830940246582,572.9578247070312,Follow status: track
2025-05-29 14:09:05.888,1.61489999294281,1.309499979019165,-54.6830940246582,572.9578247070312,Follow status: track
2025-05-29 14:09:06.284,1.7208000421524048,1.1102999448776245,-56.69990539550781,2234.535400390625,Follow status: track
2025-05-29 14:09:06.809,1.8581000566482544,0.9343000054359436,-47.41225814819336,1661.57763671875,Follow status: track
2025-05-29 14:09:06.888,1.8581000566482544,0.9343000054359436,-47.41225814819336,1661.57763671875,Follow status: track
2025-05-29 14:09:07.340,1.998900055885315,0.786899983882904,-50.374446868896484,1546.986083984375,Follow status: track
2025-05-29 14:09:07.841,2.0961999893188477,0.6665999889373779,-53.468421936035156,2005.352294921875,Follow status: track
2025-05-29 14:09:07.887,2.0961999893188477,0.6665999889373779,-53.468421936035156,2005.352294921875,Follow status: track
2025-05-29 14:09:08.324,2.1635000705718994,0.5874000191688538,-53.30226516723633,2005.352294921875,Follow status: track
2025-05-29 14:09:08.887,2.2558000087738037,0.46889999508857727,-58.504722595214844,2005.352294921875,Follow status: track
2025-05-029 14:09:08.887,2.2558000087738037,0.46889999508857727,-58.504722595214844,2005.352294921875,Follow status: track
2025-05-29 14:09:09.443,2.3129000663757324,0.367000013589859,-63.684261322021484,2005.352294921875,Follow status: track
2025-05-29 14:09:09.888,2.3129000663757324,0.367000013589859,-63.684261322021484,2005.352294921875,Follow status: track
2025-05-29 14:09:09.942,2.405400037765503,0.15559999644756317,-67.92414855957031,1948.0565185546875,Follow status: track
2025-05-29 14:09:10.487,2.4749999046325684,-0.07699999958276749,-76.95968627929688,1890.7607421875,Follow status: track
2025-05-29 14:09:10.888,2.4749999046325684,-0.07699999958276749,-76.95968627929688,1890.7607421875,Follow status: track
2025-05-29 14:09:10.987,2.5011000633239746,-0.21709999442100525,-83.4742202758789,1890.7607421875,Follow status: track
2025-05-29 14:09:11.502,2.506700038909912,-0.23880000412464142,-90.0689697265625,1890.7607421875,Follow status: track
2025-05-29 14:09:11.888,2.506700038909912,-0.23880000412464142,-90.0689697265625,1890.7607421875,Follow status: track
2025-05-29 14:09:12.047,2.5053999423980713,-0.24770000576972961,-103.1725082397461,1604.2818603515625,Follow status: track
2025-05-29 14:09:12.546,2.453399896621704,-0.4097999930381775,-111.75541687011719,1145.9156494140625,Follow status: track
2025-05-29 14:09:12.888,2.453399896621704,-0.4097999930381775,-111.75541687011719,1145.9156494140625,Follow status: track
2025-05-29 14:09:13.085,2.3069000244140625,-0.7526999711990356,-117.03235626220703,1031.323974609375,Follow status: track
2025-05-29 14:09:13.587,2.158099889755249,-1.0254000425338745,-119.07781982421875,974.0282592773438,Follow status: track
2025-05-29 14:09:13.888,2.158099889755249,-1.0254000425338745,-119.07781982421875,974.0282592773438,Follow status: track
2025-05-29 14:09:14.090,2.0459001064300537,-1.2080999612808228,-120.56177520751953,974.0282592773438,Follow status: track
2025-05-29 14:09:14.888,2.0459001064300537,-1.2080999612808228,-120.56177520751953,974.0282592773438,Follow status: track
2025-05-29 14:09:15.193,1.9816999435424805,-1.3223999738693237,-111.1709976196289,1489.6903076171875,Follow status: track
2025-05-29 14:09:15.687,1.9148000478744507,-1.4714000225067139,-106.83370971679688,1375.0987548828125,Follow status: track
2025-05-29 14:09:15.888,1.9148000478744507,-1.4714000225067139,-106.83370971679688,1375.0987548828125,Follow status: track
2025-05-29 14:09:16.193,1.8660999536514282,-1.6776000261306763,-97.11634826660156,1088.6197509765625,Follow status: track
2025-05-29 14:09:16.888,1.8660999536514282,-1.6776000261306763,-97.11634826660156,1088.6197509765625,Follow status: track
2025-05-29 14:09:17.233,1.8407000303268433,-1.9392999410629272,-98.3023681640625,1203.21142578125,Follow status: track
2025-05-29 14:09:17.749,1.8011000156402588,-2.180500030517578,-100.50252532958984,1375.0987548828125,Follow status: track
2025-05-29 14:09:17.888,1.8011000156402588,-2.180500030517578,-100.50252532958984,1375.0987548828125,Follow status: track
2025-05-29 14:09:18.292,1.7726000547409058,-2.3113999366760254,-101.5453109741211,1088.6197509765625,Follow status: track
2025-05-29 14:09:18.888,1.7726000547409058,-2.3113999366760254,-101.5453109741211,1088.6197509765625,Follow status: track
2025-05-29 14:09:19.888,1.7354999780654907,-2.493499994277954,-102.6683120727539,2005.352294921875,Follow status: track
2025-05-29 14:09:19.888,1.7354999780654907,-2.493499994277954,-102.6683120727539,2005.352294921875,Follow status: track
2025-05-29 14:09:20.888,1.7354999780654907,-2.493499994277954,-102.6683120727539,2005.352294921875,Follow status: track
2025-05-29 14:09:21.392,1.7120000123977661,-2.606300115585327,-101.00672912597656,2234.535400390625,Follow status: track
2025-05-29 14:09:21.888,1.7120000123977661,-2.606300115585327,-101.00672912597656,2234.535400390625,Follow status: track
2025-05-29 14:09:21.896,1.6778000593185425,-2.7397000789642334,-107.7332534790039,2234.535400390625,Follow status: track
2025-05-29 14:09:22.432,1.632200002670288,-2.8780999183654785,-107.17748260498047,2177.239501953125,Follow status: track
2025-05-29 14:09:22.888,1.632200002670288,-2.8780999183654785,-107.17748260498047,2177.239501953125,Follow status: track
2025-05-29 14:09:23.487,1.597000002861023,-2.9804000854492188,-115.40515899658203,2406.4228515625,Follow status: track
2025-05-29 14:09:23.888,1.597000002861023,-2.9804000854492188,-115.40515899658203,2406.4228515625,Follow status: track
2025-05-29 14:09:24.486,1.5170999765396118,-3.146699905395508,-116.0583267211914,2234.535400390625,Follow status: track
2025-05-29 14:09:24.888,1.5170999765396118,-3.146699905395508,-116.0583267211914,2234.535400390625,Follow status: track
2025-05-29 14:09:25.021,1.4496999979019165,-3.2790000438690186,-114.86084747314453,1948.0565185546875,Follow status: track
2025-05-29 14:09:25.888,1.4496999979019165,-3.2790000438690186,-114.86084747314453,1948.0565185546875,Follow status: track
2025-05-29 14:09:26.134,1.4071999788284302,-3.369499921798706,-109.44639587402344,2349.126953125,Follow status: track
2025-05-29 14:09:26.640,1.3641999959945679,-3.4749999046325684,-109.1484603881836,2349.126953125,Follow status: track
2025-05-29 14:09:26.888,1.3641999959945679,-3.4749999046325684,-109.1484603881836,2349.126953125,Follow status: track
2025-05-29 14:09:27.745,1.323199987411499,-3.6217000484466553,-106.58733367919922,1833.4649658203125,Follow status: track
2025-05-29 14:09:27.888,1.323199987411499,-3.6217000484466553,-106.58733367919922,1833.4649658203125,Follow status: track
2025-05-29 14:09:28.242,1.2763999700546265,-3.7934999465942383,-108.11713409423828,1776.169189453125,Follow status: track
2025-05-29 14:09:28.795,1.2259000539779663,-3.9511001110076904,-105.09764862060547,2119.94384765625,Follow status: track
2025-05-29 14:09:28.887,1.2259000539779663,-3.9511001110076904,-105.09764862060547,2119.94384765625,Follow status: track
2025-05-29 14:09:29.837,1.167099952697754,-4.153500080108643,-106.98841094970703,1890.7607421875,Follow status: track
2025-05-29 14:09:29.888,1.167099952697754,-4.153500080108643,-106.98841094970703,1890.7607421875,Follow status: track
2025-05-29 14:09:30.347,1.115399956703186,-4.304800033569336,-104.49031066894531,1890.7607421875,Follow status: track
2025-05-29 14:09:30.888,1.115399956703186,-4.304800033569336,-104.49031066894531,1890.7607421875,Follow status: track
2025-05-29 14:09:31.377,1.079800009727478,-4.4328999519348145,-104.61636352539062,2177.239501953125,Follow status: track
2025-05-29 14:09:31.838,1.0368000268936157,-4.60890007019043,-103.87724304199219,2119.94384765625,Follow status: track
2025-05-29 14:09:31.888,1.0368000268936157,-4.60890007019043,-103.87724304199219,2119.94384765625,Follow status: track
2025-05-29 14:09:32.370,1.0111000537872314,-4.765200138092041,-100.0040512084961,2119.94384765625,Follow status: track
2025-05-29 14:09:32.888,1.0111000537872314,-4.765200138092041,-100.0040512084961,2119.94384765625,Follow status: track
2025-05-29 14:09:33.441,0.9693999886512756,-4.954699993133545,-100.1301040649414,2119.94384765625,Follow status: track
2025-05-29 14:09:33.888,0.9693999886512756,-4.954699993133545,-100.1301040649414,2119.94384765625,Follow status: track
2025-05-29 14:09:33.939,0.9469000101089478,-5.066400051116943,-97.88983917236328,2062.64794921875,Follow status: track
2025-05-29 14:09:34.888,0.9469000101089478,-5.066400051116943,-97.88983917236328,2062.64794921875,Follow status: track
2025-05-29 14:09:35.044,0.9318000078201294,-5.400000095367432,-86.95207977294922,1890.7607421875,Follow status: track
2025-05-29 14:09:35.538,0.9510999917984009,-5.627200126647949,-82.22517395019531,1890.7607421875,Follow status: track
2025-05-29 14:09:35.888,0.9510999917984009,-5.627200126647949,-82.22517395019531,1890.7607421875,Follow status: track
2025-05-29 14:09:36.040,0.965399980545044,-5.750400066375732,-87.62816619873047,1948.0565185546875,Follow status: track
2025-05-29 14:09:36.888,0.965399980545044,-5.750400066375732,-87.62816619873047,1948.0565185546875,Follow status: track
2025-05-29 14:09:37.089,0.9670000076293945,-5.997399806976318,-87.71984100341797,1776.169189453125,Follow status: track
2025-05-29 14:09:37.593,0.9746000170707703,-6.214700222015381,-87.0953140258789,1776.169189453125,Follow status: track
2025-05-29 14:09:37.889,0.9746000170707703,-6.214700222015381,-87.0953140258789,1776.169189453125,Follow status: track
2025-05-29 14:09:38.575,0.9901000261306763,-6.454699993133545,-82.93563842773438,1718.8734130859375,Follow status: track
2025-05-29 14:09:38.888,0.9901000261306763,-6.454699993133545,-82.93563842773438,1718.8734130859375,Follow status: track
2025-05-29 14:09:39.146,1.0063999891281128,-6.568399906158447,-80.94747161865234,1661.57763671875,Follow status: track
2025-05-29 14:09:39.695,1.0391000509262085,-6.778500080108643,-80.67245483398438,1546.986083984375,Follow status: track
2025-05-29 14:09:39.888,1.0391000509262085,-6.778500080108643,-80.67245483398438,1546.986083984375,Follow status: track
2025-05-29 14:09:40.237,1.073099970817566,-6.979499816894531,-73.33859252929688,1833.4649658203125,Follow status: track
2025-05-29 14:09:40.791,1.0931999683380127,-7.035399913787842,-66.5318603515625,2234.535400390625,Follow status: track
2025-05-29 14:09:40.888,1.0931999683380127,-7.035399913787842,-66.5318603515625,2234.535400390625,Follow status: track
2025-05-29 14:09:41.344,1.1582000255584717,-7.143899917602539,-55.99516296386719,2005.352294921875,Follow status: track
2025-05-29 14:09:41.843,1.2513999938964844,-7.264900207519531,-45.76786804199219,1776.169189453125,Follow status: track
2025-05-29 14:09:41.888,1.2513999938964844,-7.264900207519531,-45.76786804199219,1776.169189453125,Follow status: track
2025-05-29 14:09:42.386,1.3838000297546387,-7.38670015335083,-36.073421478271484,1260.5072021484375,Follow status: track
2025-05-29 14:09:42.888,1.3838000297546387,-7.38670015335083,-36.073421478271484,1260.5072021484375,Follow status: track
2025-05-29 14:09:42.938,1.4465999603271484,-7.428199768066406,-25.57683563232422,1661.57763671875,Follow status: track
2025-05-29 14:09:43.888,1.4465999603271484,-7.428199768066406,-25.57683563232422,1661.57763671875,Follow status: track
2025-05-29 14:09:43.934,1.4424999952316284,-7.428100109100342,-36.44584655761719,1890.7607421875,Follow status: track
2025-05-29 14:09:44.487,1.4363000392913818,-7.424200057983398,-83.67475891113281,2119.94384765625,Follow status: track
2025-05-29 14:09:44.888,1.4363000392913818,-7.424200057983398,-83.67475891113281,2119.94384765625,Follow status: track
2025-05-29 14:09:44.972,1.4351999759674072,-7.413899898529053,-113.71493530273438,2005.352294921875,Follow status: track
2025-05-29 14:09:45.542,1.4112999439239502,-7.4471001625061035,-131.7000732421875,1375.0987548828125,Follow status: track
2025-05-29 14:09:45.888,1.4112999439239502,-7.4471001625061035,-131.7000732421875,1375.0987548828125,Follow status: track
2025-05-29 14:09:46.045,1.2989000082015991,-7.562900066375732,-129.67181396484375,1088.6197509765625,Follow status: track
2025-05-29 14:09:46.591,1.1160999536514282,-7.9166998863220215,-112.39712524414062,1317.802978515625,Follow status: track
2025-05-29 14:09:46.888,1.1160999536514282,-7.9166998863220215,-112.39712524414062,1317.802978515625,Follow status: track
2025-05-29 14:09:47.146,1.0234999656677246,-8.41189956665039,-99.15034484863281,1317.802978515625,Follow status: track
2025-05-29 14:09:47.693,0.9750000238418579,-8.628100395202637,-111.55488586425781,1375.0987548828125,Follow status: track
2025-05-29 14:09:47.888,0.9750000238418579,-8.628100395202637,-111.55488586425781,1375.0987548828125,Follow status: track
2025-05-29 14:09:48.193,0.970300018787384,-8.633099555969238,-117.7771987915039,2291.831298828125,Follow status: track
2025-05-29 14:09:48.888,0.970300018787384,-8.633099555969238,-117.7771987915039,2291.831298828125,Follow status: track
2025-05-29 14:09:49.293,0.9667999744415283,-8.627099990844727,-95.91313934326172,2578.31005859375,Follow status: track
2025-05-29 14:09:49.799,0.9625999927520752,-8.611599922180176,-52.54595947265625,2635.60595703125,Follow status: track
2025-05-29 14:09:49.888,0.9625999927520752,-8.611599922180176,-52.54595947265625,2635.60595703125,Follow status: track
2025-05-29 14:09:50.296,0.9562000036239624,-8.610099792480469,-23.176143646240234,2463.718505859375,Follow status: track
2025-05-29 14:09:50.888,0.9562000036239624,-8.610099792480469,-23.176143646240234,2463.718505859375,Follow status: track
2025-05-29 14:09:51.343,1.2350000143051147,-8.840499877929688,-41.26441955566406,1375.0987548828125,Follow status: track
2025-05-29 14:09:51.888,1.322100043296814,-9.174500465393066,-81.29125213623047,1375.0987548828125,Follow status: track
2025-05-29 14:09:51.893,1.322100043296814,-9.174500465393066,-81.29125213623047,1375.0987548828125,Follow status: track
2025-05-29 14:09:52.388,1.3106000423431396,-9.31779956817627,-101.79740905761719,1317.802978515625,Follow status: track
2025-05-29 14:09:52.888,1.3106000423431396,-9.31779956817627,-101.79740905761719,1317.802978515625,Follow status: track
2025-05-29 14:09:53.888,1.3106000423431396,-9.31779956817627,-101.79740905761719,1317.802978515625,Follow status: search
2025-05-29 14:09:54.887,1.3106000423431396,-9.31779956817627,-101.79740905761719,1317.802978515625,Follow status: search
2025-05-29 14:09:55.887,1.3106000423431396,-9.31779956817627,-101.79740905761719,1317.802978515625,Follow status: search
2025-05-29 14:09:56.139,1.2541999816894531,-9.500200271606445,-90.28096008300781,1260.5072021484375,Follow status: search
2025-05-29 14:09:56.636,1.2934999465942383,-9.721599578857422,-76.72477722167969,687.5493774414062,Follow status: track
2025-05-29 14:09:56.887,1.2934999465942383,-9.721599578857422,-76.72477722167969,687.5493774414062,Follow status: track
2025-05-29 14:09:57.170,1.3142000436782837,-9.842399597167969,-81.54908752441406,974.0282592773438,Follow status: track
2025-05-29 14:09:57.888,1.3142000436782837,-9.842399597167969,-81.54908752441406,974.0282592773438,Follow status: track
2025-05-29 14:09:58.756,1.313099980354309,-9.848799705505371,-52.41417694091797,1260.5072021484375,Follow status: track
2025-05-29 14:09:58.888,1.313099980354309,-9.848799705505371,-52.41417694091797,1260.5072021484375,Follow status: track
2025-05-29 14:09:59.294,1.295199990272522,-9.831199645996094,-26.052391052246094,2234.535400390625,Follow status: track
2025-05-29 14:09:59.888,1.295199990272522,-9.831199645996094,-26.052391052246094,2234.535400390625,Follow status: track
2025-05-29 14:10:00.888,1.295199990272522,-9.831199645996094,-26.052391052246094,2234.535400390625,Follow status: track
2025-05-29 14:10:00.942,1.5750999450683594,-9.894399642944336,-4.835763454437256,1375.0987548828125,Follow status: track
2025-05-29 14:10:01.496,1.7826999425888062,-9.938199996948242,-10.914846420288086,1260.5072021484375,Follow status: track
2025-05-29 14:10:01.888,1.7826999425888062,-9.938199996948242,-10.914846420288086,1260.5072021484375,Follow status: track
2025-05-29 14:10:02.033,2.06030011177063,-10.010899543762207,-13.464508056640625,1203.21142578125,Follow status: track
2025-05-29 14:10:02.546,2.204699993133545,-10.043499946594238,-10.97214126586914,1546.986083984375,Follow status: track
2025-05-29 14:10:02.888,2.204699993133545,-10.043499946594238,-10.97214126586914,1546.986083984375,Follow status: track
2025-05-29 14:10:03.108,2.4621999263763428,-10.08530044555664,-7.706282138824463,1546.986083984375,Follow status: track
2025-05-29 14:10:03.646,2.7774999141693115,-10.114700317382812,-4.131025791168213,1317.802978515625,Follow status: track
2025-05-29 14:10:03.888,2.7774999141693115,-10.114700317382812,-4.131025791168213,1317.802978515625,Follow status: track
2025-05-29 14:10:04.189,3.020900011062622,-10.128999710083008,-3.8674652576446533,1145.9156494140625,Follow status: track
2025-05-29 14:10:04.690,3.1268999576568604,-10.12660026550293,1.8048170804977417,1432.39453125,Follow status: track
2025-05-29 14:10:04.888,3.1268999576568604,-10.12660026550293,1.8048170804977417,1432.39453125,Follow status: track
2025-05-29 14:10:05.248,3.2874999046325684,-10.119199752807617,5.83843994140625,2005.352294921875,Follow status: track
2025-05-29 14:10:05.789,3.5120999813079834,-10.102700233459473,4.887330055236816,1661.57763671875,Follow status: track
2025-05-29 14:10:05.888,3.5120999813079834,-10.102700233459473,4.887330055236816,1661.57763671875,Follow status: track
2025-05-29 14:10:06.287,3.706899881362915,-10.083100318908691,10.164271354675293,1489.6903076171875,Follow status: track
2025-05-29 14:10:06.888,3.706899881362915,-10.083100318908691,10.164271354675293,1489.6903076171875,Follow status: track
2025-05-29 14:10:07.888,3.706899881362915,-10.083100318908691,10.164271354675293,1489.6903076171875,Follow status: track
2025-05-29 14:10:07.905,3.80649995803833,-10.0693998336792,7.368237495422363,2177.239501953125,Follow status: track
2025-05-29 14:10:08.448,3.9928998947143555,-10.06149959564209,-2.635605812072754,2005.352294921875,Follow status: track
2025-05-29 14:10:08.888,3.9928998947143555,-10.06149959564209,-2.635605812072754,2005.352294921875,Follow status: track
2025-05-29 14:10:08.948,4.141200065612793,-10.075200080871582,-8.141730308532715,1948.0565185546875,Follow status: track
2025-05-29 14:10:09.888,4.141200065612793,-10.075200080871582,-8.141730308532715,1948.0565185546875,Follow status: track
2025-05-29 14:10:09.978,4.28249979019165,-10.093799591064453,-0.4583662450313568,1948.0565185546875,Follow status: track
2025-05-29 14:10:10.888,4.28249979019165,-10.093799591064453,-0.4583662450313568,1948.0565185546875,Follow status: track
2025-05-29 14:10:11.032,4.4934000968933105,-10.095600128173828,-10.124163627624512,1833.4649658203125,Follow status: track
2025-05-29 14:10:11.548,4.559299945831299,-10.110099792480469,-26.84880256652832,1776.169189453125,Follow status: track
2025-05-29 14:10:11.888,4.559299945831299,-10.110099792480469,-26.84880256652832,1776.169189453125,Follow status: track
2025-05-29 14:10:12.098,4.632699966430664,-10.15310001373291,-20.76399040222168,1489.6903076171875,Follow status: track
2025-05-29 14:10:12.644,4.750899791717529,-10.172800064086914,-1.1115381717681885,1489.6903076171875,Follow status: track
2025-05-29 14:10:12.888,4.750899791717529,-10.172800064086914,-1.1115381717681885,1489.6903076171875,Follow status: track
2025-05-29 14:10:13.151,4.898900032043457,-10.15779972076416,15.870931625366211,1317.802978515625,Follow status: track
2025-05-29 14:10:13.693,5.059500217437744,-10.089300155639648,28.063472747802734,1260.5072021484375,Follow status: track
2025-05-29 14:10:13.888,5.059500217437744,-10.089300155639648,28.063472747802734,1260.5072021484375,Follow status: track
2025-05-29 14:10:14.747,5.208899974822998,-9.990099906921387,30.292278289794922,974.0282592773438,Follow status: track
2025-05-29 14:10:14.888,5.208899974822998,-9.990099906921387,30.292278289794922,974.0282592773438,Follow status: track
2025-05-29 14:10:15.298,5.338900089263916,-9.926600456237793,22.9870662689209,1489.6903076171875,Follow status: track
2025-05-29 14:10:15.887,5.338900089263916,-9.926600456237793,22.9870662689209,1489.6903076171875,Follow status: track
2025-05-29 14:10:16.346,5.559199810028076,-9.855899810791016,14.765122413635254,1489.6903076171875,Follow status: track
2025-05-29 14:10:16.847,5.815400123596191,-9.808300018310547,9.872062683105469,1489.6903076171875,Follow status: track
2025-05-29 14:10:16.888,5.815400123596191,-9.808300018310547,9.872062683105469,1489.6903076171875,Follow status: track
2025-05-29 14:10:17.389,6.025300025939941,-9.780099868774414,8.680310249328613,1432.39453125,Follow status: track
2025-05-29 14:10:17.888,6.025300025939941,-9.780099868774414,8.680310249328613,1432.39453125,Follow status: track
2025-05-29 14:10:17.916,6.184199810028076,-9.762999534606934,3.2544002532958984,687.5493774414062,Follow status: track
2025-05-29 14:10:18.888,6.184199810028076,-9.762999534606934,3.2544002532958984,687.5493774414062,Follow status: track
2025-05-29 14:10:18.942,6.3256001472473145,-9.767200469970703,-1.317802906036377,1145.9156494140625,Follow status: track
2025-05-29 14:10:19.444,6.600599765777588,-9.758500099182129,-1.8391945362091064,1317.802978515625,Follow status: track
2025-05-29 14:10:19.888,6.600599765777588,-9.758500099182129,-1.8391945362091064,1317.802978515625,Follow status: track
2025-05-29 14:10:19.977,6.79449987411499,-9.777999877929688,-5.162349700927734,1260.5072021484375,Follow status: track
2025-05-29 14:10:20.544,7.120200157165527,-9.815799713134766,-7.568772315979004,1203.21142578125,Follow status: track
2025-05-29 14:10:20.888,7.120200157165527,-9.815799713134766,-7.568772315979004,1203.21142578125,Follow status: track
2025-05-29 14:10:21.043,7.455999851226807,-9.870400428771973,-3.873194456100464,1145.9156494140625,Follow status: track
2025-05-29 14:10:21.545,7.629700183868408,-9.904800415039062,-9.791849136352539,1375.0987548828125,Follow status: track
2025-05-29 14:10:21.888,7.629700183868408,-9.904800415039062,-9.791849136352539,1375.0987548828125,Follow status: track
2025-05-29 14:10:22.085,7.76609992980957,-9.923500061035156,-8.136000633239746,1375.0987548828125,Follow status: track
2025-05-29 14:10:22.646,7.894000053405762,-9.938799858093262,-10.805984497070312,1375.0987548828125,Follow status: track
2025-05-29 14:10:22.889,7.894000053405762,-9.938799858093262,-10.805984497070312,1375.0987548828125,Follow status: track
2025-05-29 14:10:23.693,8.163700103759766,-10.008000373840332,-12.221190452575684,1317.802978515625,Follow status: track
2025-05-29 14:10:23.888,8.163700103759766,-10.008000373840332,-12.221190452575684,1317.802978515625,Follow status: track
2025-05-29 14:10:24.244,8.316699981689453,-10.031999588012695,-8.9610595703125,1317.802978515625,Follow status: track
2025-05-29 14:10:24.744,8.490799903869629,-10.047499656677246,-3.168456554412842,1145.9156494140625,Follow status: track
2025-05-29 14:10:24.888,8.490799903869629,-10.047499656677246,-3.168456554412842,1145.9156494140625,Follow status: track
2025-05-29 14:10:25.888,8.490799903869629,-10.047499656677246,-3.168456554412842,1145.9156494140625,Follow status: search
2025-05-29 14:10:26.888,8.490799903869629,-10.047499656677246,-3.168456554412842,1145.9156494140625,Follow status: search
2025-05-29 14:10:27.887,8.490799903869629,-10.047499656677246,-3.168456554412842,1145.9156494140625,Follow status: search
2025-05-29 14:10:28.887,8.490799903869629,-10.047499656677246,-3.168456554412842,1145.9156494140625,Follow status: search
2025-05-29 14:10:29.887,8.490799903869629,-10.047499656677246,-3.168456554412842,1145.9156494140625,Follow status: search
2025-05-29 14:10:30.887,8.490799903869629,-10.047499656677246,-3.168456554412842,1145.9156494140625,Follow status: search
2025-05-29 14:10:31.887,8.490799903869629,-10.047499656677246,-3.168456554412842,1145.9156494140625,Follow status: search
2025-05-29 14:10:32.887,8.490799903869629,-10.047499656677246,-3.168456554412842,1145.9156494140625,Follow status: search
2025-05-29 14:10:33.224,8.86240005493164,-10.000699996948242,9.121487617492676,1260.5072021484375,Follow status: search
2025-05-29 14:10:33.798,9.128299713134766,-9.885299682617188,29.490137100219727,916.7324829101562,Follow status: track
2025-05-29 14:10:33.887,9.128299713134766,-9.885299682617188,29.490137100219727,916.7324829101562,Follow status: track
2025-05-29 14:10:34.883,9.256400108337402,-9.785699844360352,19.77277183532715,1031.323974609375,Follow status: track
2025-05-29 14:10:34.888,9.256400108337402,-9.785699844360352,19.77277183532715,1031.323974609375,Follow status: track
2025-05-29 14:10:35.347,9.447600364685059,-9.759300231933594,-12.301403999328613,1546.986083984375,Follow status: track
2025-05-29 14:10:35.888,9.447600364685059,-9.759300231933594,-12.301403999328613,1546.986083984375,Follow status: track
2025-05-29 14:10:35.901,9.462599754333496,-9.775199890136719,-36.457305908203125,1546.986083984375,Follow status: track
2025-05-29 14:10:36.433,9.476300239562988,-9.78499984741211,-20.3629207611084,1546.986083984375,Follow status: track
2025-05-29 14:10:36.888,9.476300239562988,-9.78499984741211,-20.3629207611084,1546.986083984375,Follow status: track
2025-05-29 14:10:36.982,9.494400024414062,-9.784700393676758,12.38161849975586,1432.39453125,Follow status: track
2025-05-29 14:10:37.484,9.552000045776367,-9.750800132751465,31.650188446044922,1432.39453125,Follow status: track
2025-05-29 14:10:37.888,9.552000045776367,-9.750800132751465,31.650188446044922,1432.39453125,Follow status: track
2025-05-29 14:10:37.986,9.733699798583984,-9.640199661254883,30.813671112060547,916.7324829101562,Follow status: track
2025-05-29 14:10:38.556,9.924099922180176,-9.532699584960938,28.20098114013672,1145.9156494140625,Follow status: track
2025-05-29 14:10:38.888,9.924099922180176,-9.532699584960938,28.20098114013672,1145.9156494140625,Follow status: track
2025-05-29 14:10:39.654,10.149399757385254,-9.420100212097168,27.87439727783203,1203.21142578125,Follow status: track
2025-05-29 14:10:39.888,10.149399757385254,-9.420100212097168,27.87439727783203,1203.21142578125,Follow status: track
2025-05-29 14:10:40.195,10.338800430297852,-9.301400184631348,37.729270935058594,1260.5072021484375,Follow status: track
2025-05-29 14:10:40.745,10.437100410461426,-9.19789981842041,57.03221893310547,2005.352294921875,Follow status: track
2025-05-29 14:10:40.888,10.437100410461426,-9.19789981842041,57.03221893310547,2005.352294921875,Follow status: track
2025-05-29 14:10:41.247,10.48960018157959,-9.098199844360352,64.09105682373047,1604.2818603515625,Follow status: track
2025-05-29 14:10:41.757,10.55210018157959,-8.951199531555176,70.57694244384766,1489.6903076171875,Follow status: track
2025-05-29 14:10:41.888,10.55210018157959,-8.951199531555176,70.57694244384766,1489.6903076171875,Follow status: track
2025-05-29 14:10:42.306,10.605899810791016,-8.812299728393555,70.1701431274414,1375.0987548828125,Follow status: track
2025-05-29 14:10:42.848,10.65719985961914,-8.572199821472168,84.4367904663086,1203.21142578125,Follow status: track
2025-05-29 14:10:42.888,10.65719985961914,-8.572199821472168,84.4367904663086,1203.21142578125,Follow status: track
2025-05-29 14:10:43.394,10.673399925231934,-8.319999694824219,88.9058609008789,1031.323974609375,Follow status: track
2025-05-29 14:10:43.888,10.673399925231934,-8.319999694824219,88.9058609008789,1031.323974609375,Follow status: track
2025-05-29 14:10:43.895,10.652899742126465,-8.017900466918945,95.86730194091797,1031.323974609375,Follow status: track
2025-05-29 14:10:44.445,10.628399848937988,-7.789100170135498,100.01551055908203,1145.9156494140625,Follow status: track
2025-05-29 14:10:44.888,10.628399848937988,-7.789100170135498,100.01551055908203,1145.9156494140625,Follow status: track
2025-05-29 14:10:45.888,10.628399848937988,-7.789100170135498,100.01551055908203,1145.9156494140625,Follow status: track
2025-05-29 14:10:45.988,10.599499702453613,-7.610400199890137,86.81456756591797,1375.0987548828125,Follow status: track
2025-05-29 14:10:46.543,10.635499954223633,-7.459700107574463,72.81147766113281,1260.5072021484375,Follow status: track
2025-05-29 14:10:46.888,10.635499954223633,-7.459700107574463,72.81147766113281,1260.5072021484375,Follow status: track
2025-05-29 14:10:47.091,10.725299835205078,-7.18120002746582,70.3477554321289,1260.5072021484375,Follow status: track
2025-05-29 14:10:47.645,10.831899642944336,-6.942200183868408,64.36034393310547,974.0282592773438,Follow status: track
2025-05-29 14:10:47.888,10.831899642944336,-6.942200183868408,64.36034393310547,974.0282592773438,Follow status: track
2025-05-29 14:10:48.154,10.8996000289917,-6.819900035858154,60.72779846191406,1145.9156494140625,Follow status: track
2025-05-29 14:10:48.648,10.994400024414062,-6.663000106811523,61.100223541259766,1145.9156494140625,Follow status: track
2025-05-29 14:10:48.888,10.994400024414062,-6.663000106811523,61.100223541259766,1145.9156494140625,Follow status: track
2025-05-29 14:10:49.196,11.13070011138916,-6.413599967956543,61.799232482910156,1145.9156494140625,Follow status: track
2025-05-29 14:10:49.699,11.249799728393555,-6.1875,62.58418273925781,916.7324829101562,Follow status: track
2025-05-29 14:10:49.888,11.249799728393555,-6.1875,62.58418273925781,916.7324829101562,Follow status: track
2025-05-29 14:10:50.246,11.373600006103516,-5.943999767303467,62.710227966308594,974.0282592773438,Follow status: track
2025-05-29 14:10:50.755,11.455599784851074,-5.760700225830078,68.24500274658203,1088.6197509765625,Follow status: track
2025-05-29 14:10:50.888,11.455599784851074,-5.760700225830078,68.24500274658203,1088.6197509765625,Follow status: track
2025-05-29 14:10:51.298,11.526700019836426,-5.551499843597412,74.58191680908203,1088.6197509765625,Follow status: track
2025-05-29 14:10:51.847,11.594200134277344,-5.295000076293945,78.23165130615234,1088.6197509765625,Follow status: track
2025-05-29 14:10:51.887,11.594200134277344,-5.295000076293945,78.23165130615234,1088.6197509765625,Follow status: track
2025-05-29 14:10:52.393,11.630399703979492,-5.0725998878479,83.38827514648438,1088.6197509765625,Follow status: track
2025-05-29 14:10:52.888,11.630399703979492,-5.0725998878479,83.38827514648438,1088.6197509765625,Follow status: track
2025-05-29 14:10:52.953,11.649200439453125,-4.815700054168701,84.87223815917969,1088.6197509765625,Follow status: track
2025-05-29 14:10:53.447,11.669599533081055,-4.619100093841553,84.44824981689453,1260.5072021484375,Follow status: track
2025-05-29 14:10:53.888,11.669599533081055,-4.619100093841553,84.44824981689453,1260.5072021484375,Follow status: track
2025-05-29 14:10:53.984,11.692299842834473,-4.42110013961792,84.22480010986328,1317.802978515625,Follow status: track
2025-05-29 14:10:54.498,11.713500022888184,-4.240600109100342,84.87223815917969,1145.9156494140625,Follow status: track
2025-05-29 14:10:54.888,11.713500022888184,-4.240600109100342,84.87223815917969,1145.9156494140625,Follow status: track
2025-05-29 14:10:55.048,11.723299980163574,-4.03249979019165,86.2473373413086,1145.9156494140625,Follow status: track
2025-05-29 14:10:55.562,11.740500450134277,-3.8229000568389893,87.37033081054688,1145.9156494140625,Follow status: track
2025-05-29 14:10:55.888,11.740500450134277,-3.8229000568389893,87.37033081054688,1145.9156494140625,Follow status: track
2025-05-29 14:10:56.100,11.743200302124023,-3.6161000728607178,90.99142456054688,1203.21142578125,Follow status: track
2025-05-29 14:10:56.597,11.746399879455566,-3.4779999256134033,88.83137512207031,1145.9156494140625,Follow status: track
2025-05-29 14:10:56.888,11.746399879455566,-3.4779999256134033,88.83137512207031,1145.9156494140625,Follow status: track
2025-05-29 14:10:57.146,11.74899959564209,-3.259700059890747,90.55024719238281,1145.9156494140625,Follow status: track
2025-05-29 14:10:57.702,11.750300407409668,-2.9560000896453857,89.77102661132812,1145.9156494140625,Follow status: track
2025-05-29 14:10:57.888,11.750300407409668,-2.9560000896453857,89.77102661132812,1145.9156494140625,Follow status: track
2025-05-29 14:10:58.195,11.746700286865234,-2.7685999870300293,92.69884490966797,1375.0987548828125,Follow status: track
2025-05-29 14:10:58.888,11.746700286865234,-2.7685999870300293,92.69884490966797,1375.0987548828125,Follow status: track
2025-05-29 14:10:59.307,11.728699684143066,-2.503499984741211,93.65568542480469,1203.21142578125,Follow status: track
2025-05-29 14:10:59.850,11.742199897766113,-2.2581000328063965,84.9066162109375,1203.21142578125,Follow status: track
2025-05-29 14:10:59.888,11.742199897766113,-2.2581000328063965,84.9066162109375,1203.21142578125,Follow status: track
2025-05-29 14:11:00.397,11.764599800109863,-2.061199903488159,80.44327545166016,1260.5072021484375,Follow status: track
2025-05-29 14:11:00.888,11.764599800109863,-2.061199903488159,80.44327545166016,1260.5072021484375,Follow status: track
2025-05-29 14:11:01.499,11.794500350952148,-1.9283000230789185,78.96504974365234,1317.802978515625,Follow status: track
2025-05-29 14:11:01.888,11.794500350952148,-1.9283000230789185,78.96504974365234,1317.802978515625,Follow status: track
2025-05-29 14:11:02.888,11.794500350952148,-1.9283000230789185,78.96504974365234,1317.802978515625,Follow status: search
2025-05-29 14:11:03.887,11.794500350952148,-1.9283000230789185,78.96504974365234,1317.802978515625,Follow status: search
2025-05-29 14:11:04.887,11.794500350952148,-1.9283000230789185,78.96504974365234,1317.802978515625,Follow status: search
2025-05-29 14:11:05.887,11.794500350952148,-1.9283000230789185,78.96504974365234,1317.802978515625,Follow status: search
2025-05-29 14:11:06.887,11.794500350952148,-1.9283000230789185,78.96504974365234,1317.802978515625,Follow status: search
2025-05-29 14:11:07.888,11.794500350952148,-1.9283000230789185,78.96504974365234,1317.802978515625,Follow status: search
2025-05-29 14:11:08.887,11.794500350952148,-1.9283000230789185,78.96504974365234,1317.802978515625,Follow status: search
2025-05-29 14:11:09.887,11.794500350952148,-1.9283000230789185,78.96504974365234,1317.802978515625,Follow status: search
2025-05-29 14:11:10.888,11.794500350952148,-1.9283000230789185,78.96504974365234,1317.802978515625,Follow status: search
2025-05-29 14:11:11.887,11.794500350952148,-1.9283000230789185,78.96504974365234,1317.802978515625,Follow status: search
2025-05-29 14:11:12.887,11.794500350952148,-1.9283000230789185,78.96504974365234,1317.802978515625,Follow status: search
2025-05-29 14:11:13.593,11.821200370788574,-1.6412999629974365,85.23320007324219,1317.802978515625,Follow status: search
2025-05-29 14:11:13.887,11.821200370788574,-1.6412999629974365,85.23320007324219,1317.802978515625,Follow status: track
2025-05-29 14:11:14.150,11.838399887084961,-1.3704999685287476,88.22404479980469,2005.352294921875,Follow status: track
2025-05-29 14:11:14.888,11.838399887084961,-1.3704999685287476,88.22404479980469,2005.352294921875,Follow status: track
2025-05-29 14:11:15.196,11.839799880981445,-1.2418999671936035,83.69767761230469,2578.31005859375,Follow status: track
2025-05-29 14:11:15.706,11.876500129699707,-1.054800033569336,72.63385772705078,2177.239501953125,Follow status: track
2025-05-29 14:11:15.888,11.876500129699707,-1.054800033569336,72.63385772705078,2177.239501953125,Follow status: track
2025-05-29 14:11:16.252,11.954000473022461,-0.859000027179718,64.9906005859375,1833.4649658203125,Follow status: track
2025-05-29 14:11:16.748,12.012800216674805,-0.7275999784469604,66.38861846923828,1833.4649658203125,Follow status: track
2025-05-29 14:11:16.888,12.012800216674805,-0.7275999784469604,66.38861846923828,1833.4649658203125,Follow status: track
2025-05-29 14:11:17.293,12.095600128173828,-0.5871999859809875,51.39431381225586,1661.57763671875,Follow status: track
2025-05-29 14:11:17.864,12.220100402832031,-0.4603999853134155,40.38206481933594,1203.21142578125,Follow status: track
2025-05-29 14:11:17.888,12.220100402832031,-0.4603999853134155,40.38206481933594,1203.21142578125,Follow status: track
2025-05-29 14:11:18.395,12.425100326538086,-0.3140999972820282,28.91718101501465,1203.21142578125,Follow status: track
2025-05-29 14:11:18.888,12.425100326538086,-0.3140999972820282,28.91718101501465,1203.21142578125,Follow status: track
2025-05-29 14:11:18.906,12.53950023651123,-0.26429998874664307,19.19981575012207,1661.57763671875,Follow status: track
2025-05-29 14:11:19.888,12.53950023651123,-0.26429998874664307,19.19981575012207,1661.57763671875,Follow status: track
2025-05-29 14:11:20.444,12.844799995422363,-0.1923999935388565,9.190242767333984,1661.57763671875,Follow status: track
2025-05-29 14:11:20.888,12.844799995422363,-0.1923999935388565,9.190242767333984,1661.57763671875,Follow status: track
2025-05-29 14:11:20.943,13.10420036315918,-0.17090000212192535,-1.936597228050232,1260.5072021484375,Follow status: track
2025-05-29 14:11:21.493,13.225700378417969,-0.179299995303154,-10.720040321350098,1088.6197509765625,Follow status: track
2025-05-29 14:11:21.888,13.225700378417969,-0.179299995303154,-10.720040321350098,1088.6197509765625,Follow status: track
2025-05-29 14:11:22.545,13.440600395202637,-0.210999995470047,-4.48052978515625,1776.169189453125,Follow status: track
2025-05-29 14:11:22.888,13.440600395202637,-0.210999995470047,-4.48052978515625,1776.169189453125,Follow status: track
2025-05-29 14:11:23.044,13.649299621582031,-0.23199999332427979,-5.248293399810791,1776.169189453125,Follow status: track
2025-05-29 14:11:23.555,13.918100357055664,-0.2547999918460846,-1.042783260345459,1776.169189453125,Follow status: track
2025-05-29 14:11:23.888,13.918100357055664,-0.2547999918460846,-1.042783260345459,1776.169189453125,Follow status: track
2025-05-29 14:11:24.089,14.067700386047363,-0.26269999146461487,-3.477853775024414,1661.57763671875,Follow status: track
2025-05-29 14:11:24.644,14.188799858093262,-0.2761000096797943,-10.359077453613281,1833.4649658203125,Follow status: track
2025-05-29 14:11:24.888,14.188799858093262,-0.2761000096797943,-10.359077453613281,1833.4649658203125,Follow status: track
2025-05-29 14:11:25.201,14.388199806213379,-0.3431999981403351,-24.528322219848633,1833.4649658203125,Follow status: track
2025-05-29 14:11:25.701,14.527199745178223,-0.4275999963283539,-38.227745056152344,1833.4649658203125,Follow status: track
2025-05-29 14:11:25.888,14.527199745178223,-0.4275999963283539,-38.227745056152344,1833.4649658203125,Follow status: track
2025-05-29 14:11:26.254,14.644399642944336,-0.539900004863739,-51.74382019042969,1776.169189453125,Follow status: track
2025-05-29 14:11:26.797,14.726300239562988,-0.6707000136375427,-65.64950561523438,2062.64794921875,Follow status: track
2025-05-29 14:11:26.888,14.726300239562988,-0.6707000136375427,-65.64950561523438,2062.64794921875,Follow status: track
2025-05-29 14:11:27.353,14.807100296020508,-0.8780999779701233,-76.01431274414062,2062.64794921875,Follow status: track
2025-05-29 14:11:27.888,14.807100296020508,-0.8780999779701233,-76.01431274414062,2062.64794921875,Follow status: track
2025-05-29 14:11:27.902,14.834500312805176,-1.1080000400543213,-92.01129150390625,2005.352294921875,Follow status: track
2025-05-29 14:11:28.449,14.810400009155273,-1.2901999950408936,-101.84324645996094,1890.7607421875,Follow status: track
2025-05-29 14:11:28.888,14.810400009155273,-1.2901999950408936,-101.84324645996094,1890.7607421875,Follow status: track
2025-05-29 14:11:28.938,14.771699905395508,-1.4519000053405762,-107.1946792602539,1718.8734130859375,Follow status: track
2025-05-29 14:11:29.504,14.675100326538086,-1.674399971961975,-119.10646057128906,1317.802978515625,Follow status: track
2025-05-29 14:11:29.888,14.675100326538086,-1.674399971961975,-119.10646057128906,1317.802978515625,Follow status: track
2025-05-29 14:11:30.046,14.548500061035156,-1.875599980354309,-126.99610137939453,1604.2818603515625,Follow status: track
2025-05-29 14:11:30.600,14.419400215148926,-2.0364999771118164,-131.42506408691406,2177.239501953125,Follow status: track
2025-05-29 14:11:30.888,14.419400215148926,-2.0364999771118164,-131.42506408691406,2177.239501953125,Follow status: track
2025-05-29 14:11:31.104,14.273500442504883,-2.1814000606536865,-138.74172973632812,1890.7607421875,Follow status: track
2025-05-29 14:11:31.658,14.147299766540527,-2.2713000774383545,-159.4083251953125,2177.239501953125,Follow status: track
2025-05-29 14:11:31.887,14.147299766540527,-2.2713000774383545,-159.4083251953125,2177.239501953125,Follow status: track
2025-05-29 14:11:32.177,14.142900466918945,-2.2741000652313232,-168.58709716796875,2807.4931640625,Follow status: track
2025-05-29 14:11:32.700,14.148799896240234,-2.2746999263763428,173.24525451660156,2005.352294921875,Follow status: track
2025-05-29 14:11:32.888,14.148799896240234,-2.2746999263763428,173.24525451660156,2005.352294921875,Follow status: track
2025-05-29 14:11:33.252,14.138199806213379,-2.27020001411438,145.4338836669922,1604.2818603515625,Follow status: track
2025-05-29 14:11:33.800,14.072799682617188,-2.1895999908447266,118.7455062866211,1776.169189453125,Follow status: track
2025-05-29 14:11:33.888,14.072799682617188,-2.1895999908447266,118.7455062866211,1776.169189453125,Follow status: track
2025-05-29 14:11:34.312,13.9798002243042,-1.9878000020980835,116.99798583984375,1489.6903076171875,Follow status: track
2025-05-29 14:11:34.847,13.857199668884277,-1.7588000297546387,120.14351654052734,1260.5072021484375,Follow status: track
2025-05-29 14:11:34.887,13.857199668884277,-1.7588000297546387,120.14351654052734,1260.5072021484375,Follow status: track
2025-05-29 14:11:35.887,13.857199668884277,-1.7588000297546387,120.14351654052734,1260.5072021484375,Follow status: track
2025-05-29 14:11:35.904,13.755900382995605,-1.5597000122070312,113.55450439453125,1260.5072021484375,Follow status: track
2025-05-29 14:11:36.399,13.688799858093262,-1.3497999906539917,105.69925689697266,1260.5072021484375,Follow status: track
2025-05-29 14:11:36.888,13.688799858093262,-1.3497999906539917,105.69925689697266,1260.5072021484375,Follow status: track
2025-05-29 14:11:36.945,13.644700050354004,-1.1212999820709229,95.95323944091797,1317.802978515625,Follow status: track
2025-05-29 14:11:37.496,13.62909984588623,-0.9233999848365784,92.54414367675781,1260.5072021484375,Follow status: track
2025-05-29 14:11:37.888,13.62909984588623,-0.9233999848365784,92.54414367675781,1260.5072021484375,Follow status: track
2025-05-29 14:11:38.549,13.642399787902832,-0.6615999937057495,86.65413665771484,1260.5072021484375,Follow status: track
2025-05-29 14:11:38.888,13.642399787902832,-0.6615999937057495,86.65413665771484,1260.5072021484375,Follow status: track
2025-05-29 14:11:39.104,13.660599708557129,-0.46399998664855957,90.28668975830078,1260.5072021484375,Follow status: track
2025-05-29 14:11:39.888,13.660599708557129,-0.46399998664855957,90.28668975830078,1260.5072021484375,Follow status: track
2025-05-29 14:11:40.148,13.64840030670166,-0.29019999504089355,89.75956726074219,1260.5072021484375,Follow status: track
2025-05-29 14:11:40.687,13.659299850463867,-0.06549999862909317,79.73854064941406,1317.802978515625,Follow status: track
2025-05-29 14:11:40.887,13.659299850463867,-0.06549999862909317,79.73854064941406,1317.802978515625,Follow status: track
2025-05-29 14:11:41.253,13.720999717712402,0.22269999980926514,77.77901458740234,1317.802978515625,Follow status: track
2025-05-29 14:11:41.802,13.825699806213379,0.6147000193595886,73.05784606933594,1203.21142578125,Follow status: track
2025-05-29 14:11:41.887,13.825699806213379,0.6147000193595886,73.05784606933594,1203.21142578125,Follow status: track
2025-05-29 14:11:42.304,13.895400047302246,0.8100000023841858,67.52880096435547,1260.5072021484375,Follow status: track
2025-05-29 14:11:42.848,13.92609977722168,0.9089000225067139,71.00666046142578,1260.5072021484375,Follow status: track
2025-05-29 14:11:42.887,13.92609977722168,0.9089000225067139,71.00666046142578,1260.5072021484375,Follow status: track
2025-05-29 14:11:43.404,13.985300064086914,1.0911999940872192,73.79696655273438,1260.5072021484375,Follow status: track
2025-05-29 14:11:43.888,13.985300064086914,1.0911999940872192,73.79696655273438,1260.5072021484375,Follow status: track
2025-05-29 14:11:43.908,14.04069995880127,1.2826999425888062,75.44708251953125,1088.6197509765625,Follow status: track
2025-05-29 14:11:44.448,14.085100173950195,1.452299952507019,78.4035415649414,1145.9156494140625,Follow status: track
2025-05-29 14:11:44.888,14.085100173950195,1.452299952507019,78.4035415649414,1145.9156494140625,Follow status: track
2025-05-29 14:11:45.003,14.122599601745605,1.6360000371932983,78.85044860839844,1145.9156494140625,Follow status: track
2025-05-29 14:11:45.513,14.157500267028809,1.7790000438690186,70.82331085205078,1375.0987548828125,Follow status: track
2025-05-29 14:11:45.888,14.157500267028809,1.7790000438690186,70.82331085205078,1375.0987548828125,Follow status: track
2025-05-29 14:11:46.050,14.205300331115723,1.8708000183105469,58.17240524291992,1317.802978515625,Follow status: track
2025-05-29 14:11:46.547,14.267200469970703,1.962399959564209,52.44855880737305,1031.323974609375,Follow status: track
2025-05-29 14:11:46.888,14.267200469970703,1.962399959564209,52.44855880737305,1031.323974609375,Follow status: track
2025-05-29 14:11:47.050,14.37600040435791,2.0947999954223633,47.40079879760742,1031.323974609375,Follow status: track
2025-05-29 14:11:47.555,14.526800155639648,2.2476000785827637,43.59635925292969,1203.21142578125,Follow status: track
2025-05-29 14:11:47.888,14.526800155639648,2.2476000785827637,43.59635925292969,1203.21142578125,Follow status: track
2025-05-29 14:11:48.099,14.6318998336792,2.3338000774383545,31.82207679748535,1604.2818603515625,Follow status: track
2025-05-29 14:11:48.888,14.6318998336792,2.3338000774383545,31.82207679748535,1604.2818603515625,Follow status: track
2025-05-29 14:11:49.211,14.81029987335205,2.416300058364868,21.228086471557617,1489.6903076171875,Follow status: track
2025-05-29 14:11:49.747,14.985899925231934,2.46589994430542,11.928980827331543,1432.39453125,Follow status: track
2025-05-29 14:11:49.888,14.985899925231934,2.46589994430542,11.928980827331543,1432.39453125,Follow status: track
2025-05-29 14:11:50.887,14.985899925231934,2.46589994430542,11.928980827331543,1432.39453125,Follow status: search
2025-05-29 14:11:51.887,14.985899925231934,2.46589994430542,11.928980827331543,1432.39453125,Follow status: search
2025-05-29 14:11:52.887,14.985899925231934,2.46589994430542,11.928980827331543,1432.39453125,Follow status: search
2025-05-29 14:11:53.887,14.985899925231934,2.46589994430542,11.928980827331543,1432.39453125,Follow status: search
2025-05-29 14:11:54.888,14.985899925231934,2.46589994430542,11.928980827331543,1432.39453125,Follow status: search
2025-05-29 14:11:55.887,14.985899925231934,2.46589994430542,11.928980827331543,1432.39453125,Follow status: search
2025-05-29 14:11:56.887,14.985899925231934,2.46589994430542,11.928980827331543,1432.39453125,Follow status: search
2025-05-29 14:11:57.190,15.260499954223633,2.5624001026153564,21.256732940673828,1432.39453125,Follow status: search
2025-05-29 14:11:57.755,15.407500267028809,2.61899995803833,21.646345138549805,2463.718505859375,Follow status: track
2025-05-29 14:11:57.888,15.407500267028809,2.61899995803833,21.646345138549805,2463.718505859375,Follow status: track
2025-05-29 14:11:58.821,15.540900230407715,2.688199996948242,28.16087532043457,2291.831298828125,Follow status: track
2025-05-29 14:11:58.888,15.540900230407715,2.688199996948242,28.16087532043457,2291.831298828125,Follow status: track
2025-05-29 14:11:59.343,15.760000228881836,2.7804999351501465,11.665420532226562,1375.0987548828125,Follow status: track
2025-05-29 14:11:59.856,15.993499755859375,2.7881999015808105,-4.211239814758301,1375.0987548828125,Follow status: track
2025-05-29 14:11:59.887,15.993499755859375,2.7881999015808105,-4.211239814758301,1375.0987548828125,Follow status: track
2025-05-29 14:12:00.366,16.189699172973633,2.736299991607666,-20.546266555786133,1317.802978515625,Follow status: track
2025-05-29 14:12:00.888,16.189699172973633,2.736299991607666,-20.546266555786133,1317.802978515625,Follow status: track
2025-05-29 14:12:00.913,16.333799362182617,2.6745998859405518,-20.276975631713867,1317.802978515625,Follow status: track
2025-05-29 14:12:01.449,16.525299072265625,2.628700017929077,0.1203211322426796,1489.6903076171875,Follow status: track
2025-05-29 14:12:01.888,16.525299072265625,2.628700017929077,0.1203211322426796,1489.6903076171875,Follow status: track
2025-05-29 14:12:01.995,16.65730094909668,2.644700050354004,15.395376205444336,2234.535400390625,Follow status: track
2025-05-29 14:12:02.496,16.817399978637695,2.702399969100952,25.330463409423828,2062.64794921875,Follow status: track
2025-05-29 14:12:02.888,16.817399978637695,2.702399969100952,25.330463409423828,2062.64794921875,Follow status: track
2025-05-29 14:12:03.057,17.000200271606445,2.8178000450134277,34.560813903808594,1604.2818603515625,Follow status: track
2025-05-29 14:12:03.554,17.10580062866211,2.8989999294281006,43.29269027709961,1833.4649658203125,Follow status: track
2025-05-29 14:12:03.888,17.10580062866211,2.8989999294281006,43.29269027709961,1833.4649658203125,Follow status: track
2025-05-29 14:12:04.085,17.139999389648438,2.933799982070923,51.732357025146484,2521.014404296875,Follow status: track
2025-05-29 14:12:04.888,17.139999389648438,2.933799982070923,51.732357025146484,2521.014404296875,Follow status: track
2025-05-29 14:12:05.654,17.140100479125977,2.926800012588501,33.83888626098633,1604.2818603515625,Follow status: track
2025-05-29 14:12:05.888,17.140100479125977,2.926800012588501,33.83888626098633,1604.2818603515625,Follow status: track
2025-05-29 14:12:06.199,17.126800537109375,2.9230000972747803,-6.491611957550049,1833.4649658203125,Follow status: track
2025-05-29 14:12:06.699,17.133800506591797,2.9217000007629395,-24.13298225402832,1432.39453125,Follow status: track
2025-05-29 14:12:06.888,17.133800506591797,2.9217000007629395,-24.13298225402832,1432.39453125,Follow status: track
2025-05-29 14:12:07.251,17.30069923400879,2.809799909591675,-36.772430419921875,1432.39453125,Follow status: track
2025-05-29 14:12:07.799,17.555500030517578,2.651900053024292,-15.527155876159668,1375.0987548828125,Follow status: track
2025-05-29 14:12:07.888,17.555500030517578,2.651900053024292,-15.527155876159668,1375.0987548828125,Follow status: track
2025-05-29 14:12:08.309,17.8435001373291,2.6998000144958496,23.76055908203125,1317.802978515625,Follow status: track
2025-05-29 14:12:08.803,17.902000427246094,2.844099998474121,88.5105209350586,1317.802978515625,Follow status: track
2025-05-29 14:12:08.888,17.902000427246094,2.844099998474121,88.5105209350586,1317.802978515625,Follow status: track
2025-05-29 14:12:09.303,17.889400482177734,2.8477001190185547,117.70845031738281,1317.802978515625,Follow status: track
2025-05-29 14:12:09.848,17.890199661254883,2.819200038909912,123.87347412109375,1260.5072021484375,Follow status: track
2025-05-29 14:12:09.887,17.890199661254883,2.819200038909912,123.87347412109375,1260.5072021484375,Follow status: track
2025-05-29 14:12:10.887,17.890199661254883,2.819200038909912,123.87347412109375,1260.5072021484375,Follow status: search
2025-05-29 14:12:11.887,17.890199661254883,2.819200038909912,123.87347412109375,1260.5072021484375,Follow status: search
2025-05-29 14:12:12.887,17.890199661254883,2.819200038909912,123.87347412109375,1260.5072021484375,Follow status: search
2025-05-29 14:12:13.887,17.890199661254883,2.819200038909912,123.87347412109375,1260.5072021484375,Follow status: search
2025-05-29 14:12:14.887,17.890199661254883,2.819200038909912,123.87347412109375,1260.5072021484375,Follow status: search
2025-05-29 14:12:15.089,17.884599685668945,2.7932000160217285,117.97200775146484,1375.0987548828125,Follow status: search
2025-05-29 14:12:15.597,17.8882999420166,2.7781999111175537,99.70611572265625,1489.6903076171875,Follow status: search
2025-05-29 14:12:15.888,17.8882999420166,2.7781999111175537,99.70611572265625,1489.6903076171875,Follow status: track
2025-05-29 14:12:16.652,17.88960075378418,2.777400016784668,105.26953125,2349.126953125,Follow status: track
2025-05-29 14:12:16.888,17.88960075378418,2.777400016784668,105.26953125,2349.126953125,Follow status: track
2025-05-29 14:12:17.156,17.889799118041992,2.768699884414673,112.94717407226562,2864.7890625,Follow status: track
2025-05-29 14:12:17.888,17.889799118041992,2.768699884414673,112.94717407226562,2864.7890625,Follow status: track
2025-05-29 14:12:18.251,17.892099380493164,2.7669999599456787,106.6503677368164,2864.7890625,Follow status: track
2025-05-29 14:12:18.800,17.894500732421875,2.7648000717163086,76.7591552734375,1432.39453125,Follow status: track
2025-05-29 14:12:18.888,17.894500732421875,2.7648000717163086,76.7591552734375,1432.39453125,Follow status: track
2025-05-29 14:12:19.348,17.903499603271484,2.769700050354004,54.26483154296875,1317.802978515625,Follow status: track
2025-05-29 14:12:19.855,17.98819923400879,2.853100061416626,44.59903335571289,1260.5072021484375,Follow status: track
2025-05-29 14:12:19.888,17.98819923400879,2.853100061416626,44.59903335571289,1260.5072021484375,Follow status: track
2025-05-29 14:12:20.402,18.20400047302246,3.078200101852417,69.9008560180664,1203.21142578125,Follow status: track
2025-05-29 14:12:20.886,18.170700073242188,3.267199993133545,123.31769561767578,1260.5072021484375,Follow status: track
2025-05-29 14:12:20.887,18.170700073242188,3.267199993133545,123.31769561767578,1260.5072021484375,Follow status: track
2025-05-29 14:12:21.459,18.13960075378418,3.278599977493286,150.36703491210938,1317.802978515625,Follow status: track
2025-05-29 14:12:21.887,18.13960075378418,3.278599977493286,150.36703491210938,1317.802978515625,Follow status: track
2025-05-29 14:12:21.944,18.084999084472656,3.3148999214172363,135.9915313720703,1317.802978515625,Follow status: track
2025-05-29 14:12:22.504,18.068300247192383,3.3447000980377197,106.65609741210938,1317.802978515625,Follow status: track
2025-05-29 14:12:22.888,18.068300247192383,3.3447000980377197,106.65609741210938,1317.802978515625,Follow status: track
2025-05-29 14:12:23.055,18.07040023803711,3.3722000122070312,85.07276916503906,1317.802978515625,Follow status: track
2025-05-29 14:12:23.888,18.07040023803711,3.3722000122070312,85.07276916503906,1317.802978515625,Follow status: track
2025-05-29 14:12:24.888,18.07040023803711,3.3722000122070312,85.07276916503906,1317.802978515625,Follow status: search
2025-05-29 14:12:25.193,18.070600509643555,3.3534998893737793,77.06855773925781,1317.802978515625,Follow status: search
2025-05-29 14:12:25.696,18.04789924621582,3.298099994659424,53.995540618896484,1317.802978515625,Follow status: search
2025-05-29 14:12:25.887,18.04789924621582,3.298099994659424,53.995540618896484,1317.802978515625,Follow status: search
2025-05-29 14:12:26.195,18.017200469970703,3.2597999572753906,28.934368133544922,1317.802978515625,Follow status: search
2025-05-29 14:12:26.698,17.99690055847168,3.250499963760376,17.652828216552734,1317.802978515625,Follow status: search
2025-05-29 14:12:26.888,17.99690055847168,3.250499963760376,17.652828216552734,1317.802978515625,Follow status: search
2025-05-29 14:12:27.796,17.972200393676758,3.243000030517578,5.781144142150879,1317.802978515625,Follow status: search
2025-05-29 14:12:27.887,17.972200393676758,3.243000030517578,5.781144142150879,1317.802978515625,Follow status: search
2025-05-29 14:12:28.295,17.943599700927734,3.242799997329712,-3.6497409343719482,1317.802978515625,Follow status: search
2025-05-29 14:12:28.848,17.94409942626953,3.2428998947143555,-9.717364311218262,1604.2818603515625,Follow status: search
2025-05-29 14:12:28.887,17.94409942626953,3.2428998947143555,-9.717364311218262,1604.2818603515625,Follow status: search
2025-05-29 14:12:29.395,17.934999465942383,3.2425999641418457,-35.752567291259766,1661.57763671875,Follow status: search
2025-05-29 14:12:29.888,17.934999465942383,3.2425999641418457,-35.752567291259766,1661.57763671875,Follow status: track
2025-05-29 14:12:29.918,17.938800811767578,3.242799997329712,-49.967647552490234,1661.57763671875,Follow status: track
2025-05-29 14:12:30.452,17.93670082092285,3.247499942779541,-37.4828987121582,1661.57763671875,Follow status: track
2025-05-29 14:12:30.888,17.93670082092285,3.247499942779541,-37.4828987121582,1661.57763671875,Follow status: track
2025-05-29 14:12:30.991,17.929800033569336,3.2546000480651855,-18.21432876586914,1661.57763671875,Follow status: track
2025-05-29 14:12:31.888,17.929800033569336,3.2546000480651855,-18.21432876586914,1661.57763671875,Follow status: track
2025-05-29 14:12:32.888,17.929800033569336,3.2546000480651855,-18.21432876586914,1661.57763671875,Follow status: track
2025-05-29 14:12:33.706,17.92690086364746,3.2637999057769775,-27.536352157592773,2864.7890625,Follow status: track
2025-05-29 14:12:33.888,17.92690086364746,3.2637999057769775,-27.536352157592773,2864.7890625,Follow status: track
2025-05-29 14:12:34.754,17.922700881958008,3.2690000534057617,-18.603939056396484,2864.7890625,Follow status: track
2025-05-29 14:12:34.888,17.922700881958008,3.2690000534057617,-18.603939056396484,2864.7890625,Follow status: track
2025-05-29 14:12:35.311,17.922700881958008,3.2692999839782715,-33.5008430480957,2521.014404296875,Follow status: track
2025-05-29 14:12:35.807,17.9158992767334,3.2702999114990234,-65.59220886230469,1432.39453125,Follow status: track
2025-05-29 14:12:35.888,17.9158992767334,3.2702999114990234,-65.59220886230469,1432.39453125,Follow status: track
2025-05-29 14:12:36.365,17.92329978942871,3.248699903488159,-85.65145874023438,1317.802978515625,Follow status: track
2025-05-29 14:12:36.856,17.906600952148438,3.1187000274658203,-109.23440551757812,1317.802978515625,Follow status: track
2025-05-29 14:12:36.887,17.906600952148438,3.1187000274658203,-109.23440551757812,1317.802978515625,Follow status: track
2025-05-29 14:12:37.368,17.831600189208984,2.9690001010894775,-112.7867431640625,1260.5072021484375,Follow status: track
2025-05-29 14:12:37.888,17.831600189208984,2.9690001010894775,-112.7867431640625,1260.5072021484375,Follow status: track
2025-05-29 14:12:37.915,17.80109977722168,2.823899984359741,-85.25611877441406,1661.57763671875,Follow status: track
2025-05-29 14:12:38.455,17.821199417114258,2.7385001182556152,-70.72018432617188,1661.57763671875,Follow status: track
2025-05-29 14:12:38.888,17.821199417114258,2.7385001182556152,-70.72018432617188,1661.57763671875,Follow status: track
2025-05-29 14:12:39.505,17.877099990844727,2.4946000576019287,-93.6900634765625,1317.802978515625,Follow status: track
2025-05-29 14:12:39.889,17.877099990844727,2.4946000576019287,-93.6900634765625,1317.802978515625,Follow status: track
2025-05-29 14:12:40.063,17.828699111938477,2.3231000900268555,-114.71187591552734,1260.5072021484375,Follow status: track
2025-05-29 14:12:40.555,17.783700942993164,2.2434000968933105,-120.78523254394531,974.0282592773438,Follow status: track
2025-05-29 14:12:40.888,17.783700942993164,2.2434000968933105,-120.78523254394531,974.0282592773438,Follow status: track
2025-05-29 14:12:41.888,17.783700942993164,2.2434000968933105,-120.78523254394531,974.0282592773438,Follow status: search
2025-05-29 14:12:42.648,17.516599655151367,1.9076000452041626,-130.1588134765625,1145.9156494140625,Follow status: search
2025-05-29 14:12:42.888,17.516599655151367,1.9076000452041626,-130.1588134765625,1145.9156494140625,Follow status: track
2025-05-29 14:12:43.150,17.26110076904297,1.6065000295639038,-137.23484802246094,1088.6197509765625,Follow status: track
2025-05-29 14:12:43.656,17.20680046081543,1.5654000043869019,-148.4247283935547,1375.0987548828125,Follow status: track
2025-05-29 14:12:43.888,17.20680046081543,1.5654000043869019,-148.4247283935547,1375.0987548828125,Follow status: track
2025-05-29 14:12:44.205,17.1919002532959,1.5529999732971191,-141.64662170410156,1432.39453125,Follow status: track
2025-05-29 14:12:44.888,17.1919002532959,1.5529999732971191,-141.64662170410156,1432.39453125,Follow status: track
2025-05-29 14:12:45.204,16.96419906616211,1.3163000345230103,-130.15309143066406,1375.0987548828125,Follow status: track
2025-05-29 14:12:45.709,16.70039939880371,0.9438999891281128,-127.14506530761719,1375.0987548828125,Follow status: track
2025-05-29 14:12:45.888,16.70039939880371,0.9438999891281128,-127.14506530761719,1375.0987548828125,Follow status: track
2025-05-29 14:12:46.255,16.504600524902344,0.6987000107765198,-128.45140075683594,1432.39453125,Follow status: track
2025-05-29 14:12:46.888,16.504600524902344,0.6987000107765198,-128.45140075683594,1432.39453125,Follow status: track
2025-05-29 14:12:47.855,16.45639991760254,0.6560999751091003,-156.34872436523438,1489.6903076171875,Follow status: track
2025-05-29 14:12:47.888,16.45639991760254,0.6560999751091003,-156.34872436523438,1489.6903076171875,Follow status: track
2025-05-29 14:12:48.367,16.45400047302246,0.659500002861023,178.59095764160156,1432.39453125,Follow status: track
2025-05-29 14:12:48.888,16.45400047302246,0.659500002861023,178.59095764160156,1432.39453125,Follow status: track
2025-05-29 14:12:48.917,16.288000106811523,0.6866999864578247,172.51759338378906,1432.39453125,Follow status: track
2025-05-29 14:12:49.460,16.092599868774414,0.6741999983787537,-158.5889892578125,1432.39453125,Follow status: track
2025-05-29 14:12:49.888,16.092599868774414,0.6741999983787537,-158.5889892578125,1432.39453125,Follow status: track
2025-05-29 14:12:49.954,15.987500190734863,0.6148999929428101,-144.39109802246094,1432.39453125,Follow status: track
2025-05-29 14:12:50.503,15.88230037689209,0.5030999779701233,-127.58624267578125,1432.39453125,Follow status: track
2025-05-29 14:12:50.888,15.88230037689209,0.5030999779701233,-127.58624267578125,1432.39453125,Follow status: track
2025-05-29 14:12:51.066,15.783100128173828,0.39579999446868896,-141.10804748535156,1432.39453125,Follow status: track
2025-05-29 14:12:51.567,15.62339973449707,0.2919999957084656,-153.14016723632812,1432.39453125,Follow status: track
2025-05-29 14:12:51.888,15.62339973449707,0.2919999957084656,-153.14016723632812,1432.39453125,Follow status: track
2025-05-29 14:12:52.101,15.388999938964844,0.19979999959468842,-162.2100830078125,1432.39453125,Follow status: track
2025-05-29 14:12:52.605,15.205400466918945,0.16179999709129333,-166.02598571777344,1375.0987548828125,Follow status: track
2025-05-29 14:12:52.888,15.205400466918945,0.16179999709129333,-166.02598571777344,1375.0987548828125,Follow status: track
2025-05-29 14:12:53.653,15.021599769592285,0.11190000176429749,-160.74331665039062,1375.0987548828125,Follow status: track
2025-05-29 14:12:53.888,15.021599769592285,0.11190000176429749,-160.74331665039062,1375.0987548828125,Follow status: track
2025-05-29 14:12:54.206,14.814399719238281,0.04349999874830246,-162.0611114501953,859.4367065429688,Follow status: track
2025-05-29 14:12:54.700,14.625399589538574,-0.004600000102072954,-167.52713012695312,1145.9156494140625,Follow status: track
2025-05-29 14:12:54.888,14.625399589538574,-0.004600000102072954,-167.52713012695312,1145.9156494140625,Follow status: track
2025-05-29 14:12:55.205,14.470399856567383,-0.04569999873638153,-161.20167541503906,1317.802978515625,Follow status: track
2025-05-29 14:12:55.766,14.434900283813477,-0.061500001698732376,-155.7471160888672,1489.6903076171875,Follow status: track
2025-05-29 14:12:55.888,14.434900283813477,-0.061500001698732376,-155.7471160888672,1489.6903076171875,Follow status: track
2025-05-29 14:12:56.857,14.403400421142578,-0.07750000059604645,-150.67645263671875,1833.4649658203125,Follow status: track
2025-05-29 14:12:56.888,14.403400421142578,-0.07750000059604645,-150.67645263671875,1833.4649658203125,Follow status: track
2025-05-29 14:12:57.888,14.403400421142578,-0.07750000059604645,-150.67645263671875,1833.4649658203125,Follow status: track
2025-05-29 14:12:58.466,14.275300025939941,-0.15049999952316284,-151.44993591308594,1375.0987548828125,Follow status: track
2025-05-29 14:12:58.888,14.275300025939941,-0.15049999952316284,-151.44993591308594,1375.0987548828125,Follow status: track
2025-05-29 14:12:58.946,13.98449993133545,-0.29089999198913574,-156.75552368164062,1145.9156494140625,Follow status: track
2025-05-29 14:12:59.511,13.656200408935547,-0.4043000042438507,-158.57180786132812,1317.802978515625,Follow status: track
2025-05-29 14:12:59.888,13.656200408935547,-0.4043000042438507,-158.57180786132812,1317.802978515625,Follow status: track
2025-05-29 14:13:00.053,13.470499992370605,-0.47130000591278076,-156.33152770996094,2349.126953125,Follow status: track
2025-05-29 14:13:00.888,13.470499992370605,-0.47130000591278076,-156.33152770996094,2349.126953125,Follow status: track
2025-05-29 14:13:01.888,13.470499992370605,-0.47130000591278076,-156.33152770996094,2349.126953125,Follow status: track
2025-05-29 14:13:02.828,13.36240005493164,-0.5178999900817871,-157.775390625,1432.39453125,Follow status: track
2025-05-29 14:13:02.887,13.36240005493164,-0.5178999900817871,-157.775390625,1432.39453125,Follow status: track
2025-05-29 14:13:03.312,13.161299705505371,-0.6154999732971191,-152.45834350585938,1432.39453125,Follow status: track
2025-05-29 14:13:03.863,13.038100242614746,-0.6699000000953674,-157.67799377441406,1546.986083984375,Follow status: track
2025-05-29 14:13:03.887,13.038100242614746,-0.6699000000953674,-157.67799377441406,1546.986083984375,Follow status: track
2025-05-29 14:13:04.888,13.038100242614746,-0.6699000000953674,-157.67799377441406,1546.986083984375,Follow status: track
2025-05-29 14:13:04.909,12.89229965209961,-0.7203999757766724,-163.10963439941406,1661.57763671875,Follow status: track
2025-05-29 14:13:05.458,12.664600372314453,-0.7885000109672546,-161.579833984375,1432.39453125,Follow status: track
2025-05-29 14:13:05.888,12.664600372314453,-0.7885000109672546,-161.579833984375,1432.39453125,Follow status: track
2025-05-29 14:13:05.948,12.481900215148926,-0.8518999814987183,-157.81549072265625,1432.39453125,Follow status: track
2025-05-29 14:13:06.513,12.38700008392334,-0.8859999775886536,-153.1000518798828,1432.39453125,Follow status: track
2025-05-29 14:13:06.888,12.38700008392334,-0.8859999775886536,-153.1000518798828,1432.39453125,Follow status: track
2025-05-29 14:13:07.048,12.266500473022461,-0.9503999948501587,-150.6879119873047,1432.39453125,Follow status: track
2025-05-29 14:13:07.607,12.05679988861084,-1.0817999839782715,-145.41094970703125,1031.323974609375,Follow status: track
2025-05-29 14:13:07.888,12.05679988861084,-1.0817999839782715,-145.41094970703125,1031.323974609375,Follow status: track
2025-05-29 14:13:08.157,11.86989974975586,-1.2197999954223633,-139.57252502441406,1718.8734130859375,Follow status: track
2025-05-29 14:13:08.652,11.786199569702148,-1.289199948310852,-138.68443298339844,1833.4649658203125,Follow status: track
2025-05-29 14:13:08.888,11.786199569702148,-1.289199948310852,-138.68443298339844,1833.4649658203125,Follow status: track
2025-05-29 14:13:09.171,11.656100273132324,-1.3976000547409058,-142.3227081298828,1203.21142578125,Follow status: track
2025-05-29 14:13:09.719,11.453499794006348,-1.5236999988555908,-150.88270568847656,1145.9156494140625,Follow status: track
2025-05-29 14:13:09.888,11.453499794006348,-1.5236999988555908,-150.88270568847656,1145.9156494140625,Follow status: track
2025-05-29 14:13:10.261,11.237700462341309,-1.6346999406814575,-157.33993530273438,1260.5072021484375,Follow status: track
2025-05-29 14:13:10.808,11.031499862670898,-1.6984000205993652,-172.63790893554688,1203.21142578125,Follow status: track
2025-05-29 14:13:10.888,11.031499862670898,-1.6984000205993652,-172.63790893554688,1203.21142578125,Follow status: track
2025-05-29 14:13:11.375,10.837699890136719,-1.6937999725341797,173.8927001953125,1661.57763671875,Follow status: track
2025-05-29 14:13:11.888,10.837699890136719,-1.6937999725341797,173.8927001953125,1661.57763671875,Follow status: track
2025-05-29 14:13:11.925,10.61240005493164,-1.649899959564209,165.28114318847656,1260.5072021484375,Follow status: track
2025-05-29 14:13:12.416,10.365300178527832,-1.5736000537872314,159.83804321289062,1317.802978515625,Follow status: track
2025-05-29 14:13:12.888,10.365300178527832,-1.5736000537872314,159.83804321289062,1317.802978515625,Follow status: track
2025-05-29 14:13:12.942,10.148799896240234,-1.4736000299453735,152.08592224121094,1317.802978515625,Follow status: track
2025-05-29 14:13:13.457,10.031800270080566,-1.4032000303268433,144.68902587890625,1489.6903076171875,Follow status: track
2025-05-29 14:13:13.888,10.031800270080566,-1.4032000303268433,144.68902587890625,1489.6903076171875,Follow status: track
2025-05-29 14:13:14.510,9.84220027923584,-1.287600040435791,150.8597869873047,1890.7607421875,Follow status: track
2025-05-29 14:13:14.888,9.84220027923584,-1.287600040435791,150.8597869873047,1890.7607421875,Follow status: track
2025-05-29 14:13:15.058,9.657400131225586,-1.204699993133545,157.6206817626953,1432.39453125,Follow status: track
2025-05-29 14:13:15.558,9.358799934387207,-1.1038999557495117,165.5217742919922,1432.39453125,Follow status: track
2025-05-29 14:13:15.888,9.358799934387207,-1.1038999557495117,165.5217742919922,1432.39453125,Follow status: track
2025-05-29 14:13:16.053,9.080499649047852,-1.063599944114685,175.611572265625,1776.169189453125,Follow status: track
2025-05-29 14:13:16.553,8.901900291442871,-1.0520000457763672,178.2357177734375,1890.7607421875,Follow status: track
2025-05-29 14:13:16.888,8.901900291442871,-1.0520000457763672,178.2357177734375,1890.7607421875,Follow status: track
2025-05-29 14:13:17.053,8.678600311279297,-1.0325000286102295,178.69407653808594,1776.169189453125,Follow status: track
2025-05-29 14:13:17.546,8.37399959564209,-1.0159000158309937,176.57412719726562,1776.169189453125,Follow status: track
2025-05-29 14:13:17.888,8.37399959564209,-1.0159000158309937,176.57412719726562,1776.169189453125,Follow status: track
2025-05-29 14:13:18.108,8.18280029296875,-1.004699945449829,173.15931701660156,1776.169189453125,Follow status: track
2025-05-29 14:13:18.609,8.010299682617188,-0.9886000156402588,174.27084350585938,1776.169189453125,Follow status: track
2025-05-29 14:13:18.888,8.010299682617188,-0.9886000156402588,174.27084350585938,1776.169189453125,Follow status: track
2025-05-29 14:13:19.157,7.7546000480651855,-0.9666000008583069,175.57717895507812,1546.986083984375,Follow status: track
2025-05-29 14:13:19.655,7.425099849700928,-0.933899998664856,172.8327178955078,1432.39453125,Follow status: track
2025-05-29 14:13:19.888,7.425099849700928,-0.933899998664856,172.8327178955078,1432.39453125,Follow status: track
2025-05-29 14:13:20.174,7.092899799346924,-0.8884000182151794,176.0011749267578,1432.39453125,Follow status: track
2025-05-29 14:13:20.724,6.791800022125244,-0.8532999753952026,172.33425903320312,1432.39453125,Follow status: track
2025-05-29 14:13:20.888,6.791800022125244,-0.8532999753952026,172.33425903320312,1432.39453125,Follow status: track
2025-05-29 14:13:21.191,6.536200046539307,-0.8137000203132629,171.4461669921875,1375.0987548828125,Follow status: track
2025-05-29 14:13:21.765,6.200099945068359,-0.7753000259399414,175.40528869628906,1317.802978515625,Follow status: track
2025-05-29 14:13:21.888,6.200099945068359,-0.7753000259399414,175.40528869628906,1317.802978515625,Follow status: track
2025-05-29 14:13:22.312,5.866099834442139,-0.741100013256073,176.39651489257812,1489.6903076171875,Follow status: track
2025-05-29 14:13:22.862,5.741099834442139,-0.7361999750137329,-178.00653076171875,2521.014404296875,Follow status: track
2025-05-29 14:13:22.888,5.741099834442139,-0.7361999750137329,-178.00653076171875,2521.014404296875,Follow status: track
2025-05-29 14:13:23.888,5.741099834442139,-0.7361999750137329,-178.00653076171875,2521.014404296875,Follow status: track
2025-05-29 14:13:24.468,5.735099792480469,-0.7411999702453613,-168.1230010986328,2864.7890625,Follow status: track
2025-05-29 14:13:24.888,5.735099792480469,-0.7411999702453613,-168.1230010986328,2864.7890625,Follow status: track
2025-05-29 14:13:25.015,5.736199855804443,-0.7412999868392944,-143.5144805908203,2864.7890625,Follow status: track
2025-05-29 14:13:25.514,5.734600067138672,-0.7379999756813049,-120.25811767578125,2864.7890625,Follow status: track
2025-05-29 14:13:25.887,5.734600067138672,-0.7379999756813049,-120.25811767578125,2864.7890625,Follow status: track
2025-05-29 14:13:26.039,5.728799819946289,-0.7512999773025513,-83.90966796875,2750.197509765625,Follow status: track
2025-05-29 14:13:26.557,5.728499889373779,-0.7856000065803528,-75.80804443359375,1948.0565185546875,Follow status: track
2025-05-29 14:13:26.888,5.728499889373779,-0.7856000065803528,-75.80804443359375,1948.0565185546875,Follow status: track
2025-05-29 14:13:27.104,5.782899856567383,-0.9783999919891357,-79.0051498413086,1718.8734130859375,Follow status: track
2025-05-29 14:13:27.888,5.782899856567383,-0.9783999919891357,-79.0051498413086,1718.8734130859375,Follow status: track
2025-05-29 14:13:28.888,5.782899856567383,-0.9783999919891357,-79.0051498413086,1718.8734130859375,Follow status: track
2025-05-29 14:13:29.888,5.782899856567383,-0.9783999919891357,-79.0051498413086,1718.8734130859375,Follow status: track
2025-05-29 14:13:30.888,5.782899856567383,-0.9783999919891357,-79.0051498413086,1718.8734130859375,Follow status: track
2025-05-29 14:13:31.888,5.782899856567383,-0.9783999919891357,-79.0051498413086,1718.8734130859375,Follow status: track
2025-05-29 14:13:32.887,5.782899856567383,-0.9783999919891357,-79.0051498413086,1718.8734130859375,Follow status: track
2025-05-29 14:13:33.887,5.782899856567383,-0.9783999919891357,-79.0051498413086,1718.8734130859375,Follow status: track
2025-05-29 14:13:34.888,5.782899856567383,-0.9783999919891357,-79.0051498413086,1718.8734130859375,Follow status: track
2025-05-29 14:13:35.461,5.781799793243408,-1.0240000486373901,-72.23851776123047,1661.57763671875,Follow status: track
2025-05-29 14:13:35.888,5.781799793243408,-1.0240000486373901,-72.23851776123047,1661.57763671875,Follow status: track
2025-05-29 14:13:35.958,5.8007001876831055,-1.0475000143051147,-36.22812271118164,1432.39453125,Follow status: track
2025-05-29 14:13:36.508,5.8420000076293945,-1.0563000440597534,-0.9052732586860657,1145.9156494140625,Follow status: track
2025-05-29 14:13:36.888,5.8420000076293945,-1.0563000440597534,-0.9052732586860657,1145.9156494140625,Follow status: track
2025-05-29 14:13:36.999,5.89709997177124,-1.0406999588012695,13.533263206481934,1145.9156494140625,Follow status: track
2025-05-29 14:13:37.507,6.150300025939941,-0.895799994468689,16.45534896850586,1260.5072021484375,Follow status: track
2025-05-29 14:13:37.888,6.150300025939941,-0.895799994468689,16.45534896850586,1260.5072021484375,Follow status: track
2025-05-29 14:13:38.061,6.592599868774414,-0.7570000290870667,6.42285680770874,1317.802978515625,Follow status: track
2025-05-29 14:13:38.612,7.122600078582764,-0.8618999719619751,-15.601640701293945,1260.5072021484375,Follow status: track
2025-05-29 14:13:38.888,7.122600078582764,-0.8618999719619751,-15.601640701293945,1260.5072021484375,Follow status: track
2025-05-29 14:13:39.134,7.402400016784668,-0.9900000095367432,-38.789241790771484,1203.21142578125,Follow status: track
2025-05-29 14:13:39.653,7.512599945068359,-1.1216000318527222,-43.407283782958984,1317.802978515625,Follow status: track
2025-05-29 14:13:39.888,7.512599945068359,-1.1216000318527222,-43.407283782958984,1317.802978515625,Follow status: track
2025-05-29 14:13:40.159,7.7266998291015625,-1.2768000364303589,-35.80413055419922,1317.802978515625,Follow status: track
2025-05-29 14:13:40.718,8.09689998626709,-1.4148999452590942,-17.710124969482422,1317.802978515625,Follow status: track
2025-05-29 14:13:40.888,8.09689998626709,-1.4148999452590942,-17.710124969482422,1317.802978515625,Follow status: track
2025-05-29 14:13:41.261,8.511500358581543,-1.5227999687194824,-14.243731498718262,1260.5072021484375,Follow status: track
2025-05-29 14:13:41.807,8.80370044708252,-1.5937000513076782,-14.283838272094727,1088.6197509765625,Follow status: track
2025-05-29 14:13:41.888,8.80370044708252,-1.5937000513076782,-14.283838272094727,1088.6197509765625,Follow status: track
2025-05-29 14:13:42.317,9.097399711608887,-1.6796000003814697,-19.176897048950195,1088.6197509765625,Follow status: track
2025-05-29 14:13:42.863,9.279399871826172,-1.7652000188827515,-30.5100040435791,1432.39453125,Follow status: track
2025-05-29 14:13:42.888,9.279399871826172,-1.7652000188827515,-30.5100040435791,1432.39453125,Follow status: track
2025-05-29 14:13:43.888,9.279399871826172,-1.7652000188827515,-30.5100040435791,1432.39453125,Follow status: track
2025-05-29 14:13:43.915,9.511199951171875,-1.9399000406265259,-32.899234771728516,1317.802978515625,Follow status: track
2025-05-29 14:13:44.415,9.876899719238281,-2.1693999767303467,-29.667753219604492,1317.802978515625,Follow status: track
2025-05-29 14:13:44.888,9.876899719238281,-2.1693999767303467,-29.667753219604492,1317.802978515625,Follow status: track
2025-05-29 14:13:44.930,10.218500137329102,-2.339099884033203,-24.327787399291992,1317.802978515625,Follow status: track
2025-05-29 14:13:45.453,10.468899726867676,-2.4560999870300293,-27.776994705200195,1317.802978515625,Follow status: track
2025-05-29 14:13:45.887,10.468899726867676,-2.4560999870300293,-27.776994705200195,1317.802978515625,Follow status: track
2025-05-29 14:13:45.961,10.647700309753418,-2.592099905014038,-43.84845733642578,1145.9156494140625,Follow status: track
2025-05-29 14:13:46.490,10.873100280761719,-2.8276000022888184,-50.718223571777344,1260.5072021484375,Follow status: track
2025-05-29 14:13:46.887,10.873100280761719,-2.8276000022888184,-50.718223571777344,1260.5072021484375,Follow status: track
2025-05-29 14:13:47.041,11.147199630737305,-3.2939000129699707,-65.1739501953125,1317.802978515625,Follow status: track
2025-05-29 14:13:47.555,11.280099868774414,-3.753700017929077,-78.47802734375,1260.5072021484375,Follow status: track
2025-05-29 14:13:47.888,11.280099868774414,-3.753700017929077,-78.47802734375,1260.5072021484375,Follow status: track
2025-05-29 14:13:48.054,11.309499740600586,-4.191999912261963,-92.34361267089844,1317.802978515625,Follow status: track
2025-05-29 14:13:48.554,11.246700286865234,-4.680799961090088,-98.9326171875,1317.802978515625,Follow status: track
2025-05-29 14:13:48.888,11.246700286865234,-4.680799961090088,-98.9326171875,1317.802978515625,Follow status: track
2025-05-29 14:13:49.068,11.138299942016602,-5.180500030517578,-103.01207733154297,1260.5072021484375,Follow status: track
2025-05-29 14:13:49.564,11.01550006866455,-5.635799884796143,-105.84822082519531,1317.802978515625,Follow status: track
2025-05-29 14:13:49.888,11.01550006866455,-5.635799884796143,-105.84822082519531,1317.802978515625,Follow status: track
2025-05-29 14:13:50.111,10.883399963378906,-6.075699806213379,-107.92806243896484,1260.5072021484375,Follow status: track
2025-05-29 14:13:50.658,10.735600471496582,-6.446899890899658,-111.6981201171875,1203.21142578125,Follow status: track
2025-05-29 14:13:50.888,10.735600471496582,-6.446899890899658,-111.6981201171875,1203.21142578125,Follow status: track
2025-05-29 14:13:51.173,10.54990005493164,-6.918900012969971,-112.96436309814453,1317.802978515625,Follow status: track
2025-05-29 14:13:51.713,10.332599639892578,-7.373000144958496,-115.6056900024414,1317.802978515625,Follow status: track
2025-05-29 14:13:51.888,10.332599639892578,-7.373000144958496,-115.6056900024414,1317.802978515625,Follow status: track
2025-05-29 14:13:52.253,10.201299667358398,-7.673999786376953,-108.69009399414062,1317.802978515625,Follow status: track
2025-05-29 14:13:52.766,10.116700172424316,-7.9492998123168945,-106.03157043457031,1260.5072021484375,Follow status: track
2025-05-29 14:13:52.888,10.116700172424316,-7.9492998123168945,-106.03157043457031,1260.5072021484375,Follow status: track
2025-05-29 14:13:53.319,9.989899635314941,-8.463899612426758,-103.96891784667969,1317.802978515625,Follow status: track
2025-05-29 14:13:53.815,9.823800086975098,-8.964300155639648,-116.61409759521484,1260.5072021484375,Follow status: track
2025-05-29 14:13:53.888,9.823800086975098,-8.964300155639648,-116.61409759521484,1260.5072021484375,Follow status: track
2025-05-29 14:13:54.319,9.615099906921387,-9.281000137329102,-130.50259399414062,1260.5072021484375,Follow status: track
2025-05-29 14:13:54.877,9.332200050354004,-9.52970027923584,-146.642822265625,1317.802978515625,Follow status: track
2025-05-29 14:13:54.887,9.332200050354004,-9.52970027923584,-146.642822265625,1317.802978515625,Follow status: track
2025-05-29 14:13:55.409,8.990099906921387,-9.696900367736816,-163.65394592285156,1489.6903076171875,Follow status: track
2025-05-29 14:13:55.888,8.990099906921387,-9.696900367736816,-163.65394592285156,1489.6903076171875,Follow status: track
2025-05-29 14:13:55.949,8.732099533081055,-9.746299743652344,-174.1619873046875,1661.57763671875,Follow status: track
2025-05-29 14:13:56.468,8.461700439453125,-9.783499717712402,-175.6631317138672,1432.39453125,Follow status: track
2025-05-29 14:13:56.888,8.461700439453125,-9.783499717712402,-175.6631317138672,1432.39453125,Follow status: track
2025-05-29 14:13:56.957,8.067000389099121,-9.842700004577637,-175.66885375976562,1432.39453125,Follow status: track
2025-05-29 14:13:57.507,7.5441999435424805,-9.9621000289917,-167.9453887939453,1432.39453125,Follow status: track
2025-05-29 14:13:57.888,7.5441999435424805,-9.9621000289917,-167.9453887939453,1432.39453125,Follow status: track
2025-05-29 14:13:58.015,7.031499862670898,-10.02910041809082,-171.990478515625,1375.0987548828125,Follow status: track
2025-05-29 14:13:58.517,6.514200210571289,-10.065899848937988,-179.2784881591797,1375.0987548828125,Follow status: track
2025-05-29 14:13:58.888,6.514200210571289,-10.065899848937988,-179.2784881591797,1375.0987548828125,Follow status: track
2025-05-29 14:13:59.053,5.9375,-10.0556001663208,177.76014709472656,1088.6197509765625,Follow status: track
2025-05-29 14:13:59.614,5.34060001373291,-9.991700172424316,177.7429656982422,1260.5072021484375,Follow status: track
2025-05-29 14:13:59.888,5.34060001373291,-9.991700172424316,177.7429656982422,1260.5072021484375,Follow status: track
2025-05-29 14:14:00.152,4.766499996185303,-9.971799850463867,-177.85182189941406,1317.802978515625,Follow status: track
2025-05-29 14:14:00.709,4.173099994659424,-10.013099670410156,-177.9033966064453,1317.802978515625,Follow status: track
2025-05-29 14:14:00.888,4.173099994659424,-10.013099670410156,-177.9033966064453,1317.802978515625,Follow status: track
2025-05-29 14:14:01.258,3.601300001144409,-10.065199851989746,-173.42286682128906,1031.323974609375,Follow status: track
2025-05-29 14:14:01.811,3.276700019836426,-10.084199905395508,-178.65396118164062,1203.21142578125,Follow status: track
2025-05-29 14:14:01.887,3.276700019836426,-10.084199905395508,-178.65396118164062,1203.21142578125,Follow status: track
2025-05-29 14:14:02.353,2.9516000747680664,-10.082900047302246,173.24525451660156,1317.802978515625,Follow status: track
2025-05-29 14:14:02.865,2.5694000720977783,-10.015600204467773,166.6734161376953,1317.802978515625,Follow status: track
2025-05-29 14:14:02.887,2.5694000720977783,-10.015600204467773,166.6734161376953,1317.802978515625,Follow status: track
2025-05-29 14:14:03.414,2.13700008392334,-9.86929988861084,154.89340209960938,1317.802978515625,Follow status: track
2025-05-29 14:14:03.888,2.13700008392334,-9.86929988861084,154.89340209960938,1317.802978515625,Follow status: track
2025-05-29 14:14:03.919,1.81850004196167,-9.651599884033203,139.4292755126953,1260.5072021484375,Follow status: track
2025-05-29 14:14:04.417,1.4670000076293945,-9.29010009765625,127.50030517578125,1260.5072021484375,Follow status: track
2025-05-29 14:14:04.888,1.4670000076293945,-9.29010009765625,127.50030517578125,1260.5072021484375,Follow status: track
2025-05-29 14:14:04.959,1.2539000511169434,-8.906999588012695,111.73822784423828,1317.802978515625,Follow status: track
2025-05-29 14:14:05.510,1.1028000116348267,-8.509200096130371,107.72179412841797,1317.802978515625,Follow status: track
2025-05-29 14:14:05.888,1.1028000116348267,-8.509200096130371,107.72179412841797,1317.802978515625,Follow status: track
2025-05-29 14:14:06.003,1.007699966430664,-8.030500411987305,97.24812316894531,1317.802978515625,Follow status: track
2025-05-29 14:14:06.513,0.9778000116348267,-7.616600036621094,92.17172241210938,1317.802978515625,Follow status: track
2025-05-29 14:14:06.888,0.9778000116348267,-7.616600036621094,92.17172241210938,1317.802978515625,Follow status: track
2025-05-29 14:14:07.058,0.9577999711036682,-7.1367998123168945,89.89134979248047,1317.802978515625,Follow status: track
2025-05-29 14:14:07.613,0.949999988079071,-6.5640997886657715,90.50440979003906,1260.5072021484375,Follow status: track
2025-05-29 14:14:07.888,0.949999988079071,-6.5640997886657715,90.50440979003906,1260.5072021484375,Follow status: track
2025-05-29 14:14:08.118,0.9578999876976013,-6.100200176239014,86.39057159423828,1260.5072021484375,Follow status: track
2025-05-29 14:14:08.665,1.003100037574768,-5.899799823760986,64.11397552490234,1317.802978515625,Follow status: track
2025-05-29 14:14:08.888,1.003100037574768,-5.899799823760986,64.11397552490234,1317.802978515625,Follow status: track
2025-05-29 14:14:09.212,1.0995999574661255,-5.6194000244140625,71.80879974365234,1317.802978515625,Follow status: track
2025-05-29 14:14:09.713,1.1169999837875366,-5.145500183105469,83.94404602050781,1317.802978515625,Follow status: track
2025-05-29 14:14:09.888,1.1169999837875366,-5.145500183105469,83.94404602050781,1317.802978515625,Follow status: track
2025-05-29 14:14:10.266,1.0153000354766846,-4.614299774169922,106.03730010986328,1031.323974609375,Follow status: track
2025-05-29 14:14:10.742,0.9047999978065491,-4.2846999168396,106.03730010986328,1203.21142578125,Follow status: track
2025-05-29 14:14:10.887,0.9047999978065491,-4.2846999168396,106.03730010986328,1203.21142578125,Follow status: track
2025-05-29 14:14:11.296,0.8658999800682068,-4.013299942016602,93.87340545654297,1317.802978515625,Follow status: track
2025-05-29 14:14:11.820,0.8805999755859375,-3.6322999000549316,84.87796783447266,1317.802978515625,Follow status: track
2025-05-29 14:14:11.887,0.8805999755859375,-3.6322999000549316,84.87796783447266,1317.802978515625,Follow status: track
2025-05-29 14:14:12.365,0.9625999927520752,-3.1045000553131104,81.2110366821289,1317.802978515625,Follow status: track
2025-05-29 14:14:12.854,1.0566999912261963,-2.627700090408325,77.52691650390625,1317.802978515625,Follow status: track
2025-05-29 14:14:12.887,1.0566999912261963,-2.627700090408325,77.52691650390625,1317.802978515625,Follow status: track
2025-05-29 14:14:13.419,1.1236000061035156,-2.2660000324249268,80.20835876464844,1088.6197509765625,Follow status: track
2025-05-29 14:14:13.888,1.1236000061035156,-2.2660000324249268,80.20835876464844,1088.6197509765625,Follow status: track
2025-05-29 14:14:13.923,1.1651999950408936,-1.9970999956130981,81.58345794677734,1088.6197509765625,Follow status: track
2025-05-29 14:14:14.465,1.1969000101089478,-1.6094000339508057,91.29509735107422,1203.21142578125,Follow status: track
2025-05-29 14:14:14.888,1.1969000101089478,-1.6094000339508057,91.29509735107422,1203.21142578125,Follow status: track
2025-05-29 14:14:15.012,1.1653000116348267,-1.3319000005722046,102.90895080566406,1489.6903076171875,Follow status: track
2025-05-29 14:14:15.513,1.1371999979019165,-1.2015000581741333,97.42574310302734,1833.4649658203125,Follow status: track
2025-05-29 14:14:15.888,1.1371999979019165,-1.2015000581741333,97.42574310302734,1833.4649658203125,Follow status: track
2025-05-29 14:14:16.064,1.1205999851226807,-0.9724000096321106,94.38333892822266,1375.0987548828125,Follow status: track
2025-05-29 14:14:16.613,1.0907000303268433,-0.6189000010490417,93.3061752319336,1317.802978515625,Follow status: track
2025-05-29 14:14:16.888,1.0907000303268433,-0.6189000010490417,93.3061752319336,1317.802978515625,Follow status: track
2025-05-29 14:14:17.161,1.051200032234192,-0.21819999814033508,98.10183715820312,1317.802978515625,Follow status: track
2025-05-29 14:14:17.661,0.9718999862670898,0.1379999965429306,105.48152923583984,1432.39453125,Follow status: track
2025-05-29 14:14:17.888,0.9718999862670898,0.1379999965429306,105.48152923583984,1432.39453125,Follow status: track
2025-05-29 14:14:18.162,0.9211999773979187,0.26460000872612,117.01516723632812,2234.535400390625,Follow status: track
2025-05-29 14:14:18.888,0.9211999773979187,0.26460000872612,117.01516723632812,2234.535400390625,Follow status: track
2025-05-29 14:14:19.213,0.9180999994277954,0.27149999141693115,110.15686798095703,2864.7890625,Follow status: track
2025-05-29 14:14:19.703,0.9168999791145325,0.2782000005245209,97.09915924072266,2864.7890625,Follow status: track
2025-05-29 14:14:19.888,0.9168999791145325,0.2782000005245209,97.09915924072266,2864.7890625,Follow status: track
2025-05-29 14:14:20.271,0.9379000067710876,0.2637999951839447,77.69307708740234,2750.197509765625,Follow status: track
2025-05-29 14:14:20.888,0.9379000067710876,0.2637999951839447,77.69307708740234,2750.197509765625,Follow status: track
2025-05-29 14:14:21.888,0.9379000067710876,0.2637999951839447,77.69307708740234,2750.197509765625,Follow status: track
2025-05-29 14:14:22.888,0.9379000067710876,0.2637999951839447,77.69307708740234,2750.197509765625,Follow status: track
2025-05-29 14:14:23.888,0.9379000067710876,0.2637999951839447,77.69307708740234,2750.197509765625,Follow status: track
2025-05-29 14:14:24.888,0.9379000067710876,0.2637999951839447,77.69307708740234,2750.197509765625,Follow status: track
2025-05-29 14:14:25.888,0.9379000067710876,0.2637999951839447,77.69307708740234,2750.197509765625,Follow status: track
2025-05-29 14:14:26.888,0.9379000067710876,0.2637999951839447,77.69307708740234,2750.197509765625,Follow status: track
2025-05-29 14:14:27.888,0.9379000067710876,0.2637999951839447,77.69307708740234,2750.197509765625,Follow status: track
2025-05-29 14:14:28.815,0.9884999990463257,0.5404999852180481,82.25955200195312,1088.6197509765625,Follow status: track
2025-05-29 14:14:28.887,0.9884999990463257,0.5404999852180481,82.25955200195312,1088.6197509765625,Follow status: track
2025-05-29 14:14:29.872,1.0059000253677368,0.7143999934196472,90.93413543701172,1890.7607421875,Follow status: track
2025-05-29 14:14:29.887,1.0059000253677368,0.7143999934196472,90.93413543701172,1890.7607421875,Follow status: track
2025-05-29 14:14:30.369,0.996999979019165,0.7903000116348267,101.71147155761719,1489.6903076171875,Follow status: track
2025-05-29 14:14:30.888,0.996999979019165,0.7903000116348267,101.71147155761719,1489.6903076171875,Follow status: track
2025-05-29 14:14:31.888,0.996999979019165,0.7903000116348267,101.71147155761719,1489.6903076171875,Follow status: track
2025-05-29 14:14:32.888,0.996999979019165,0.7903000116348267,101.71147155761719,1489.6903076171875,Follow status: track
2025-05-29 14:14:33.888,0.996999979019165,0.7903000116348267,101.71147155761719,1489.6903076171875,Follow status: track
2025-05-29 14:14:34.064,0.9829000234603882,0.8532999753952026,108.72447204589844,1718.8734130859375,Follow status: track
2025-05-29 14:14:34.888,0.9829000234603882,0.8532999753952026,108.72447204589844,1718.8734130859375,Follow status: track
2025-05-29 14:14:35.126,0.9501000046730042,0.953499972820282,115.22754669189453,1489.6903076171875,Follow status: track
2025-05-29 14:14:35.888,0.9501000046730042,0.953499972820282,115.22754669189453,1489.6903076171875,Follow status: track
2025-05-29 14:14:36.166,0.9283000230789185,0.9957000017166138,120.84253692626953,2005.352294921875,Follow status: track
2025-05-29 14:14:36.888,0.9283000230789185,0.9957000017166138,120.84253692626953,2005.352294921875,Follow status: track
2025-05-29 14:14:37.888,0.9283000230789185,0.9957000017166138,120.84253692626953,2005.352294921875,Follow status: track
2025-05-29 14:14:38.888,0.9283000230789185,0.9957000017166138,120.84253692626953,2005.352294921875,Follow status: track
2025-05-29 14:14:39.888,0.9283000230789185,0.9957000017166138,120.84253692626953,2005.352294921875,Follow status: track
2025-05-29 14:14:40.887,0.9283000230789185,0.9957000017166138,120.84253692626953,2005.352294921875,Follow status: track
2025-05-29 14:14:41.888,0.9283000230789185,0.9957000017166138,120.84253692626953,2005.352294921875,Follow status: track
2025-05-29 14:14:42.888,0.9283000230789185,0.9957000017166138,120.84253692626953,2005.352294921875,Follow status: track
2025-05-29 14:14:43.887,0.9283000230789185,0.9957000017166138,120.84253692626953,2005.352294921875,Follow status: track
2025-05-29 14:14:44.888,0.9283000230789185,0.9957000017166138,120.84253692626953,2005.352294921875,Follow status: track
2025-05-29 14:14:45.888,0.9283000230789185,0.9957000017166138,120.84253692626953,2005.352294921875,Follow status: track
2025-05-29 14:14:46.888,0.9283000230789185,0.9957000017166138,120.84253692626953,2005.352294921875,Follow status: track
2025-05-29 14:14:47.888,0.9283000230789185,0.9957000017166138,120.84253692626953,2005.352294921875,Follow status: track
2025-05-29 14:14:48.888,0.9283000230789185,0.9957000017166138,120.84253692626953,2005.352294921875,Follow status: track
2025-05-29 14:14:49.888,0.9283000230789185,0.9957000017166138,120.84253692626953,2005.352294921875,Follow status: track
2025-05-29 14:14:50.888,0.9283000230789185,0.9957000017166138,120.84253692626953,2005.352294921875,Follow status: track
2025-05-29 14:14:51.888,0.9283000230789185,0.9957000017166138,120.84253692626953,2005.352294921875,Follow status: track
2025-05-29 14:14:52.054,0.8758000135421753,1.0886000394821167,126.09082794189453,2005.352294921875,Follow status: track
2025-05-29 14:14:52.888,0.8758000135421753,1.0886000394821167,126.09082794189453,2005.352294921875,Follow status: track
2025-05-29 14:14:53.665,0.8787999749183655,1.0851999521255493,116.00103759765625,2005.352294921875,Follow status: track
2025-05-29 14:14:53.888,0.8787999749183655,1.0851999521255493,116.00103759765625,2005.352294921875,Follow status: track
2025-05-29 14:14:54.888,0.8787999749183655,1.0851999521255493,116.00103759765625,2005.352294921875,Follow status: track
2025-05-29 14:14:55.888,0.8787999749183655,1.0851999521255493,116.00103759765625,2005.352294921875,Follow status: track
2025-05-29 14:14:56.888,0.8787999749183655,1.0851999521255493,116.00103759765625,2005.352294921875,Follow status: track
2025-05-29 14:14:57.888,0.8787999749183655,1.0851999521255493,116.00103759765625,2005.352294921875,Follow status: track
2025-05-29 14:14:58.888,0.8787999749183655,1.0851999521255493,116.00103759765625,2005.352294921875,Follow status: track
2025-05-29 14:14:59.888,0.8787999749183655,1.0851999521255493,116.00103759765625,2005.352294921875,Follow status: track
2025-05-29 14:15:00.888,0.8787999749183655,1.0851999521255493,116.00103759765625,2005.352294921875,Follow status: track
2025-05-29 14:15:01.888,0.8787999749183655,1.0851999521255493,116.00103759765625,2005.352294921875,Follow status: track
2025-05-29 14:15:02.888,0.8787999749183655,1.0851999521255493,116.00103759765625,2005.352294921875,Follow status: track
2025-05-29 14:15:03.869,0.8779000043869019,1.093400001525879,121.66759490966797,1833.4649658203125,Follow status: track
2025-05-29 14:15:03.887,0.8779000043869019,1.093400001525879,121.66759490966797,1833.4649658203125,Follow status: track
2025-05-29 14:15:04.888,0.8779000043869019,1.093400001525879,121.66759490966797,1833.4649658203125,Follow status: track
2025-05-29 14:15:05.888,0.8779000043869019,1.093400001525879,121.66759490966797,1833.4649658203125,Follow status: track
2025-05-29 14:15:06.887,0.8779000043869019,1.093400001525879,121.66759490966797,1833.4649658203125,Follow status: track
2025-05-29 14:15:07.888,0.8779000043869019,1.093400001525879,121.66759490966797,1833.4649658203125,Follow status: track
2025-05-29 14:15:08.888,0.8779000043869019,1.093400001525879,121.66759490966797,1833.4649658203125,Follow status: track
2025-05-29 14:15:09.888,0.8779000043869019,1.093400001525879,121.66759490966797,1833.4649658203125,Follow status: track
2025-05-29 14:15:10.888,0.8779000043869019,1.093400001525879,121.66759490966797,1833.4649658203125,Follow status: track
2025-05-29 14:15:11.888,0.8779000043869019,1.093400001525879,121.66759490966797,1833.4649658203125,Follow status: track
2025-05-29 14:15:12.888,0.8779000043869019,1.093400001525879,121.66759490966797,1833.4649658203125,Follow status: track
2025-05-29 14:15:13.888,0.8779000043869019,1.093400001525879,121.66759490966797,1833.4649658203125,Follow status: track
2025-05-29 14:15:14.888,0.8779000043869019,1.093400001525879,121.66759490966797,1833.4649658203125,Follow status: track
2025-05-29 14:15:15.888,0.8779000043869019,1.093400001525879,121.66759490966797,1833.4649658203125,Follow status: track
2025-05-29 14:15:16.888,0.8779000043869019,1.093400001525879,121.66759490966797,1833.4649658203125,Follow status: track
2025-05-29 14:15:17.888,0.8779000043869019,1.093400001525879,121.66759490966797,1833.4649658203125,Follow status: track
2025-05-29 14:15:18.888,0.8779000043869019,1.093400001525879,121.66759490966797,1833.4649658203125,Follow status: track
2025-05-29 14:15:19.888,0.8779000043869019,1.093400001525879,121.66759490966797,1833.4649658203125,Follow status: track
2025-05-29 14:15:20.887,0.8779000043869019,1.093400001525879,121.66759490966797,1833.4649658203125,Follow status: track
2025-05-29 14:15:21.888,0.8779000043869019,1.093400001525879,121.66759490966797,1833.4649658203125,Follow status: track
2025-05-29 14:15:22.888,0.8779000043869019,1.093400001525879,121.66759490966797,1833.4649658203125,Follow status: track
2025-05-29 14:15:23.888,0.8779000043869019,1.093400001525879,121.66759490966797,1833.4649658203125,Follow status: track
2025-05-29 14:15:24.888,0.8779000043869019,1.093400001525879,121.66759490966797,1833.4649658203125,Follow status: track
2025-05-29 14:15:25.888,0.8779000043869019,1.093400001525879,121.66759490966797,1833.4649658203125,Follow status: track
2025-05-29 14:15:26.888,0.8779000043869019,1.093400001525879,121.66759490966797,1833.4649658203125,Follow status: track
2025-05-29 14:15:27.888,0.8779000043869019,1.093400001525879,121.66759490966797,1833.4649658203125,Follow status: track
2025-05-29 14:15:28.888,0.8779000043869019,1.093400001525879,121.66759490966797,1833.4649658203125,Follow status: track
2025-05-29 14:15:29.888,0.8779000043869019,1.093400001525879,121.66759490966797,1833.4649658203125,Follow status: track
2025-05-29 14:15:30.888,0.8779000043869019,1.093400001525879,121.66759490966797,1833.4649658203125,Follow status: track
2025-05-29 14:15:31.888,0.8779000043869019,1.093400001525879,121.66759490966797,1833.4649658203125,Follow status: track
2025-05-29 14:15:32.888,0.8779000043869019,1.093400001525879,121.66759490966797,1833.4649658203125,Follow status: track
2025-05-29 14:15:33.888,0.8779000043869019,1.093400001525879,121.66759490966797,1833.4649658203125,Follow status: track
2025-05-29 14:15:34.888,0.8779000043869019,1.093400001525879,121.66759490966797,1833.4649658203125,Follow status: track
2025-05-29 14:15:35.888,0.8779000043869019,1.093400001525879,121.66759490966797,1833.4649658203125,Follow status: track
2025-05-29 14:15:36.888,0.8779000043869019,1.093400001525879,121.66759490966797,1833.4649658203125,Follow status: track
2025-05-29 14:15:37.888,0.8779000043869019,1.093400001525879,121.66759490966797,1833.4649658203125,Follow status: track
2025-05-29 14:15:38.888,0.8779000043869019,1.093400001525879,121.66759490966797,1833.4649658203125,Follow status: track
2025-05-29 14:15:39.888,0.8779000043869019,1.093400001525879,121.66759490966797,1833.4649658203125,Follow status: track
2025-05-29 14:15:40.888,0.8779000043869019,1.093400001525879,121.66759490966797,1833.4649658203125,Follow status: track
2025-05-29 14:15:41.888,0.8779000043869019,1.093400001525879,121.66759490966797,1833.4649658203125,Follow status: track
2025-05-29 14:15:42.888,0.8779000043869019,1.093400001525879,121.66759490966797,1833.4649658203125,Follow status: track
2025-05-29 14:15:43.888,0.8779000043869019,1.093400001525879,121.66759490966797,1833.4649658203125,Follow status: track
2025-05-29 14:15:44.888,0.8779000043869019,1.093400001525879,121.66759490966797,1833.4649658203125,Follow status: track
2025-05-29 14:15:45.888,0.8779000043869019,1.093400001525879,121.66759490966797,1833.4649658203125,Follow status: track
2025-05-29 14:15:46.888,0.8779000043869019,1.093400001525879,121.66759490966797,1833.4649658203125,Follow status: track
2025-05-29 14:15:47.888,0.8779000043869019,1.093400001525879,121.66759490966797,1833.4649658203125,Follow status: track
2025-05-29 14:15:48.888,0.8779000043869019,1.093400001525879,121.66759490966797,1833.4649658203125,Follow status: track
2025-05-29 14:15:49.888,0.8779000043869019,1.093400001525879,121.66759490966797,1833.4649658203125,Follow status: track
2025-05-29 14:15:50.887,0.8779000043869019,1.093400001525879,121.66759490966797,1833.4649658203125,Follow status: track
2025-05-29 14:15:51.888,0.8779000043869019,1.093400001525879,121.66759490966797,1833.4649658203125,Follow status: track
2025-05-29 14:15:52.888,0.8779000043869019,1.093400001525879,121.66759490966797,1833.4649658203125,Follow status: track
2025-05-29 14:15:53.888,0.8779000043869019,1.093400001525879,121.66759490966797,1833.4649658203125,Follow status: track
2025-05-29 14:15:54.888,0.8779000043869019,1.093400001525879,121.66759490966797,1833.4649658203125,Follow status: track
2025-05-29 14:15:55.888,0.8779000043869019,1.093400001525879,121.66759490966797,1833.4649658203125,Follow status: track
2025-05-29 14:15:56.888,0.8779000043869019,1.093400001525879,121.66759490966797,1833.4649658203125,Follow status: track
2025-05-29 14:15:57.888,0.8779000043869019,1.093400001525879,121.66759490966797,1833.4649658203125,Follow status: track
2025-05-29 14:15:58.888,0.8779000043869019,1.093400001525879,121.66759490966797,1833.4649658203125,Follow status: track
2025-05-29 14:15:59.888,0.8779000043869019,1.093400001525879,121.66759490966797,1833.4649658203125,Follow status: track
2025-05-29 14:16:00.888,0.8779000043869019,1.093400001525879,121.66759490966797,1833.4649658203125,Follow status: track
2025-05-29 14:16:01.888,0.8779000043869019,1.093400001525879,121.66759490966797,1833.4649658203125,Follow status: track
2025-05-29 14:16:02.888,0.8779000043869019,1.093400001525879,121.66759490966797,1833.4649658203125,Follow status: track
2025-05-29 14:16:03.888,0.8779000043869019,1.093400001525879,121.66759490966797,1833.4649658203125,Follow status: track
2025-05-29 14:16:04.888,0.8779000043869019,1.093400001525879,121.66759490966797,1833.4649658203125,Follow status: track
2025-05-29 14:16:05.888,0.8779000043869019,1.093400001525879,121.66759490966797,1833.4649658203125,Follow status: track
2025-05-29 14:16:06.888,0.8779000043869019,1.093400001525879,121.66759490966797,1833.4649658203125,Follow status: track
2025-05-29 14:16:07.888,0.8779000043869019,1.093400001525879,121.66759490966797,1833.4649658203125,Follow status: track
2025-05-29 14:16:08.888,0.8779000043869019,1.093400001525879,121.66759490966797,1833.4649658203125,Follow status: track
2025-05-29 14:16:09.888,0.8779000043869019,1.093400001525879,121.66759490966797,1833.4649658203125,Follow status: track
2025-05-29 14:16:10.888,0.8779000043869019,1.093400001525879,121.66759490966797,1833.4649658203125,Follow status: track
2025-05-29 14:16:11.888,0.8779000043869019,1.093400001525879,121.66759490966797,1833.4649658203125,Follow status: track
2025-05-29 14:16:12.888,0.8779000043869019,1.093400001525879,121.66759490966797,1833.4649658203125,Follow status: track
2025-05-29 14:16:13.888,0.8779000043869019,1.093400001525879,121.66759490966797,1833.4649658203125,Follow status: track
2025-05-29 14:16:14.888,0.8779000043869019,1.093400001525879,121.66759490966797,1833.4649658203125,Follow status: track
2025-05-29 14:16:15.888,0.8779000043869019,1.093400001525879,121.66759490966797,1833.4649658203125,Follow status: track
2025-05-29 14:16:16.888,0.8779000043869019,1.093400001525879,121.66759490966797,1833.4649658203125,Follow status: track
2025-05-29 14:16:17.888,0.8779000043869019,1.093400001525879,121.66759490966797,1833.4649658203125,Follow status: track
2025-05-29 14:16:18.888,0.8779000043869019,1.093400001525879,121.66759490966797,1833.4649658203125,Follow status: track
2025-05-29 14:16:19.888,0.8779000043869019,1.093400001525879,121.66759490966797,1833.4649658203125,Follow status: track
2025-05-29 14:16:20.887,0.8779000043869019,1.093400001525879,121.66759490966797,1833.4649658203125,Follow status: track
2025-05-29 14:16:21.888,0.8779000043869019,1.093400001525879,121.66759490966797,1833.4649658203125,Follow status: track
2025-05-29 14:16:22.888,0.8779000043869019,1.093400001525879,121.66759490966797,1833.4649658203125,Follow status: track
2025-05-29 14:16:23.888,0.8779000043869019,1.093400001525879,121.66759490966797,1833.4649658203125,Follow status: track
2025-05-29 14:16:24.888,0.8779000043869019,1.093400001525879,121.66759490966797,1833.4649658203125,Follow status: track
2025-05-29 14:16:25.888,0.8779000043869019,1.093400001525879,121.66759490966797,1833.4649658203125,Follow status: track
2025-05-29 14:16:26.888,0.8779000043869019,1.093400001525879,121.66759490966797,1833.4649658203125,Follow status: track
2025-05-29 14:16:27.888,0.8779000043869019,1.093400001525879,121.66759490966797,1833.4649658203125,Follow status: track
2025-05-29 14:16:28.888,0.8779000043869019,1.093400001525879,121.66759490966797,1833.4649658203125,Follow status: track
2025-05-29 14:16:29.888,0.8779000043869019,1.093400001525879,121.66759490966797,1833.4649658203125,Follow status: track
2025-05-29 14:16:30.888,0.8779000043869019,1.093400001525879,121.66759490966797,1833.4649658203125,Follow status: track
2025-05-29 14:16:31.888,0.8779000043869019,1.093400001525879,121.66759490966797,1833.4649658203125,Follow status: track
2025-05-29 14:16:32.887,0.8779000043869019,1.093400001525879,121.66759490966797,1833.4649658203125,Follow status: track
2025-05-29 14:16:33.887,0.8779000043869019,1.093400001525879,121.66759490966797,1833.4649658203125,Follow status: track
2025-05-29 14:16:34.888,0.8779000043869019,1.093400001525879,121.66759490966797,1833.4649658203125,Follow status: track
2025-05-29 14:16:35.888,0.8779000043869019,1.093400001525879,121.66759490966797,1833.4649658203125,Follow status: track
2025-05-29 14:16:36.888,0.8779000043869019,1.093400001525879,121.66759490966797,1833.4649658203125,Follow status: track
2025-05-29 14:16:37.888,0.8779000043869019,1.093400001525879,121.66759490966797,1833.4649658203125,Follow status: track
2025-05-29 14:16:38.888,0.8779000043869019,1.093400001525879,121.66759490966797,1833.4649658203125,Follow status: track
2025-05-29 14:16:39.888,0.8779000043869019,1.093400001525879,121.66759490966797,1833.4649658203125,Follow status: track
2025-05-29 14:16:40.888,0.8779000043869019,1.093400001525879,121.66759490966797,1833.4649658203125,Follow status: track
2025-05-29 14:16:41.888,0.8779000043869019,1.093400001525879,121.66759490966797,1833.4649658203125,Follow status: track
2025-05-29 14:16:42.888,0.8779000043869019,1.093400001525879,121.66759490966797,1833.4649658203125,Follow status: track
2025-05-29 14:16:43.888,0.8779000043869019,1.093400001525879,121.66759490966797,1833.4649658203125,Follow status: track
2025-05-29 14:16:44.888,0.8779000043869019,1.093400001525879,121.66759490966797,1833.4649658203125,Follow status: track
2025-05-29 14:16:45.888,0.8779000043869019,1.093400001525879,121.66759490966797,1833.4649658203125,Follow status: track
2025-05-29 14:16:46.888,0.8779000043869019,1.093400001525879,121.66759490966797,1833.4649658203125,Follow status: track
2025-05-29 14:16:47.888,0.8779000043869019,1.093400001525879,121.66759490966797,1833.4649658203125,Follow status: track
2025-05-29 14:16:48.888,0.8779000043869019,1.093400001525879,121.66759490966797,1833.4649658203125,Follow status: track
2025-05-29 14:16:49.888,0.8779000043869019,1.093400001525879,121.66759490966797,1833.4649658203125,Follow status: track
2025-05-29 14:16:50.888,0.8779000043869019,1.093400001525879,121.66759490966797,1833.4649658203125,Follow status: track
2025-05-29 14:16:51.888,0.8779000043869019,1.093400001525879,121.66759490966797,1833.4649658203125,Follow status: track
2025-05-29 14:16:52.888,0.8779000043869019,1.093400001525879,121.66759490966797,1833.4649658203125,Follow status: track
2025-05-29 14:16:53.888,0.8779000043869019,1.093400001525879,121.66759490966797,1833.4649658203125,Follow status: track
2025-05-29 14:16:54.888,0.8779000043869019,1.093400001525879,121.66759490966797,1833.4649658203125,Follow status: track
2025-05-29 14:16:55.887,0.8779000043869019,1.093400001525879,121.66759490966797,1833.4649658203125,Follow status: track
2025-05-29 14:16:56.887,0.8779000043869019,1.093400001525879,121.66759490966797,1833.4649658203125,Follow status: track
2025-05-29 14:16:57.872,0.8841999769210815,1.0928000211715698,111.18246459960938,2635.60595703125,Follow status: track
2025-05-29 14:16:57.887,0.8841999769210815,1.0928000211715698,111.18246459960938,2635.60595703125,Follow status: track
2025-05-29 14:16:58.383,0.8873000144958496,1.0787999629974365,77.49253845214844,1546.986083984375,Follow status: track
2025-05-29 14:16:58.884,0.8822000026702881,1.073799967765808,62.08570861816406,2291.831298828125,Follow status: track
2025-05-29 14:16:58.887,0.8822000026702881,1.073799967765808,62.08570861816406,2291.831298828125,Follow status: track
2025-05-29 14:16:59.888,0.8822000026702881,1.073799967765808,62.08570861816406,2291.831298828125,Follow status: track
2025-05-29 14:17:00.532,0.8766000270843506,1.0815999507904053,74.02615356445312,2864.7890625,Follow status: track
2025-05-29 14:17:00.888,0.8766000270843506,1.0815999507904053,74.02615356445312,2864.7890625,Follow status: track
2025-05-29 14:17:01.888,0.8766000270843506,1.0815999507904053,74.02615356445312,2864.7890625,Follow status: track
2025-05-29 14:17:02.729,0.8737000226974487,1.0850000381469727,83.55443572998047,2864.7890625,Follow status: track
2025-05-29 14:17:02.888,0.8737000226974487,1.0850000381469727,83.55443572998047,2864.7890625,Follow status: track
2025-05-29 14:17:03.224,0.8715000152587891,1.0776000022888184,111.6236343383789,2406.4228515625,Follow status: track
2025-05-29 14:17:03.773,0.8870999813079834,1.0615999698638916,141.9732208251953,1546.986083984375,Follow status: track
2025-05-29 14:17:03.888,0.8870999813079834,1.0615999698638916,141.9732208251953,1546.986083984375,Follow status: track
2025-05-29 14:17:04.830,0.8776999711990356,1.069599986076355,125.93611907958984,1890.7607421875,Follow status: track
2025-05-29 14:17:04.887,0.8776999711990356,1.069599986076355,125.93611907958984,1890.7607421875,Follow status: track
2025-05-29 14:17:05.330,0.8762000203132629,1.0728000402450562,96.53765869140625,1890.7607421875,Follow status: track
2025-05-29 14:17:05.882,0.8773000240325928,1.0776000022888184,86.30463409423828,1604.2818603515625,Follow status: track
2025-05-29 14:17:05.887,0.8773000240325928,1.0776000022888184,86.30463409423828,1604.2818603515625,Follow status: track
2025-05-29 14:17:06.433,0.8772000074386597,1.076799988746643,93.58119201660156,1661.57763671875,Follow status: track
2025-05-29 14:17:06.887,0.8772000074386597,1.076799988746643,93.58119201660156,1661.57763671875,Follow status: track
2025-05-29 14:17:06.959,0.8765000104904175,1.0776000022888184,100.94371032714844,1776.169189453125,Follow status: track
2025-05-29 14:17:07.521,0.9017999768257141,1.0577000379562378,110.39750671386719,2177.239501953125,Follow status: track
2025-05-29 14:17:07.888,0.9017999768257141,1.0577000379562378,110.39750671386719,2177.239501953125,Follow status: track
2025-05-29 14:17:08.888,0.9017999768257141,1.0577000379562378,110.39750671386719,2177.239501953125,Follow status: track
2025-05-29 14:17:09.888,0.9017999768257141,1.0577000379562378,110.39750671386719,2177.239501953125,Follow status: track
2025-05-29 14:17:10.888,0.9017999768257141,1.0577000379562378,110.39750671386719,2177.239501953125,Follow status: track
2025-05-29 14:17:11.888,0.9017999768257141,1.0577000379562378,110.39750671386719,2177.239501953125,Follow status: track
2025-05-29 14:17:12.888,0.9017999768257141,1.0577000379562378,110.39750671386719,2177.239501953125,Follow status: track
2025-05-29 14:17:13.888,0.9017999768257141,1.0577000379562378,110.39750671386719,2177.239501953125,Follow status: track
2025-05-29 14:17:13.980,0.8974000215530396,1.067199945449829,122.24627685546875,2177.239501953125,Follow status: track
2025-05-29 14:17:14.888,0.8974000215530396,1.067199945449829,122.24627685546875,2177.239501953125,Follow status: track
2025-05-29 14:17:15.888,0.8974000215530396,1.067199945449829,122.24627685546875,2177.239501953125,Follow status: track
2025-05-29 14:17:16.888,0.8974000215530396,1.067199945449829,122.24627685546875,2177.239501953125,Follow status: track
2025-05-29 14:17:17.074,0.9014999866485596,1.059000015258789,112.61485290527344,1375.0987548828125,Follow status: track
2025-05-29 14:17:17.628,0.8998000025749207,1.0666999816894531,105.93416595458984,2005.352294921875,Follow status: track
2025-05-29 14:17:17.888,0.8998000025749207,1.0666999816894531,105.93416595458984,2005.352294921875,Follow status: track
2025-05-29 14:17:18.888,0.8998000025749207,1.0666999816894531,105.93416595458984,2005.352294921875,Follow status: track
2025-05-29 14:17:19.888,0.8998000025749207,1.0666999816894531,105.93416595458984,2005.352294921875,Follow status: track
2025-05-29 14:17:20.888,0.8998000025749207,1.0666999816894531,105.93416595458984,2005.352294921875,Follow status: track
2025-05-29 14:17:21.888,0.8998000025749207,1.0666999816894531,105.93416595458984,2005.352294921875,Follow status: track
2025-05-29 14:17:22.888,0.8998000025749207,1.0666999816894531,105.93416595458984,2005.352294921875,Follow status: track
2025-05-29 14:17:22.934,0.8973000049591064,1.0717999935150146,112.65496063232422,2406.4228515625,Follow status: track
2025-05-29 14:17:23.888,0.8973000049591064,1.0717999935150146,112.65496063232422,2406.4228515625,Follow status: track
2025-05-29 14:17:24.888,0.8973000049591064,1.0717999935150146,112.65496063232422,2406.4228515625,Follow status: track
2025-05-29 14:17:25.887,0.8973000049591064,1.0717999935150146,112.65496063232422,2406.4228515625,Follow status: track
2025-05-29 14:17:26.887,0.8973000049591064,1.0717999935150146,112.65496063232422,2406.4228515625,Follow status: track
2025-05-29 14:17:27.888,0.8973000049591064,1.0717999935150146,112.65496063232422,2406.4228515625,Follow status: track
2025-05-29 14:17:28.888,0.8973000049591064,1.0717999935150146,112.65496063232422,2406.4228515625,Follow status: track
2025-05-29 14:17:29.888,0.8973000049591064,1.0717999935150146,112.65496063232422,2406.4228515625,Follow status: track
2025-05-29 14:17:30.887,0.8973000049591064,1.0717999935150146,112.65496063232422,2406.4228515625,Follow status: track
2025-05-29 14:17:31.887,0.8973000049591064,1.0717999935150146,112.65496063232422,2406.4228515625,Follow status: track
2025-05-29 14:17:32.888,0.8973000049591064,1.0717999935150146,112.65496063232422,2406.4228515625,Follow status: track
2025-05-29 14:17:33.888,0.8973000049591064,1.0717999935150146,112.65496063232422,2406.4228515625,Follow status: track
